tenant,prefecture,municipality,keyword,hit_count,error,search_url,search_date
muroran,北海道,室蘭市議会,ストーマ,8,,https://ssp.kaigiroku.net/tenant/muroran/MinuteSearch.html,2026-09-21
muroran,北海道,室蘭市議会,オストメイト,44,,https://ssp.kaigiroku.net/tenant/muroran/MinuteSearch.html,2026-09-21
muroran,北海道,室蘭市議会,蓄便袋,0,,https://ssp.kaigiroku.net/tenant/muroran/MinuteSearch.html,2026-09-21
muroran,北海道,室蘭市議会,蓄尿袋,0,,https://ssp.kaigiroku.net/tenant/muroran/MinuteSearch.html,2026-09-21
tomakomai,北海道,苫小牧市議会,ストーマ,0,,https://ssp.kaigiroku.net/tenant/tomakomai/MinuteSearch.html,2026-09-21
tomakomai,北海道,苫小牧市議会,オストメイト,52,,https://ssp.kaigiroku.net/tenant/tomakomai/MinuteSearch.html,2026-09-21
tomakomai,北海道,苫小牧市議会,蓄便袋,0,,https://ssp.kaigiroku.net/tenant/tomakomai/MinuteSearch.html,2026-09-21
tomakomai,北海道,苫小牧市議会,蓄尿袋,0,,https://ssp.kaigiroku.net/tenant/tomakomai/MinuteSearch.html,2026-09-21
ashibetsu,北海道,芦別市議会,ストーマ,5,,https://ssp.kaigiroku.net/tenant/ashibetsu/MinuteSearch.html,2026-09-21
ashibetsu,北海道,芦別市議会,オストメイト,31,,https://ssp.kaigiroku.net/tenant/ashibetsu/MinuteSearch.html,2026-09-21
ashibetsu,北海道,芦別市議会,蓄便袋,0,,https://ssp.kaigiroku.net/tenant/ashibetsu/MinuteSearch.html,2026-09-21
ashibetsu,北海道,芦別市議会,蓄尿袋,0,,https://ssp.kaigiroku.net/tenant/ashibetsu/MinuteSearch.html,2026-09-21
chitose,北海道,千歳市議会,ストーマ,7,,https://ssp.kaigiroku.net/tenant/chitose/MinuteSearch.html,2026-09-21
chitose,北海道,千歳市議会,オストメイト,20,,https://ssp.kaigiroku.net/tenant/chitose/MinuteSearch.html,2026-09-21
chitose,北海道,千歳市議会,蓄便袋,0,,https://ssp.kaigiroku.net/tenant/chitose/MinuteSearch.html,2026-09-21
chitose,北海道,千歳市議会,蓄尿袋,0,,https://ssp.kaigiroku.net/tenant/chitose/MinuteSearch.html,2026-09-21
noboribetsu,北海道,登別市議会,ストーマ,3,,https://ssp.kaigiroku.net/tenant/noboribetsu/MinuteSearch.html,2026-09-21
noboribetsu,北海道,登別市議会,オストメイト,21,,https://ssp.kaigiroku.net/tenant/noboribetsu/MinuteSearch.html,2026-09-21
noboribetsu,北海道,登別市議会,蓄便袋,0,,https://ssp.kaigiroku.net/tenant/noboribetsu/MinuteSearch.html,2026-09-21
noboribetsu,北海道,登別市議会,蓄尿袋,0,,https://ssp.kaigiroku.net/tenant/noboribetsu/MinuteSearch.html,2026-09-21
eniwa,北海道,恵庭市議会,ストーマ,0,,https://ssp.kaigiroku.net/tenant/eniwa/MinuteSearch.html,2026-09-21
eniwa,北海道,恵庭市議会,オストメイト,5,,https://ssp.kaigiroku.net/tenant/eniwa/MinuteSearch.html,2026-09-21
eniwa,北海道,恵庭市議会,蓄便袋,0,,https://ssp.kaigiroku.net/tenant/eniwa/MinuteSearch.html,2026-09-21
eniwa,北海道,恵庭市議会,蓄尿袋,0,,https://ssp.kaigiroku.net/tenant/eniwa/MinuteSearch.html,2026-09-21
date,北海道,伊達市議会,ストーマ,3,,https://ssp.kaigiroku.net/tenant/date/MinuteSearch.html,2026-09-21
date,北海道,伊達市議会,オストメイト,1,,https://ssp.kaigiroku.net/tenant/date/MinuteSearch.html,2026-09-21
date,北海道,伊達市議会,蓄便袋,0,,https://ssp.kaigiroku.net/tenant/date/MinuteSearch.html,2026-09-21
date,北海道,伊達市議会,蓄尿袋,0,,https://ssp.kaigiroku.net/tenant/date/MinuteSearch.html,2026-09-21
kitahiroshima,北海道,北広島市議会,ストーマ,7,,https://ssp.kaigiroku.net/tenant/kitahiroshima/MinuteSearch.html,2026-09-21
kitahiroshima,北海道,北広島市議会,オストメイト,16,,https://ssp.kaigiroku.net/tenant/kitahiroshima/MinuteSearch.html,2026-09-21
kitahiroshima,北海道,北広島市議会,蓄便袋,0,,https://ssp.kaigiroku.net/tenant/kitahiroshima/MinuteSearch.html,2026-09-21
kitahiroshima,北海道,北広島市議会,蓄尿袋,0,,https://ssp.kaigiroku.net/tenant/kitahiroshima/MinuteSearch.html,2026-09-21
ishikari,北海道,石狩市議会,ストーマ,0,,https://ssp.kaigiroku.net/tenant/ishikari/MinuteSearch.html,2026-09-21
ishikari,北海道,石狩市議会,オストメイト,6,,https://ssp.kaigiroku.net/tenant/ishikari/MinuteSearch.html,2026-09-21
ishikari,北海道,石狩市議会,蓄便袋,0,,https://ssp.kaigiroku.net/tenant/ishikari/MinuteSearch.html,2026-09-21
ishikari,北海道,石狩市議会,蓄尿袋,0,,https://ssp.kaigiroku.net/tenant/ishikari/MinuteSearch.html,2026-09-21
atsuma,北海道,厚真町議会,ストーマ,0,,https://ssp.kaigiroku.net/tenant/atsuma/MinuteSearch.html,2026-09-21
atsuma,北海道,厚真町議会,オストメイト,2,,https://ssp.kaigiroku.net/tenant/atsuma/MinuteSearch.html,2026-09-21
atsuma,北海道,厚真町議会,蓄便袋,0,,https://ssp.kaigiroku.net/tenant/atsuma/MinuteSearch.html,2026-09-21
atsuma,北海道,厚真町議会,蓄尿袋,0,,https://ssp.kaigiroku.net/tenant/atsuma/MinuteSearch.html,2026-09-21
hidakahokkaido,北海道,日高町議会,ストーマ,0,,https://ssp.kaigiroku.net/tenant/hidakahokkaido/MinuteSearch.html,2026-09-21
hidakahokkaido,北海道,日高町議会,オストメイト,0,,https://ssp.kaigiroku.net/tenant/hidakahokkaido/MinuteSearch.html,2026-09-21
hidakahokkaido,北海道,日高町議会,蓄便袋,0,,https://ssp.kaigiroku.net/tenant/hidakahokkaido/MinuteSearch.html,2026-09-21
hidakahokkaido,北海道,日高町議会,蓄尿袋,0,,https://ssp.kaigiroku.net/tenant/hidakahokkaido/MinuteSearch.html,2026-09-21
hakodate,北海道,函館市議会,ストーマ,0,,https://ssp.kaigiroku.net/tenant/hakodate/MinuteSearch.html,2026-09-21
hakodate,北海道,函館市議会,オストメイト,30,,https://ssp.kaigiroku.net/tenant/hakodate/MinuteSearch.html,2026-09-21
hakodate,北海道,函館市議会,蓄便袋,0,,https://ssp.kaigiroku.net/tenant/hakodate/MinuteSearch.html,2026-09-21
hakodate,北海道,函館市議会,蓄尿袋,0,,https://ssp.kaigiroku.net/tenant/hakodate/MinuteSearch.html,2026-09-21
hokuto,北海道,北斗市議会,ストーマ,1,,https://ssp.kaigiroku.net/tenant/hokuto/MinuteSearch.html,2026-09-21
hokuto,北海道,北斗市議会,オストメイト,6,,https://ssp.kaigiroku.net/tenant/hokuto/MinuteSearch.html,2026-09-21
hokuto,北海道,北斗市議会,蓄便袋,1,,https://ssp.kaigiroku.net/tenant/hokuto/MinuteSearch.html,2026-09-21
hokuto,北海道,北斗市議会,蓄尿袋,1,,https://ssp.kaigiroku.net/tenant/hokuto/MinuteSearch.html,2026-09-21
asahikawa,北海道,旭川市議会,ストーマ,20,,https://ssp.kaigiroku.net/tenant/asahikawa/MinuteSearch.html,2026-09-21
asahikawa,北海道,旭川市議会,オストメイト,68,,https://ssp.kaigiroku.net/tenant/asahikawa/MinuteSearch.html,2026-09-21
asahikawa,北海道,旭川市議会,蓄便袋,0,,https://ssp.kaigiroku.net/tenant/asahikawa/MinuteSearch.html,2026-09-21
asahikawa,北海道,旭川市議会,蓄尿袋,0,,https://ssp.kaigiroku.net/tenant/asahikawa/MinuteSearch.html,2026-09-21
wakkanai,北海道,稚内市議会,ストーマ,1,,https://ssp.kaigiroku.net/tenant/wakkanai/MinuteSearch.html,2026-09-21
wakkanai,北海道,稚内市議会,オストメイト,2,,https://ssp.kaigiroku.net/tenant/wakkanai/MinuteSearch.html,2026-09-21
wakkanai,北海道,稚内市議会,蓄便袋,0,,https://ssp.kaigiroku.net/tenant/wakkanai/MinuteSearch.html,2026-09-21
wakkanai,北海道,稚内市議会,蓄尿袋,0,,https://ssp.kaigiroku.net/tenant/wakkanai/MinuteSearch.html,2026-09-21
nayoro,北海道,名寄市議会,ストーマ,1,,https://ssp.kaigiroku.net/tenant/nayoro/MinuteSearch.html,2026-09-21
nayoro,北海道,名寄市議会,オストメイト,2,,https://ssp.kaigiroku.net/tenant/nayoro/MinuteSearch.html,2026-09-21
nayoro,北海道,名寄市議会,蓄便袋,0,,https://ssp.kaigiroku.net/tenant/nayoro/MinuteSearch.html,2026-09-21
nayoro,北海道,名寄市議会,蓄尿袋,0,,https://ssp.kaigiroku.net/tenant/nayoro/MinuteSearch.html,2026-09-21
kushiro,北海道,釧路市議会,ストーマ,10,,https://ssp.kaigiroku.net/tenant/kushiro/MinuteSearch.html,2026-09-21
kushiro,北海道,釧路市議会,オストメイト,34,,https://ssp.kaigiroku.net/tenant/kushiro/MinuteSearch.html,2026-09-21
kushiro,北海道,釧路市議会,蓄便袋,3,,https://ssp.kaigiroku.net/tenant/kushiro/MinuteSearch.html,2026-09-21
kushiro,北海道,釧路市議会,蓄尿袋,0,,https://ssp.kaigiroku.net/tenant/kushiro/MinuteSearch.html,2026-09-21
obihiro,北海道,帯広市議会,ストーマ,3,,https://ssp.kaigiroku.net/tenant/obihiro/MinuteSearch.html,2026-09-21
obihiro,北海道,帯広市議会,オストメイト,70,,https://ssp.kaigiroku.net/tenant/obihiro/MinuteSearch.html,2026-09-21
obihiro,北海道,帯広市議会,蓄便袋,0,,https://ssp.kaigiroku.net/tenant/obihiro/MinuteSearch.html,2026-09-21
obihiro,北海道,帯広市議会,蓄尿袋,0,,https://ssp.kaigiroku.net/tenant/obihiro/MinuteSearch.html,2026-09-21
kitami,北海道,北見市議会,ストーマ,5,,https://ssp.kaigiroku.net/tenant/kitami/MinuteSearch.html,2026-09-21
kitami,北海道,北見市議会,オストメイト,23,,https://ssp.kaigiroku.net/tenant/kitami/MinuteSearch.html,2026-09-21
kitami,北海道,北見市議会,蓄便袋,0,,https://ssp.kaigiroku.net/tenant/kitami/MinuteSearch.html,2026-09-21
kitami,北海道,北見市議会,蓄尿袋,0,,https://ssp.kaigiroku.net/tenant/kitami/MinuteSearch.html,2026-09-21
nemuro,北海道,根室市議会,ストーマ,11,,https://ssp.kaigiroku.net/tenant/nemuro/MinuteSearch.html,2026-09-21
nemuro,北海道,根室市議会,オストメイト,6,,https://ssp.kaigiroku.net/tenant/nemuro/MinuteSearch.html,2026-09-21
nemuro,北海道,根室市議会,蓄便袋,0,,https://ssp.kaigiroku.net/tenant/nemuro/MinuteSearch.html,2026-09-21
nemuro,北海道,根室市議会,蓄尿袋,0,,https://ssp.kaigiroku.net/tenant/nemuro/MinuteSearch.html,2026-09-21
memuro,北海道,芽室町議会,ストーマ,2,,https://ssp.kaigiroku.net/tenant/memuro/MinuteSearch.html,2026-09-21
memuro,北海道,芽室町議会,オストメイト,21,,https://ssp.kaigiroku.net/tenant/memuro/MinuteSearch.html,2026-09-21
memuro,北海道,芽室町議会,蓄便袋,1,,https://ssp.kaigiroku.net/tenant/memuro/MinuteSearch.html,2026-09-21
memuro,北海道,芽室町議会,蓄尿袋,1,,https://ssp.kaigiroku.net/tenant/memuro/MinuteSearch.html,2026-09-21
towada,青森県,十和田市議会,ストーマ,7,,https://ssp.kaigiroku.net/tenant/towada/MinuteSearch.html,2026-09-21
towada,青森県,十和田市議会,オストメイト,16,,https://ssp.kaigiroku.net/tenant/towada/MinuteSearch.html,2026-09-21
towada,青森県,十和田市議会,蓄便袋,0,,https://ssp.kaigiroku.net/tenant/towada/MinuteSearch.html,2026-09-21
towada,青森県,十和田市議会,蓄尿袋,0,,https://ssp.kaigiroku.net/tenant/towada/MinuteSearch.html,2026-09-21
mutsu,青森県,むつ市議会,ストーマ,0,,https://ssp.kaigiroku.net/tenant/mutsu/MinuteSearch.html,2026-09-21
mutsu,青森県,むつ市議会,オストメイト,1,,https://ssp.kaigiroku.net/tenant/mutsu/MinuteSearch.html,2026-09-21
mutsu,青森県,むつ市議会,蓄便袋,0,,https://ssp.kaigiroku.net/tenant/mutsu/MinuteSearch.html,2026-09-21
mutsu,青森県,むつ市議会,蓄尿袋,0,,https://ssp.kaigiroku.net/tenant/mutsu/MinuteSearch.html,2026-09-21
morioka,岩手県,盛岡市議会,ストーマ,8,,https://ssp.kaigiroku.net/tenant/morioka/MinuteSearch.html,2026-09-21
morioka,岩手県,盛岡市議会,オストメイト,77,,https://ssp.kaigiroku.net/tenant/morioka/MinuteSearch.html,2026-09-21
morioka,岩手県,盛岡市議会,蓄便袋,1,,https://ssp.kaigiroku.net/tenant/morioka/MinuteSearch.html,2026-09-21
morioka,岩手県,盛岡市議会,蓄尿袋,0,,https://ssp.kaigiroku.net/tenant/morioka/MinuteSearch.html,2026-09-21
miyako,岩手県,宮古市議会,ストーマ,1,,https://ssp.kaigiroku.net/tenant/miyako/MinuteSearch.html,2026-09-21
miyako,岩手県,宮古市議会,オストメイト,17,,https://ssp.kaigiroku.net/tenant/miyako/MinuteSearch.html,2026-09-21
miyako,岩手県,宮古市議会,蓄便袋,0,,https://ssp.kaigiroku.net/tenant/miyako/MinuteSearch.html,2026-09-21
miyako,岩手県,宮古市議会,蓄尿袋,0,,https://ssp.kaigiroku.net/tenant/miyako/MinuteSearch.html,2026-09-21
ofunato,岩手県,大船渡市議会,ストーマ,6,,https://ssp.kaigiroku.net/tenant/ofunato/MinuteSearch.html,2026-09-21
ofunato,岩手県,大船渡市議会,オストメイト,18,,https://ssp.kaigiroku.net/tenant/ofunato/MinuteSearch.html,2026-09-21
ofunato,岩手県,大船渡市議会,蓄便袋,0,,https://ssp.kaigiroku.net/tenant/ofunato/MinuteSearch.html,2026-09-21
ofunato,岩手県,大船渡市議会,蓄尿袋,0,,https://ssp.kaigiroku.net/tenant/ofunato/MinuteSearch.html,2026-09-21
hanamaki,岩手県,花巻市議会,ストーマ,16,,https://ssp.kaigiroku.net/tenant/hanamaki/MinuteSearch.html,2026-09-21
hanamaki,岩手県,花巻市議会,オストメイト,34,,https://ssp.kaigiroku.net/tenant/hanamaki/MinuteSearch.html,2026-09-21
hanamaki,岩手県,花巻市議会,蓄便袋,0,,https://ssp.kaigiroku.net/tenant/hanamaki/MinuteSearch.html,2026-09-21
hanamaki,岩手県,花巻市議会,蓄尿袋,0,,https://ssp.kaigiroku.net/tenant/hanamaki/MinuteSearch.html,2026-09-21
kitakami,岩手県,北上市議会,ストーマ,10,,https://ssp.kaigiroku.net/tenant/kitakami/MinuteSearch.html,2026-09-21
kitakami,岩手県,北上市議会,オストメイト,31,,https://ssp.kaigiroku.net/tenant/kitakami/MinuteSearch.html,2026-09-21
kitakami,岩手県,北上市議会,蓄便袋,0,,https://ssp.kaigiroku.net/tenant/kitakami/MinuteSearch.html,2026-09-21
kitakami,岩手県,北上市議会,蓄尿袋,0,,https://ssp.kaigiroku.net/tenant/kitakami/MinuteSearch.html,2026-09-21
kuji,岩手県,久慈市議会,ストーマ,4,,https://ssp.kaigiroku.net/tenant/kuji/MinuteSearch.html,2026-09-21
kuji,岩手県,久慈市議会,オストメイト,24,,https://ssp.kaigiroku.net/tenant/kuji/MinuteSearch.html,2026-09-21
kuji,岩手県,久慈市議会,蓄便袋,0,,https://ssp.kaigiroku.net/tenant/kuji/MinuteSearch.html,2026-09-21
kuji,岩手県,久慈市議会,蓄尿袋,0,,https://ssp.kaigiroku.net/tenant/kuji/MinuteSearch.html,2026-09-21
rikuzentakata,岩手県,陸前高田市議会,ストーマ,4,,https://ssp.kaigiroku.net/tenant/rikuzentakata/MinuteSearch.html,2026-09-21
rikuzentakata,岩手県,陸前高田市議会,オストメイト,9,,https://ssp.kaigiroku.net/tenant/rikuzentakata/MinuteSearch.html,2026-09-21
rikuzentakata,岩手県,陸前高田市議会,蓄便袋,0,,https://ssp.kaigiroku.net/tenant/rikuzentakata/MinuteSearch.html,2026-09-21
rikuzentakata,岩手県,陸前高田市議会,蓄尿袋,0,,https://ssp.kaigiroku.net/tenant/rikuzentakata/MinuteSearch.html,2026-09-21
kamaishi,岩手県,釜石市議会,ストーマ,18,,https://ssp.kaigiroku.net/tenant/kamaishi/MinuteSearch.html,2026-09-21
kamaishi,岩手県,釜石市議会,オストメイト,32,,https://ssp.kaigiroku.net/tenant/kamaishi/MinuteSearch.html,2026-09-21
kamaishi,岩手県,釜石市議会,蓄便袋,1,,https://ssp.kaigiroku.net/tenant/kamaishi/MinuteSearch.html,2026-09-21
kamaishi,岩手県,釜石市議会,蓄尿袋,1,,https://ssp.kaigiroku.net/tenant/kamaishi/MinuteSearch.html,2026-09-21
ninohe,岩手県,二戸市議会,ストーマ,0,,https://ssp.kaigiroku.net/tenant/ninohe/MinuteSearch.html,2026-09-21
ninohe,岩手県,二戸市議会,オストメイト,11,,https://ssp.kaigiroku.net/tenant/ninohe/MinuteSearch.html,2026-09-21
ninohe,岩手県,二戸市議会,蓄便袋,1,,https://ssp.kaigiroku.net/tenant/ninohe/MinuteSearch.html,2026-09-21
ninohe,岩手県,二戸市議会,蓄尿袋,1,,https://ssp.kaigiroku.net/tenant/ninohe/MinuteSearch.html,2026-09-21
oshu,岩手県,奥州市議会,ストーマ,8,,https://ssp.kaigiroku.net/tenant/oshu/MinuteSearch.html,2026-09-21
oshu,岩手県,奥州市議会,オストメイト,39,,https://ssp.kaigiroku.net/tenant/oshu/MinuteSearch.html,2026-09-21
oshu,岩手県,奥州市議会,蓄便袋,0,,https://ssp.kaigiroku.net/tenant/oshu/MinuteSearch.html,2026-09-21
oshu,岩手県,奥州市議会,蓄尿袋,0,,https://ssp.kaigiroku.net/tenant/oshu/MinuteSearch.html,2026-09-21
esashi,岩手県,奥州市議会,ストーマ,1,,https://ssp.kaigiroku.net/tenant/esashi/MinuteSearch.html,2026-09-21
esashi,岩手県,奥州市議会,オストメイト,3,,https://ssp.kaigiroku.net/tenant/esashi/MinuteSearch.html,2026-09-21
esashi,岩手県,奥州市議会,蓄便袋,1,,https://ssp.kaigiroku.net/tenant/esashi/MinuteSearch.html,2026-09-21
esashi,岩手県,奥州市議会,蓄尿袋,1,,https://ssp.kaigiroku.net/tenant/esashi/MinuteSearch.html,2026-09-21
isawa,岩手県,奥州市議会,ストーマ,0,,https://ssp.kaigiroku.net/tenant/isawa/MinuteSearch.html,2026-09-21
isawa,岩手県,奥州市議会,オストメイト,0,,https://ssp.kaigiroku.net/tenant/isawa/MinuteSearch.html,2026-09-21
isawa,岩手県,奥州市議会,蓄便袋,0,,https://ssp.kaigiroku.net/tenant/isawa/MinuteSearch.html,2026-09-21
isawa,岩手県,奥州市議会,蓄尿袋,0,,https://ssp.kaigiroku.net/tenant/isawa/MinuteSearch.html,2026-09-21
takizawa,岩手県,滝沢市議会,ストーマ,7,,https://ssp.kaigiroku.net/tenant/takizawa/MinuteSearch.html,2026-09-21
takizawa,岩手県,滝沢市議会,オストメイト,29,,https://ssp.kaigiroku.net/tenant/takizawa/MinuteSearch.html,2026-09-21
takizawa,岩手県,滝沢市議会,蓄便袋,0,,https://ssp.kaigiroku.net/tenant/takizawa/MinuteSearch.html,2026-09-21
takizawa,岩手県,滝沢市議会,蓄尿袋,0,,https://ssp.kaigiroku.net/tenant/takizawa/MinuteSearch.html,2026-09-21
shizukuishi,岩手県,雫石町議会,ストーマ,0,,https://ssp.kaigiroku.net/tenant/shizukuishi/MinuteSearch.html,2026-09-21
shizukuishi,岩手県,雫石町議会,オストメイト,0,,https://ssp.kaigiroku.net/tenant/shizukuishi/MinuteSearch.html,2026-09-21
shizukuishi,岩手県,雫石町議会,蓄便袋,0,,https://ssp.kaigiroku.net/tenant/shizukuishi/MinuteSearch.html,2026-09-21
shizukuishi,岩手県,雫石町議会,蓄尿袋,0,,https://ssp.kaigiroku.net/tenant/shizukuishi/MinuteSearch.html,2026-09-21
shiwa,岩手県,紫波町議会,ストーマ,2,,https://ssp.kaigiroku.net/tenant/shiwa/MinuteSearch.html,2026-09-21
shiwa,岩手県,紫波町議会,オストメイト,8,,https://ssp.kaigiroku.net/tenant/shiwa/MinuteSearch.html,2026-09-21
shiwa,岩手県,紫波町議会,蓄便袋,0,,https://ssp.kaigiroku.net/tenant/shiwa/MinuteSearch.html,2026-09-21
shiwa,岩手県,紫波町議会,蓄尿袋,0,,https://ssp.kaigiroku.net/tenant/shiwa/MinuteSearch.html,2026-09-21
kanegasaki,岩手県,金ケ崎町議会,ストーマ,10,,https://ssp.kaigiroku.net/tenant/kanegasaki/MinuteSearch.html,2026-09-21
kanegasaki,岩手県,金ケ崎町議会,オストメイト,9,,https://ssp.kaigiroku.net/tenant/kanegasaki/MinuteSearch.html,2026-09-21
kanegasaki,岩手県,金ケ崎町議会,蓄便袋,0,,https://ssp.kaigiroku.net/tenant/kanegasaki/MinuteSearch.html,2026-09-21
kanegasaki,岩手県,金ケ崎町議会,蓄尿袋,0,,https://ssp.kaigiroku.net/tenant/kanegasaki/MinuteSearch.html,2026-09-21
prefmiyagi,宮城県,宮城県議会,ストーマ,4,,https://ssp.kaigiroku.net/tenant/prefmiyagi/MinuteSearch.html,2026-09-21
prefmiyagi,宮城県,宮城県議会,オストメイト,34,,https://ssp.kaigiroku.net/tenant/prefmiyagi/MinuteSearch.html,2026-09-21
prefmiyagi,宮城県,宮城県議会,蓄便袋,1,,https://ssp.kaigiroku.net/tenant/prefmiyagi/MinuteSearch.html,2026-09-21
prefmiyagi,宮城県,宮城県議会,蓄尿袋,1,,https://ssp.kaigiroku.net/tenant/prefmiyagi/MinuteSearch.html,2026-09-21
ishinomaki,宮城県,石巻市議会,ストーマ,8,,https://ssp.kaigiroku.net/tenant/ishinomaki/MinuteSearch.html,2026-09-21
ishinomaki,宮城県,石巻市議会,オストメイト,52,,https://ssp.kaigiroku.net/tenant/ishinomaki/MinuteSearch.html,2026-09-21
ishinomaki,宮城県,石巻市議会,蓄便袋,-1,"Page.goto: Timeout 20000ms exceeded.
Call log:
  - navigating to ""https://ssp.kaigiroku.net/tenant/i",https://ssp.kaigiroku.net/tenant/ishinomaki/MinuteSearch.html,2026-09-21
ishinomaki,宮城県,石巻市議会,蓄尿袋,-1,"Page.goto: Timeout 20000ms exceeded.
Call log:
  - navigating to ""https://ssp.kaigiroku.net/tenant/i",https://ssp.kaigiroku.net/tenant/ishinomaki/MinuteSearch.html,2026-09-21
higashimatsushima,宮城県,東松島市議会,ストーマ,1,,https://ssp.kaigiroku.net/tenant/higashimatsushima/MinuteSearch.html,2026-09-21
higashimatsushima,宮城県,東松島市議会,オストメイト,3,,https://ssp.kaigiroku.net/tenant/higashimatsushima/MinuteSearch.html,2026-09-21
higashimatsushima,宮城県,東松島市議会,蓄便袋,0,,https://ssp.kaigiroku.net/tenant/higashimatsushima/MinuteSearch.html,2026-09-21
higashimatsushima,宮城県,東松島市議会,蓄尿袋,-1,"Page.goto: Timeout 20000ms exceeded.
Call log:
  - navigating to ""https://ssp.kaigiroku.net/tenant/h",https://ssp.kaigiroku.net/tenant/higashimatsushima/MinuteSearch.html,2026-09-21
oosaki,宮城県,大崎市議会,ストーマ,8,,https://ssp.kaigiroku.net/tenant/oosaki/MinuteSearch.html,2026-09-21
oosaki,宮城県,大崎市議会,オストメイト,5,,https://ssp.kaigiroku.net/tenant/oosaki/MinuteSearch.html,2026-09-21
oosaki,宮城県,大崎市議会,蓄便袋,-1,"Page.goto: Timeout 20000ms exceeded.
Call log:
  - navigating to ""https://ssp.kaigiroku.net/tenant/o",https://ssp.kaigiroku.net/tenant/oosaki/MinuteSearch.html,2026-09-21
oosaki,宮城県,大崎市議会,蓄尿袋,-1,"Page.goto: Timeout 20000ms exceeded.
Call log:
  - navigating to ""https://ssp.kaigiroku.net/tenant/o",https://ssp.kaigiroku.net/tenant/oosaki/MinuteSearch.html,2026-09-21
prefakita,秋田県,秋田県議会,ストーマ,8,,https://ssp.kaigiroku.net/tenant/prefakita/MinuteSearch.html,2026-09-21
prefakita,秋田県,秋田県議会,オストメイト,8,,https://ssp.kaigiroku.net/tenant/prefakita/MinuteSearch.html,2026-09-21
prefakita,秋田県,秋田県議会,蓄便袋,0,,https://ssp.kaigiroku.net/tenant/prefakita/MinuteSearch.html,2026-09-21
prefakita,秋田県,秋田県議会,蓄尿袋,0,,https://ssp.kaigiroku.net/tenant/prefakita/MinuteSearch.html,2026-09-21
noshiro,秋田県,能代市議会,ストーマ,1,,https://ssp.kaigiroku.net/tenant/noshiro/MinuteSearch.html,2026-09-21
noshiro,秋田県,能代市議会,オストメイト,2,,https://ssp.kaigiroku.net/tenant/noshiro/MinuteSearch.html,2026-09-21
noshiro,秋田県,能代市議会,蓄便袋,0,,https://ssp.kaigiroku.net/tenant/noshiro/MinuteSearch.html,2026-09-21
noshiro,秋田県,能代市議会,蓄尿袋,0,,https://ssp.kaigiroku.net/tenant/noshiro/MinuteSearch.html,2026-09-21
oga,秋田県,男鹿市議会,ストーマ,0,,https://ssp.kaigiroku.net/tenant/oga/MinuteSearch.html,2026-09-21
oga,秋田県,男鹿市議会,オストメイト,3,,https://ssp.kaigiroku.net/tenant/oga/MinuteSearch.html,2026-09-21
oga,秋田県,男鹿市議会,蓄便袋,0,,https://ssp.kaigiroku.net/tenant/oga/MinuteSearch.html,2026-09-21
oga,秋田県,男鹿市議会,蓄尿袋,0,,https://ssp.kaigiroku.net/tenant/oga/MinuteSearch.html,2026-09-21
yuzawa,秋田県,湯沢市議会,ストーマ,6,,https://ssp.kaigiroku.net/tenant/yuzawa/MinuteSearch.html,2026-09-21
yuzawa,秋田県,湯沢市議会,オストメイト,8,,https://ssp.kaigiroku.net/tenant/yuzawa/MinuteSearch.html,2026-09-21
yuzawa,秋田県,湯沢市議会,蓄便袋,0,,https://ssp.kaigiroku.net/tenant/yuzawa/MinuteSearch.html,2026-09-21
yuzawa,秋田県,湯沢市議会,蓄尿袋,-1,"Page.goto: Timeout 20000ms exceeded.
Call log:
  - navigating to ""https://ssp.kaigiroku.net/tenant/y",https://ssp.kaigiroku.net/tenant/yuzawa/MinuteSearch.html,2026-09-21
yurihonjo,秋田県,由利本荘市議会,ストーマ,2,,https://ssp.kaigiroku.net/tenant/yurihonjo/MinuteSearch.html,2026-09-21
yurihonjo,秋田県,由利本荘市議会,オストメイト,6,,https://ssp.kaigiroku.net/tenant/yurihonjo/MinuteSearch.html,2026-09-21
yurihonjo,秋田県,由利本荘市議会,蓄便袋,0,,https://ssp.kaigiroku.net/tenant/yurihonjo/MinuteSearch.html,2026-09-21
yurihonjo,秋田県,由利本荘市議会,蓄尿袋,0,,https://ssp.kaigiroku.net/tenant/yurihonjo/MinuteSearch.html,2026-09-21
kitaakita,秋田県,北秋田市議会,ストーマ,1,,https://ssp.kaigiroku.net/tenant/kitaakita/MinuteSearch.html,2026-09-21
kitaakita,秋田県,北秋田市議会,オストメイト,3,,https://ssp.kaigiroku.net/tenant/kitaakita/MinuteSearch.html,2026-09-21
kitaakita,秋田県,北秋田市議会,蓄便袋,0,,https://ssp.kaigiroku.net/tenant/kitaakita/MinuteSearch.html,2026-09-21
kitaakita,秋田県,北秋田市議会,蓄尿袋,0,,https://ssp.kaigiroku.net/tenant/kitaakita/MinuteSearch.html,2026-09-21
semboku,秋田県,仙北市議会,ストーマ,0,,https://ssp.kaigiroku.net/tenant/semboku/MinuteSearch.html,2026-09-21
semboku,秋田県,仙北市議会,オストメイト,5,,https://ssp.kaigiroku.net/tenant/semboku/MinuteSearch.html,2026-09-21
semboku,秋田県,仙北市議会,蓄便袋,0,,https://ssp.kaigiroku.net/tenant/semboku/MinuteSearch.html,2026-09-21
semboku,秋田県,仙北市議会,蓄尿袋,0,,https://ssp.kaigiroku.net/tenant/semboku/MinuteSearch.html,2026-09-21
prefyamagata,山形県,山形県議会,ストーマ,0,,https://ssp.kaigiroku.net/tenant/prefyamagata/MinuteSearch.html,2026-09-21
prefyamagata,山形県,山形県議会,オストメイト,0,,https://ssp.kaigiroku.net/tenant/prefyamagata/MinuteSearch.html,2026-09-21
prefyamagata,山形県,山形県議会,蓄便袋,0,,https://ssp.kaigiroku.net/tenant/prefyamagata/MinuteSearch.html,2026-09-21
prefyamagata,山形県,山形県議会,蓄尿袋,0,,https://ssp.kaigiroku.net/tenant/prefyamagata/MinuteSearch.html,2026-09-21
tsuruoka,山形県,鶴岡市議会,ストーマ,15,,https://ssp.kaigiroku.net/tenant/tsuruoka/MinuteSearch.html,2026-09-21
tsuruoka,山形県,鶴岡市議会,オストメイト,7,,https://ssp.kaigiroku.net/tenant/tsuruoka/MinuteSearch.html,2026-09-21
tsuruoka,山形県,鶴岡市議会,蓄便袋,2,,https://ssp.kaigiroku.net/tenant/tsuruoka/MinuteSearch.html,2026-09-21
tsuruoka,山形県,鶴岡市議会,蓄尿袋,2,,https://ssp.kaigiroku.net/tenant/tsuruoka/MinuteSearch.html,2026-09-21
sakata,山形県,酒田市議会,ストーマ,2,,https://ssp.kaigiroku.net/tenant/sakata/MinuteSearch.html,2026-09-21
sakata,山形県,酒田市議会,オストメイト,5,,https://ssp.kaigiroku.net/tenant/sakata/MinuteSearch.html,2026-09-21
sakata,山形県,酒田市議会,蓄便袋,0,,https://ssp.kaigiroku.net/tenant/sakata/MinuteSearch.html,2026-09-21
sakata,山形県,酒田市議会,蓄尿袋,0,,https://ssp.kaigiroku.net/tenant/sakata/MinuteSearch.html,2026-09-21
murayama,山形県,村山市議会,ストーマ,1,,https://ssp.kaigiroku.net/tenant/murayama/MinuteSearch.html,2026-09-21
murayama,山形県,村山市議会,オストメイト,2,,https://ssp.kaigiroku.net/tenant/murayama/MinuteSearch.html,2026-09-21
murayama,山形県,村山市議会,蓄便袋,0,,https://ssp.kaigiroku.net/tenant/murayama/MinuteSearch.html,2026-09-21
murayama,山形県,村山市議会,蓄尿袋,0,,https://ssp.kaigiroku.net/tenant/murayama/MinuteSearch.html,2026-09-21
tendo,山形県,天童市議会,ストーマ,7,,https://ssp.kaigiroku.net/tenant/tendo/MinuteSearch.html,2026-09-22
tendo,山形県,天童市議会,オストメイト,-1,"Page.goto: Timeout 20000ms exceeded.
Call log:
  - navigating to ""https://ssp.kaigiroku.net/tenant/t",https://ssp.kaigiroku.net/tenant/tendo/MinuteSearch.html,2026-09-22
tendo,山形県,天童市議会,蓄便袋,-1,"Page.goto: Timeout 20000ms exceeded.
Call log:
  - navigating to ""https://ssp.kaigiroku.net/tenant/t",https://ssp.kaigiroku.net/tenant/tendo/MinuteSearch.html,2026-09-22
tendo,山形県,天童市議会,蓄尿袋,-1,"Page.goto: Timeout 20000ms exceeded.
Call log:
  - navigating to ""https://ssp.kaigiroku.net/tenant/t",https://ssp.kaigiroku.net/tenant/tendo/MinuteSearch.html,2026-09-22
shounai,山形県,庄内町議会,ストーマ,10,,https://ssp.kaigiroku.net/tenant/shounai/MinuteSearch.html,2026-09-22
shounai,山形県,庄内町議会,オストメイト,12,,https://ssp.kaigiroku.net/tenant/shounai/MinuteSearch.html,2026-09-22
shounai,山形県,庄内町議会,蓄便袋,0,,https://ssp.kaigiroku.net/tenant/shounai/MinuteSearch.html,2026-09-22
shounai,山形県,庄内町議会,蓄尿袋,-1,"Page.goto: Timeout 20000ms exceeded.
Call log:
  - navigating to ""https://ssp.kaigiroku.net/tenant/s",https://ssp.kaigiroku.net/tenant/shounai/MinuteSearch.html,2026-09-22
fukushima,福島県,福島県議会,ストーマ,1,,https://ssp.kaigiroku.net/tenant/fukushima/MinuteSearch.html,2026-09-22
fukushima,福島県,福島県議会,オストメイト,3,,https://ssp.kaigiroku.net/tenant/fukushima/MinuteSearch.html,2026-09-22
fukushima,福島県,福島県議会,蓄便袋,-1,"Page.goto: Timeout 20000ms exceeded.
Call log:
  - navigating to ""https://ssp.kaigiroku.net/tenant/f",https://ssp.kaigiroku.net/tenant/fukushima/MinuteSearch.html,2026-09-22
fukushima,福島県,福島県議会,蓄尿袋,-1,"Page.goto: Timeout 20000ms exceeded.
Call log:
  - navigating to ""https://ssp.kaigiroku.net/tenant/f",https://ssp.kaigiroku.net/tenant/fukushima/MinuteSearch.html,2026-09-22
aizuwakamatsu,福島県,会津若松市議会,ストーマ,3,,https://ssp.kaigiroku.net/tenant/aizuwakamatsu/MinuteSearch.html,2026-09-22
aizuwakamatsu,福島県,会津若松市議会,オストメイト,11,,https://ssp.kaigiroku.net/tenant/aizuwakamatsu/MinuteSearch.html,2026-09-22
aizuwakamatsu,福島県,会津若松市議会,蓄便袋,0,,https://ssp.kaigiroku.net/tenant/aizuwakamatsu/MinuteSearch.html,2026-09-22
aizuwakamatsu,福島県,会津若松市議会,蓄尿袋,0,,https://ssp.kaigiroku.net/tenant/aizuwakamatsu/MinuteSearch.html,2026-09-22
koriyama,福島県,郡山市議会,ストーマ,-1,"Page.goto: net::ERR_TIMED_OUT at https://ssp.kaigiroku.net/tenant/koriyama/MinuteSearch.html
Call lo",https://ssp.kaigiroku.net/tenant/koriyama/MinuteSearch.html,2026-09-22
koriyama,福島県,郡山市議会,オストメイト,-1,"Page.goto: net::ERR_TIMED_OUT at https://ssp.kaigiroku.net/tenant/koriyama/MinuteSearch.html
Call lo",https://ssp.kaigiroku.net/tenant/koriyama/MinuteSearch.html,2026-09-22
koriyama,福島県,郡山市議会,蓄便袋,-1,"Page.goto: net::ERR_TIMED_OUT at https://ssp.kaigiroku.net/tenant/koriyama/MinuteSearch.html
Call lo",https://ssp.kaigiroku.net/tenant/koriyama/MinuteSearch.html,2026-09-22
koriyama,福島県,郡山市議会,蓄尿袋,-1,"Page.goto: net::ERR_TIMED_OUT at https://ssp.kaigiroku.net/tenant/koriyama/MinuteSearch.html
Call lo",https://ssp.kaigiroku.net/tenant/koriyama/MinuteSearch.html,2026-09-22
iwaki,福島県,いわき市議会,ストーマ,-1,"Page.goto: net::ERR_TIMED_OUT at https://ssp.kaigiroku.net/tenant/iwaki/MinuteSearch.html
Call log:
",https://ssp.kaigiroku.net/tenant/iwaki/MinuteSearch.html,2026-09-22
iwaki,福島県,いわき市議会,オストメイト,-1,"Page.goto: net::ERR_TIMED_OUT at https://ssp.kaigiroku.net/tenant/iwaki/MinuteSearch.html
Call log:
",https://ssp.kaigiroku.net/tenant/iwaki/MinuteSearch.html,2026-09-22
iwaki,福島県,いわき市議会,蓄便袋,-1,"Page.goto: net::ERR_TIMED_OUT at https://ssp.kaigiroku.net/tenant/iwaki/MinuteSearch.html
Call log:
",https://ssp.kaigiroku.net/tenant/iwaki/MinuteSearch.html,2026-09-22
iwaki,福島県,いわき市議会,蓄尿袋,-1,"Page.goto: net::ERR_TIMED_OUT at https://ssp.kaigiroku.net/tenant/iwaki/MinuteSearch.html
Call log:
",https://ssp.kaigiroku.net/tenant/iwaki/MinuteSearch.html,2026-09-22
shirakawa,福島県,白河市議会,ストーマ,-1,"Page.goto: net::ERR_TIMED_OUT at https://ssp.kaigiroku.net/tenant/shirakawa/MinuteSearch.html
Call l",https://ssp.kaigiroku.net/tenant/shirakawa/MinuteSearch.html,2026-09-22
shirakawa,福島県,白河市議会,オストメイト,-1,"Page.goto: net::ERR_TIMED_OUT at https://ssp.kaigiroku.net/tenant/shirakawa/MinuteSearch.html
Call l",https://ssp.kaigiroku.net/tenant/shirakawa/MinuteSearch.html,2026-09-22
shirakawa,福島県,白河市議会,蓄便袋,-1,"Page.goto: net::ERR_TIMED_OUT at https://ssp.kaigiroku.net/tenant/shirakawa/MinuteSearch.html
Call l",https://ssp.kaigiroku.net/tenant/shirakawa/MinuteSearch.html,2026-09-22
shirakawa,福島県,白河市議会,蓄尿袋,-1,"Page.goto: net::ERR_TIMED_OUT at https://ssp.kaigiroku.net/tenant/shirakawa/MinuteSearch.html
Call l",https://ssp.kaigiroku.net/tenant/shirakawa/MinuteSearch.html,2026-09-22
soma,福島県,相馬市議会,ストーマ,-1,"Page.goto: net::ERR_TIMED_OUT at https://ssp.kaigiroku.net/tenant/soma/MinuteSearch.html
Call log:
 ",https://ssp.kaigiroku.net/tenant/soma/MinuteSearch.html,2026-09-22
soma,福島県,相馬市議会,オストメイト,-1,"Page.goto: net::ERR_TIMED_OUT at https://ssp.kaigiroku.net/tenant/soma/MinuteSearch.html
Call log:
 ",https://ssp.kaigiroku.net/tenant/soma/MinuteSearch.html,2026-09-22
soma,福島県,相馬市議会,蓄便袋,-1,"Page.goto: net::ERR_TIMED_OUT at https://ssp.kaigiroku.net/tenant/soma/MinuteSearch.html
Call log:
 ",https://ssp.kaigiroku.net/tenant/soma/MinuteSearch.html,2026-09-22
soma,福島県,相馬市議会,蓄尿袋,-1,"Page.goto: net::ERR_TIMED_OUT at https://ssp.kaigiroku.net/tenant/soma/MinuteSearch.html
Call log:
 ",https://ssp.kaigiroku.net/tenant/soma/MinuteSearch.html,2026-09-22
nihonmatsu,福島県,二本松市議会,ストーマ,-1,"Page.goto: net::ERR_TIMED_OUT at https://ssp.kaigiroku.net/tenant/nihonmatsu/MinuteSearch.html
Call ",https://ssp.kaigiroku.net/tenant/nihonmatsu/MinuteSearch.html,2026-09-22
nihonmatsu,福島県,二本松市議会,オストメイト,-1,"Page.goto: net::ERR_TIMED_OUT at https://ssp.kaigiroku.net/tenant/nihonmatsu/MinuteSearch.html
Call ",https://ssp.kaigiroku.net/tenant/nihonmatsu/MinuteSearch.html,2026-09-22
nihonmatsu,福島県,二本松市議会,蓄便袋,-1,"Page.goto: net::ERR_TIMED_OUT at https://ssp.kaigiroku.net/tenant/nihonmatsu/MinuteSearch.html
Call ",https://ssp.kaigiroku.net/tenant/nihonmatsu/MinuteSearch.html,2026-09-22
nihonmatsu,福島県,二本松市議会,蓄尿袋,-1,"Page.goto: net::ERR_TIMED_OUT at https://ssp.kaigiroku.net/tenant/nihonmatsu/MinuteSearch.html
Call ",https://ssp.kaigiroku.net/tenant/nihonmatsu/MinuteSearch.html,2026-09-22
tamura,福島県,田村市議会,ストーマ,-1,"Page.query_selector: Execution context was destroyed, most likely because of a navigation",https://ssp.kaigiroku.net/tenant/tamura/MinuteSearch.html,2026-09-22
tamura,福島県,田村市議会,オストメイト,0,,https://ssp.kaigiroku.net/tenant/tamura/MinuteSearch.html,2026-09-22
tamura,福島県,田村市議会,蓄便袋,0,,https://ssp.kaigiroku.net/tenant/tamura/MinuteSearch.html,2026-09-22
tamura,福島県,田村市議会,蓄尿袋,0,,https://ssp.kaigiroku.net/tenant/tamura/MinuteSearch.html,2026-09-22
minamisoma,福島県,南相馬市議会,ストーマ,3,,https://ssp.kaigiroku.net/tenant/minamisoma/MinuteSearch.html,2026-09-22
minamisoma,福島県,南相馬市議会,オストメイト,9,,https://ssp.kaigiroku.net/tenant/minamisoma/MinuteSearch.html,2026-09-22
minamisoma,福島県,南相馬市議会,蓄便袋,0,,https://ssp.kaigiroku.net/tenant/minamisoma/MinuteSearch.html,2026-09-22
minamisoma,福島県,南相馬市議会,蓄尿袋,-1,"Page.goto: Timeout 20000ms exceeded.
Call log:
  - navigating to ""https://ssp.kaigiroku.net/tenant/m",https://ssp.kaigiroku.net/tenant/minamisoma/MinuteSearch.html,2026-09-22
datecity,福島県,伊達市議会,ストーマ,1,,https://ssp.kaigiroku.net/tenant/datecity/MinuteSearch.html,2026-09-22
datecity,福島県,伊達市議会,オストメイト,11,,https://ssp.kaigiroku.net/tenant/datecity/MinuteSearch.html,2026-09-22
datecity,福島県,伊達市議会,蓄便袋,0,,https://ssp.kaigiroku.net/tenant/datecity/MinuteSearch.html,2026-09-22
datecity,福島県,伊達市議会,蓄尿袋,-1,"Page.goto: Timeout 20000ms exceeded.
Call log:
  - navigating to ""https://ssp.kaigiroku.net/tenant/d",https://ssp.kaigiroku.net/tenant/datecity/MinuteSearch.html,2026-09-22
motomiya,福島県,本宮市議会,ストーマ,1,,https://ssp.kaigiroku.net/tenant/motomiya/MinuteSearch.html,2026-09-22
motomiya,福島県,本宮市議会,オストメイト,9,,https://ssp.kaigiroku.net/tenant/motomiya/MinuteSearch.html,2026-09-22
motomiya,福島県,本宮市議会,蓄便袋,-1,"Page.goto: Timeout 20000ms exceeded.
Call log:
  - navigating to ""https://ssp.kaigiroku.net/tenant/m",https://ssp.kaigiroku.net/tenant/motomiya/MinuteSearch.html,2026-09-22
motomiya,福島県,本宮市議会,蓄尿袋,-1,"Page.goto: Timeout 20000ms exceeded.
Call log:
  - navigating to ""https://ssp.kaigiroku.net/tenant/m",https://ssp.kaigiroku.net/tenant/motomiya/MinuteSearch.html,2026-09-22
kunimi,福島県,国見町議会,ストーマ,0,,https://ssp.kaigiroku.net/tenant/kunimi/MinuteSearch.html,2026-09-22
kunimi,福島県,国見町議会,オストメイト,0,,https://ssp.kaigiroku.net/tenant/kunimi/MinuteSearch.html,2026-09-22
kunimi,福島県,国見町議会,蓄便袋,0,,https://ssp.kaigiroku.net/tenant/kunimi/MinuteSearch.html,2026-09-22
kunimi,福島県,国見町議会,蓄尿袋,0,,https://ssp.kaigiroku.net/tenant/kunimi/MinuteSearch.html,2026-09-22
izumizaki,福島県,泉崎村議会,ストーマ,0,,https://ssp.kaigiroku.net/tenant/izumizaki/MinuteSearch.html,2026-09-22
izumizaki,福島県,泉崎村議会,オストメイト,0,,https://ssp.kaigiroku.net/tenant/izumizaki/MinuteSearch.html,2026-09-22
izumizaki,福島県,泉崎村議会,蓄便袋,0,,https://ssp.kaigiroku.net/tenant/izumizaki/MinuteSearch.html,2026-09-22
izumizaki,福島県,泉崎村議会,蓄尿袋,0,,https://ssp.kaigiroku.net/tenant/izumizaki/MinuteSearch.html,2026-09-22
nakajima,福島県,中島村議会,ストーマ,0,,https://ssp.kaigiroku.net/tenant/nakajima/MinuteSearch.html,2026-09-22
nakajima,福島県,中島村議会,オストメイト,0,,https://ssp.kaigiroku.net/tenant/nakajima/MinuteSearch.html,2026-09-22
nakajima,福島県,中島村議会,蓄便袋,0,,https://ssp.kaigiroku.net/tenant/nakajima/MinuteSearch.html,2026-09-22
nakajima,福島県,中島村議会,蓄尿袋,0,,https://ssp.kaigiroku.net/tenant/nakajima/MinuteSearch.html,2026-09-22
tanagura,福島県,棚倉町議会,ストーマ,11,,https://ssp.kaigiroku.net/tenant/tanagura/MinuteSearch.html,2026-09-22
tanagura,福島県,棚倉町議会,オストメイト,0,,https://ssp.kaigiroku.net/tenant/tanagura/MinuteSearch.html,2026-09-22
tanagura,福島県,棚倉町議会,蓄便袋,0,,https://ssp.kaigiroku.net/tenant/tanagura/MinuteSearch.html,2026-09-22
tanagura,福島県,棚倉町議会,蓄尿袋,0,,https://ssp.kaigiroku.net/tenant/tanagura/MinuteSearch.html,2026-09-22
yamatsuri,福島県,矢祭町議会,ストーマ,0,,https://ssp.kaigiroku.net/tenant/yamatsuri/MinuteSearch.html,2026-09-22
yamatsuri,福島県,矢祭町議会,オストメイト,2,,https://ssp.kaigiroku.net/tenant/yamatsuri/MinuteSearch.html,2026-09-22
yamatsuri,福島県,矢祭町議会,蓄便袋,-1,"Page.goto: Timeout 20000ms exceeded.
Call log:
  - navigating to ""https://ssp.kaigiroku.net/tenant/y",https://ssp.kaigiroku.net/tenant/yamatsuri/MinuteSearch.html,2026-09-22
yamatsuri,福島県,矢祭町議会,蓄尿袋,-1,"Page.goto: Timeout 20000ms exceeded.
Call log:
  - navigating to ""https://ssp.kaigiroku.net/tenant/y",https://ssp.kaigiroku.net/tenant/yamatsuri/MinuteSearch.html,2026-09-22
hanawa,福島県,塙町議会,ストーマ,1,,https://ssp.kaigiroku.net/tenant/hanawa/MinuteSearch.html,2026-09-22
hanawa,福島県,塙町議会,オストメイト,1,,https://ssp.kaigiroku.net/tenant/hanawa/MinuteSearch.html,2026-09-22
hanawa,福島県,塙町議会,蓄便袋,0,,https://ssp.kaigiroku.net/tenant/hanawa/MinuteSearch.html,2026-09-22
hanawa,福島県,塙町議会,蓄尿袋,-1,"Page.goto: Timeout 20000ms exceeded.
Call log:
  - navigating to ""https://ssp.kaigiroku.net/tenant/h",https://ssp.kaigiroku.net/tenant/hanawa/MinuteSearch.html,2026-09-22
hirata,福島県,平田村議会,ストーマ,0,,https://ssp.kaigiroku.net/tenant/hirata/MinuteSearch.html,2026-09-22
hirata,福島県,平田村議会,オストメイト,0,,https://ssp.kaigiroku.net/tenant/hirata/MinuteSearch.html,2026-09-22
hirata,福島県,平田村議会,蓄便袋,0,,https://ssp.kaigiroku.net/tenant/hirata/MinuteSearch.html,2026-09-22
hirata,福島県,平田村議会,蓄尿袋,0,,https://ssp.kaigiroku.net/tenant/hirata/MinuteSearch.html,2026-09-22
kawauchi,福島県,川内村議会,ストーマ,0,,https://ssp.kaigiroku.net/tenant/kawauchi/MinuteSearch.html,2026-09-22
kawauchi,福島県,川内村議会,オストメイト,0,,https://ssp.kaigiroku.net/tenant/kawauchi/MinuteSearch.html,2026-09-22
kawauchi,福島県,川内村議会,蓄便袋,0,,https://ssp.kaigiroku.net/tenant/kawauchi/MinuteSearch.html,2026-09-22
kawauchi,福島県,川内村議会,蓄尿袋,0,,https://ssp.kaigiroku.net/tenant/kawauchi/MinuteSearch.html,2026-09-22
mito,茨城県,水戸市議会,ストーマ,4,,https://ssp.kaigiroku.net/tenant/mito/MinuteSearch.html,2026-09-22
mito,茨城県,水戸市議会,オストメイト,9,,https://ssp.kaigiroku.net/tenant/mito/MinuteSearch.html,2026-09-22
mito,茨城県,水戸市議会,蓄便袋,1,,https://ssp.kaigiroku.net/tenant/mito/MinuteSearch.html,2026-09-22
mito,茨城県,水戸市議会,蓄尿袋,0,,https://ssp.kaigiroku.net/tenant/mito/MinuteSearch.html,2026-09-22
tsuchiura,茨城県,土浦市議会,ストーマ,1,,https://ssp.kaigiroku.net/tenant/tsuchiura/MinuteSearch.html,2026-09-22
tsuchiura,茨城県,土浦市議会,オストメイト,10,,https://ssp.kaigiroku.net/tenant/tsuchiura/MinuteSearch.html,2026-09-22
tsuchiura,茨城県,土浦市議会,蓄便袋,0,,https://ssp.kaigiroku.net/tenant/tsuchiura/MinuteSearch.html,2026-09-22
tsuchiura,茨城県,土浦市議会,蓄尿袋,0,,https://ssp.kaigiroku.net/tenant/tsuchiura/MinuteSearch.html,2026-09-22
koga,茨城県,古河市議会,ストーマ,2,,https://ssp.kaigiroku.net/tenant/koga/MinuteSearch.html,2026-09-22
koga,茨城県,古河市議会,オストメイト,5,,https://ssp.kaigiroku.net/tenant/koga/MinuteSearch.html,2026-09-22
koga,茨城県,古河市議会,蓄便袋,2,,https://ssp.kaigiroku.net/tenant/koga/MinuteSearch.html,2026-09-22
koga,茨城県,古河市議会,蓄尿袋,3,,https://ssp.kaigiroku.net/tenant/koga/MinuteSearch.html,2026-09-22
yuki,茨城県,結城市議会,ストーマ,1,,https://ssp.kaigiroku.net/tenant/yuki/MinuteSearch.html,2026-09-22
yuki,茨城県,結城市議会,オストメイト,9,,https://ssp.kaigiroku.net/tenant/yuki/MinuteSearch.html,2026-09-22
yuki,茨城県,結城市議会,蓄便袋,1,,https://ssp.kaigiroku.net/tenant/yuki/MinuteSearch.html,2026-09-22
yuki,茨城県,結城市議会,蓄尿袋,1,,https://ssp.kaigiroku.net/tenant/yuki/MinuteSearch.html,2026-09-22
ryugasaki,茨城県,龍ケ崎市議会,ストーマ,0,,https://ssp.kaigiroku.net/tenant/ryugasaki/MinuteSearch.html,2026-09-22
ryugasaki,茨城県,龍ケ崎市議会,オストメイト,9,,https://ssp.kaigiroku.net/tenant/ryugasaki/MinuteSearch.html,2026-09-22
ryugasaki,茨城県,龍ケ崎市議会,蓄便袋,0,,https://ssp.kaigiroku.net/tenant/ryugasaki/MinuteSearch.html,2026-09-22
ryugasaki,茨城県,龍ケ崎市議会,蓄尿袋,0,,https://ssp.kaigiroku.net/tenant/ryugasaki/MinuteSearch.html,2026-09-22
takahagi,茨城県,高萩市議会,ストーマ,0,,https://ssp.kaigiroku.net/tenant/takahagi/MinuteSearch.html,2026-09-22
takahagi,茨城県,高萩市議会,オストメイト,2,,https://ssp.kaigiroku.net/tenant/takahagi/MinuteSearch.html,2026-09-22
takahagi,茨城県,高萩市議会,蓄便袋,0,,https://ssp.kaigiroku.net/tenant/takahagi/MinuteSearch.html,2026-09-22
takahagi,茨城県,高萩市議会,蓄尿袋,0,,https://ssp.kaigiroku.net/tenant/takahagi/MinuteSearch.html,2026-09-22
kitaibaraki,茨城県,北茨城市議会,ストーマ,1,,https://ssp.kaigiroku.net/tenant/kitaibaraki/MinuteSearch.html,2026-09-22
kitaibaraki,茨城県,北茨城市議会,オストメイト,1,,https://ssp.kaigiroku.net/tenant/kitaibaraki/MinuteSearch.html,2026-09-22
kitaibaraki,茨城県,北茨城市議会,蓄便袋,0,,https://ssp.kaigiroku.net/tenant/kitaibaraki/MinuteSearch.html,2026-09-22
kitaibaraki,茨城県,北茨城市議会,蓄尿袋,0,,https://ssp.kaigiroku.net/tenant/kitaibaraki/MinuteSearch.html,2026-09-22
kashima,茨城県,鹿嶋市議会,ストーマ,3,,https://ssp.kaigiroku.net/tenant/kashima/MinuteSearch.html,2026-09-22
kashima,茨城県,鹿嶋市議会,オストメイト,34,,https://ssp.kaigiroku.net/tenant/kashima/MinuteSearch.html,2026-09-22
kashima,茨城県,鹿嶋市議会,蓄便袋,0,,https://ssp.kaigiroku.net/tenant/kashima/MinuteSearch.html,2026-09-22
kashima,茨城県,鹿嶋市議会,蓄尿袋,0,,https://ssp.kaigiroku.net/tenant/kashima/MinuteSearch.html,2026-09-22
itako,茨城県,潮来市議会,ストーマ,0,,https://ssp.kaigiroku.net/tenant/itako/MinuteSearch.html,2026-09-22
itako,茨城県,潮来市議会,オストメイト,-1,"Page.goto: Timeout 20000ms exceeded.
Call log:
  - navigating to ""https://ssp.kaigiroku.net/tenant/i",https://ssp.kaigiroku.net/tenant/itako/MinuteSearch.html,2026-09-22
itako,茨城県,潮来市議会,蓄便袋,-1,"Page.goto: Timeout 20000ms exceeded.
Call log:
  - navigating to ""https://ssp.kaigiroku.net/tenant/i",https://ssp.kaigiroku.net/tenant/itako/MinuteSearch.html,2026-09-22
itako,茨城県,潮来市議会,蓄尿袋,-1,"Page.goto: Timeout 20000ms exceeded.
Call log:
  - navigating to ""https://ssp.kaigiroku.net/tenant/i",https://ssp.kaigiroku.net/tenant/itako/MinuteSearch.html,2026-09-22
hitachiomiya,茨城県,常陸大宮市議会,ストーマ,2,,https://ssp.kaigiroku.net/tenant/hitachiomiya/MinuteSearch.html,2026-09-22
hitachiomiya,茨城県,常陸大宮市議会,オストメイト,7,,https://ssp.kaigiroku.net/tenant/hitachiomiya/MinuteSearch.html,2026-09-22
hitachiomiya,茨城県,常陸大宮市議会,蓄便袋,0,,https://ssp.kaigiroku.net/tenant/hitachiomiya/MinuteSearch.html,2026-09-22
hitachiomiya,茨城県,常陸大宮市議会,蓄尿袋,-1,"Page.goto: Timeout 20000ms exceeded.
Call log:
  - navigating to ""https://ssp.kaigiroku.net/tenant/h",https://ssp.kaigiroku.net/tenant/hitachiomiya/MinuteSearch.html,2026-09-22
chikusei,茨城県,筑西市議会,ストーマ,4,,https://ssp.kaigiroku.net/tenant/chikusei/MinuteSearch.html,2026-09-22
chikusei,茨城県,筑西市議会,オストメイト,2,,https://ssp.kaigiroku.net/tenant/chikusei/MinuteSearch.html,2026-09-22
chikusei,茨城県,筑西市議会,蓄便袋,0,,https://ssp.kaigiroku.net/tenant/chikusei/MinuteSearch.html,2026-09-22
chikusei,茨城県,筑西市議会,蓄尿袋,0,,https://ssp.kaigiroku.net/tenant/chikusei/MinuteSearch.html,2026-09-22
bando,茨城県,坂東市議会,ストーマ,0,,https://ssp.kaigiroku.net/tenant/bando/MinuteSearch.html,2026-09-22
bando,茨城県,坂東市議会,オストメイト,2,,https://ssp.kaigiroku.net/tenant/bando/MinuteSearch.html,2026-09-22
bando,茨城県,坂東市議会,蓄便袋,0,,https://ssp.kaigiroku.net/tenant/bando/MinuteSearch.html,2026-09-22
bando,茨城県,坂東市議会,蓄尿袋,0,,https://ssp.kaigiroku.net/tenant/bando/MinuteSearch.html,2026-09-22
kasumigaura,茨城県,かすみがうら市議会,ストーマ,1,,https://ssp.kaigiroku.net/tenant/kasumigaura/MinuteSearch.html,2026-09-22
kasumigaura,茨城県,かすみがうら市議会,オストメイト,0,,https://ssp.kaigiroku.net/tenant/kasumigaura/MinuteSearch.html,2026-09-22
kasumigaura,茨城県,かすみがうら市議会,蓄便袋,0,,https://ssp.kaigiroku.net/tenant/kasumigaura/MinuteSearch.html,2026-09-22
kasumigaura,茨城県,かすみがうら市議会,蓄尿袋,0,,https://ssp.kaigiroku.net/tenant/kasumigaura/MinuteSearch.html,2026-09-22
kamisu,茨城県,神栖市議会,ストーマ,-1,timeout,https://ssp.kaigiroku.net/tenant/kamisu/MinuteSearch.html,2026-09-22
kamisu,茨城県,神栖市議会,オストメイト,-1,"Page.goto: Timeout 20000ms exceeded.
Call log:
  - navigating to ""https://ssp.kaigiroku.net/tenant/k",https://ssp.kaigiroku.net/tenant/kamisu/MinuteSearch.html,2026-09-22
kamisu,茨城県,神栖市議会,蓄便袋,-1,"Page.goto: Timeout 20000ms exceeded.
Call log:
  - navigating to ""https://ssp.kaigiroku.net/tenant/k",https://ssp.kaigiroku.net/tenant/kamisu/MinuteSearch.html,2026-09-22
kamisu,茨城県,神栖市議会,蓄尿袋,-1,"Page.goto: Timeout 20000ms exceeded.
Call log:
  - navigating to ""https://ssp.kaigiroku.net/tenant/k",https://ssp.kaigiroku.net/tenant/kamisu/MinuteSearch.html,2026-09-22
namegata,茨城県,行方市議会,ストーマ,-1,"Page.goto: Timeout 20000ms exceeded.
Call log:
  - navigating to ""https://ssp.kaigiroku.net/tenant/n",https://ssp.kaigiroku.net/tenant/namegata/MinuteSearch.html,2026-09-22
namegata,茨城県,行方市議会,オストメイト,-1,"Page.goto: Timeout 20000ms exceeded.
Call log:
  - navigating to ""https://ssp.kaigiroku.net/tenant/n",https://ssp.kaigiroku.net/tenant/namegata/MinuteSearch.html,2026-09-22
namegata,茨城県,行方市議会,蓄便袋,-1,"Page.goto: Timeout 20000ms exceeded.
Call log:
  - navigating to ""https://ssp.kaigiroku.net/tenant/n",https://ssp.kaigiroku.net/tenant/namegata/MinuteSearch.html,2026-09-22
namegata,茨城県,行方市議会,蓄尿袋,-1,"Page.goto: Timeout 20000ms exceeded.
Call log:
  - navigating to ""https://ssp.kaigiroku.net/tenant/n",https://ssp.kaigiroku.net/tenant/namegata/MinuteSearch.html,2026-09-22
hokota,茨城県,鉾田市議会,ストーマ,-1,"Page.goto: net::ERR_TIMED_OUT at https://ssp.kaigiroku.net/tenant/hokota/MinuteSearch.html
Call log:",https://ssp.kaigiroku.net/tenant/hokota/MinuteSearch.html,2026-09-22
hokota,茨城県,鉾田市議会,オストメイト,-1,"Page.goto: net::ERR_TIMED_OUT at https://ssp.kaigiroku.net/tenant/hokota/MinuteSearch.html
Call log:",https://ssp.kaigiroku.net/tenant/hokota/MinuteSearch.html,2026-09-22
hokota,茨城県,鉾田市議会,蓄便袋,-1,"Page.goto: net::ERR_TIMED_OUT at https://ssp.kaigiroku.net/tenant/hokota/MinuteSearch.html
Call log:",https://ssp.kaigiroku.net/tenant/hokota/MinuteSearch.html,2026-09-22
hokota,茨城県,鉾田市議会,蓄尿袋,-1,"Page.goto: net::ERR_TIMED_OUT at https://ssp.kaigiroku.net/tenant/hokota/MinuteSearch.html
Call log:",https://ssp.kaigiroku.net/tenant/hokota/MinuteSearch.html,2026-09-22
omitama,茨城県,小美玉市議会,ストーマ,-1,"Page.goto: Timeout 20000ms exceeded.
Call log:
  - navigating to ""https://ssp.kaigiroku.net/tenant/o",https://ssp.kaigiroku.net/tenant/omitama/MinuteSearch.html,2026-09-22
omitama,茨城県,小美玉市議会,オストメイト,-1,"Page.goto: Timeout 20000ms exceeded.
Call log:
  - navigating to ""https://ssp.kaigiroku.net/tenant/o",https://ssp.kaigiroku.net/tenant/omitama/MinuteSearch.html,2026-09-22
omitama,茨城県,小美玉市議会,蓄便袋,-1,"Page.goto: Timeout 20000ms exceeded.
Call log:
  - navigating to ""https://ssp.kaigiroku.net/tenant/o",https://ssp.kaigiroku.net/tenant/omitama/MinuteSearch.html,2026-09-22
omitama,茨城県,小美玉市議会,蓄尿袋,-1,"Page.goto: Timeout 20000ms exceeded.
Call log:
  - navigating to ""https://ssp.kaigiroku.net/tenant/o",https://ssp.kaigiroku.net/tenant/omitama/MinuteSearch.html,2026-09-22
ibaraki,茨城県,茨城町議会,ストーマ,-1,"Page.goto: net::ERR_TIMED_OUT at https://ssp.kaigiroku.net/tenant/ibaraki/MinuteSearch.html
Call log",https://ssp.kaigiroku.net/tenant/ibaraki/MinuteSearch.html,2026-09-22
ibaraki,茨城県,茨城町議会,オストメイト,-1,"Page.goto: net::ERR_TIMED_OUT at https://ssp.kaigiroku.net/tenant/ibaraki/MinuteSearch.html
Call log",https://ssp.kaigiroku.net/tenant/ibaraki/MinuteSearch.html,2026-09-22
ibaraki,茨城県,茨城町議会,蓄便袋,-1,"Page.goto: net::ERR_TIMED_OUT at https://ssp.kaigiroku.net/tenant/ibaraki/MinuteSearch.html
Call log",https://ssp.kaigiroku.net/tenant/ibaraki/MinuteSearch.html,2026-09-22
ibaraki,茨城県,茨城町議会,蓄尿袋,-1,"Page.goto: net::ERR_TIMED_OUT at https://ssp.kaigiroku.net/tenant/ibaraki/MinuteSearch.html
Call log",https://ssp.kaigiroku.net/tenant/ibaraki/MinuteSearch.html,2026-09-22
tokai,茨城県,東海村議会,ストーマ,-1,"Page.goto: net::ERR_TIMED_OUT at https://ssp.kaigiroku.net/tenant/tokai/MinuteSearch.html
Call log:
",https://ssp.kaigiroku.net/tenant/tokai/MinuteSearch.html,2026-09-22
tokai,茨城県,東海村議会,オストメイト,-1,"Page.goto: net::ERR_TIMED_OUT at https://ssp.kaigiroku.net/tenant/tokai/MinuteSearch.html
Call log:
",https://ssp.kaigiroku.net/tenant/tokai/MinuteSearch.html,2026-09-22
tokai,茨城県,東海村議会,蓄便袋,-1,"Page.goto: net::ERR_TIMED_OUT at https://ssp.kaigiroku.net/tenant/tokai/MinuteSearch.html
Call log:
",https://ssp.kaigiroku.net/tenant/tokai/MinuteSearch.html,2026-09-22
tokai,茨城県,東海村議会,蓄尿袋,-1,"Page.goto: net::ERR_TIMED_OUT at https://ssp.kaigiroku.net/tenant/tokai/MinuteSearch.html
Call log:
",https://ssp.kaigiroku.net/tenant/tokai/MinuteSearch.html,2026-09-22
daigo,茨城県,大子町議会,ストーマ,-1,timeout,https://ssp.kaigiroku.net/tenant/daigo/MinuteSearch.html,2026-09-22
daigo,茨城県,大子町議会,オストメイト,-1,"Page.goto: Timeout 20000ms exceeded.
Call log:
  - navigating to ""https://ssp.kaigiroku.net/tenant/d",https://ssp.kaigiroku.net/tenant/daigo/MinuteSearch.html,2026-09-22
daigo,茨城県,大子町議会,蓄便袋,-1,"Page.goto: Timeout 20000ms exceeded.
Call log:
  - navigating to ""https://ssp.kaigiroku.net/tenant/d",https://ssp.kaigiroku.net/tenant/daigo/MinuteSearch.html,2026-09-22
daigo,茨城県,大子町議会,蓄尿袋,-1,"Page.goto: Timeout 20000ms exceeded.
Call log:
  - navigating to ""https://ssp.kaigiroku.net/tenant/d",https://ssp.kaigiroku.net/tenant/daigo/MinuteSearch.html,2026-09-22
ashikaga,栃木県,足利市議会,ストーマ,-1,"Page.goto: net::ERR_TIMED_OUT at https://ssp.kaigiroku.net/tenant/ashikaga/MinuteSearch.html
Call lo",https://ssp.kaigiroku.net/tenant/ashikaga/MinuteSearch.html,2026-09-22
ashikaga,栃木県,足利市議会,オストメイト,-1,"Page.goto: net::ERR_TIMED_OUT at https://ssp.kaigiroku.net/tenant/ashikaga/MinuteSearch.html
Call lo",https://ssp.kaigiroku.net/tenant/ashikaga/MinuteSearch.html,2026-09-22
ashikaga,栃木県,足利市議会,蓄便袋,-1,"Page.goto: net::ERR_TIMED_OUT at https://ssp.kaigiroku.net/tenant/ashikaga/MinuteSearch.html
Call lo",https://ssp.kaigiroku.net/tenant/ashikaga/MinuteSearch.html,2026-09-22
ashikaga,栃木県,足利市議会,蓄尿袋,-1,"Page.goto: net::ERR_TIMED_OUT at https://ssp.kaigiroku.net/tenant/ashikaga/MinuteSearch.html
Call lo",https://ssp.kaigiroku.net/tenant/ashikaga/MinuteSearch.html,2026-09-22
tochigi,栃木県,栃木市議会,ストーマ,-1,"Page.goto: net::ERR_TIMED_OUT at https://ssp.kaigiroku.net/tenant/tochigi/MinuteSearch.html
Call log",https://ssp.kaigiroku.net/tenant/tochigi/MinuteSearch.html,2026-09-22
tochigi,栃木県,栃木市議会,オストメイト,-1,"Page.goto: net::ERR_TIMED_OUT at https://ssp.kaigiroku.net/tenant/tochigi/MinuteSearch.html
Call log",https://ssp.kaigiroku.net/tenant/tochigi/MinuteSearch.html,2026-09-22
tochigi,栃木県,栃木市議会,蓄便袋,-1,"Page.goto: net::ERR_TIMED_OUT at https://ssp.kaigiroku.net/tenant/tochigi/MinuteSearch.html
Call log",https://ssp.kaigiroku.net/tenant/tochigi/MinuteSearch.html,2026-09-22
tochigi,栃木県,栃木市議会,蓄尿袋,-1,"Page.goto: net::ERR_TIMED_OUT at https://ssp.kaigiroku.net/tenant/tochigi/MinuteSearch.html
Call log",https://ssp.kaigiroku.net/tenant/tochigi/MinuteSearch.html,2026-09-22
sano,栃木県,佐野市議会,ストーマ,-1,"Page.goto: Timeout 20000ms exceeded.
Call log:
  - navigating to ""https://ssp.kaigiroku.net/tenant/s",https://ssp.kaigiroku.net/tenant/sano/MinuteSearch.html,2026-09-22
sano,栃木県,佐野市議会,オストメイト,-1,"Page.goto: Timeout 20000ms exceeded.
Call log:
  - navigating to ""https://ssp.kaigiroku.net/tenant/s",https://ssp.kaigiroku.net/tenant/sano/MinuteSearch.html,2026-09-22
sano,栃木県,佐野市議会,蓄便袋,-1,"Page.goto: Timeout 20000ms exceeded.
Call log:
  - navigating to ""https://ssp.kaigiroku.net/tenant/s",https://ssp.kaigiroku.net/tenant/sano/MinuteSearch.html,2026-09-22
sano,栃木県,佐野市議会,蓄尿袋,-1,"Page.goto: Timeout 20000ms exceeded.
Call log:
  - navigating to ""https://ssp.kaigiroku.net/tenant/s",https://ssp.kaigiroku.net/tenant/sano/MinuteSearch.html,2026-09-22
nikko,栃木県,日光市議会,ストーマ,-1,"Page.goto: net::ERR_TIMED_OUT at https://ssp.kaigiroku.net/tenant/nikko/MinuteSearch.html
Call log:
",https://ssp.kaigiroku.net/tenant/nikko/MinuteSearch.html,2026-09-22
nikko,栃木県,日光市議会,オストメイト,-1,"Page.goto: net::ERR_TIMED_OUT at https://ssp.kaigiroku.net/tenant/nikko/MinuteSearch.html
Call log:
",https://ssp.kaigiroku.net/tenant/nikko/MinuteSearch.html,2026-09-22
nikko,栃木県,日光市議会,蓄便袋,-1,"Page.goto: net::ERR_TIMED_OUT at https://ssp.kaigiroku.net/tenant/nikko/MinuteSearch.html
Call log:
",https://ssp.kaigiroku.net/tenant/nikko/MinuteSearch.html,2026-09-22
nikko,栃木県,日光市議会,蓄尿袋,-1,"Page.goto: net::ERR_TIMED_OUT at https://ssp.kaigiroku.net/tenant/nikko/MinuteSearch.html
Call log:
",https://ssp.kaigiroku.net/tenant/nikko/MinuteSearch.html,2026-09-22
oyama,栃木県,小山市議会,ストーマ,-1,"Page.goto: net::ERR_TIMED_OUT at https://ssp.kaigiroku.net/tenant/oyama/MinuteSearch.html
Call log:
",https://ssp.kaigiroku.net/tenant/oyama/MinuteSearch.html,2026-09-22
oyama,栃木県,小山市議会,オストメイト,-1,"Page.goto: net::ERR_TIMED_OUT at https://ssp.kaigiroku.net/tenant/oyama/MinuteSearch.html
Call log:
",https://ssp.kaigiroku.net/tenant/oyama/MinuteSearch.html,2026-09-22
oyama,栃木県,小山市議会,蓄便袋,-1,"Page.goto: net::ERR_TIMED_OUT at https://ssp.kaigiroku.net/tenant/oyama/MinuteSearch.html
Call log:
",https://ssp.kaigiroku.net/tenant/oyama/MinuteSearch.html,2026-09-22
oyama,栃木県,小山市議会,蓄尿袋,-1,"Page.goto: net::ERR_TIMED_OUT at https://ssp.kaigiroku.net/tenant/oyama/MinuteSearch.html
Call log:
",https://ssp.kaigiroku.net/tenant/oyama/MinuteSearch.html,2026-09-22
moka,栃木県,真岡市議会,ストーマ,1,,https://ssp.kaigiroku.net/tenant/moka/MinuteSearch.html,2026-09-22
moka,栃木県,真岡市議会,オストメイト,3,,https://ssp.kaigiroku.net/tenant/moka/MinuteSearch.html,2026-09-22
moka,栃木県,真岡市議会,蓄便袋,-1,"Page.goto: Timeout 20000ms exceeded.
Call log:
  - navigating to ""https://ssp.kaigiroku.net/tenant/m",https://ssp.kaigiroku.net/tenant/moka/MinuteSearch.html,2026-09-22
moka,栃木県,真岡市議会,蓄尿袋,-1,"Page.goto: Timeout 20000ms exceeded.
Call log:
  - navigating to ""https://ssp.kaigiroku.net/tenant/m",https://ssp.kaigiroku.net/tenant/moka/MinuteSearch.html,2026-09-22
ohtawara,栃木県,大田原市議会,ストーマ,0,,https://ssp.kaigiroku.net/tenant/ohtawara/MinuteSearch.html,2026-09-22
ohtawara,栃木県,大田原市議会,オストメイト,4,,https://ssp.kaigiroku.net/tenant/ohtawara/MinuteSearch.html,2026-09-22
ohtawara,栃木県,大田原市議会,蓄便袋,0,,https://ssp.kaigiroku.net/tenant/ohtawara/MinuteSearch.html,2026-09-22
ohtawara,栃木県,大田原市議会,蓄尿袋,0,,https://ssp.kaigiroku.net/tenant/ohtawara/MinuteSearch.html,2026-09-22
yaita,栃木県,矢板市議会,ストーマ,-1,"Page.goto: Timeout 20000ms exceeded.
Call log:
  - navigating to ""https://ssp.kaigiroku.net/tenant/y",https://ssp.kaigiroku.net/tenant/yaita/MinuteSearch.html,2026-09-22
yaita,栃木県,矢板市議会,オストメイト,-1,"Page.goto: Timeout 20000ms exceeded.
Call log:
  - navigating to ""https://ssp.kaigiroku.net/tenant/y",https://ssp.kaigiroku.net/tenant/yaita/MinuteSearch.html,2026-09-22
yaita,栃木県,矢板市議会,蓄便袋,-1,"Page.goto: Timeout 20000ms exceeded.
Call log:
  - navigating to ""https://ssp.kaigiroku.net/tenant/y",https://ssp.kaigiroku.net/tenant/yaita/MinuteSearch.html,2026-09-22
yaita,栃木県,矢板市議会,蓄尿袋,-1,"Page.goto: Timeout 20000ms exceeded.
Call log:
  - navigating to ""https://ssp.kaigiroku.net/tenant/y",https://ssp.kaigiroku.net/tenant/yaita/MinuteSearch.html,2026-09-22
nasushiobara,栃木県,那須塩原市議会,ストーマ,-1,"Page.goto: Timeout 20000ms exceeded.
Call log:
  - navigating to ""https://ssp.kaigiroku.net/tenant/n",https://ssp.kaigiroku.net/tenant/nasushiobara/MinuteSearch.html,2026-09-22
nasushiobara,栃木県,那須塩原市議会,オストメイト,-1,"Page.goto: Timeout 20000ms exceeded.
Call log:
  - navigating to ""https://ssp.kaigiroku.net/tenant/n",https://ssp.kaigiroku.net/tenant/nasushiobara/MinuteSearch.html,2026-09-22
nasushiobara,栃木県,那須塩原市議会,蓄便袋,-1,"Page.goto: Timeout 20000ms exceeded.
Call log:
  - navigating to ""https://ssp.kaigiroku.net/tenant/n",https://ssp.kaigiroku.net/tenant/nasushiobara/MinuteSearch.html,2026-09-22
nasushiobara,栃木県,那須塩原市議会,蓄尿袋,-1,"Page.goto: Timeout 20000ms exceeded.
Call log:
  - navigating to ""https://ssp.kaigiroku.net/tenant/n",https://ssp.kaigiroku.net/tenant/nasushiobara/MinuteSearch.html,2026-09-22
sakura,栃木県,さくら市議会,ストーマ,-1,"Page.goto: net::ERR_TIMED_OUT at https://ssp.kaigiroku.net/tenant/sakura/MinuteSearch.html
Call log:",https://ssp.kaigiroku.net/tenant/sakura/MinuteSearch.html,2026-09-22
sakura,栃木県,さくら市議会,オストメイト,-1,"Page.goto: net::ERR_TIMED_OUT at https://ssp.kaigiroku.net/tenant/sakura/MinuteSearch.html
Call log:",https://ssp.kaigiroku.net/tenant/sakura/MinuteSearch.html,2026-09-22
sakura,栃木県,さくら市議会,蓄便袋,-1,"Page.goto: net::ERR_TIMED_OUT at https://ssp.kaigiroku.net/tenant/sakura/MinuteSearch.html
Call log:",https://ssp.kaigiroku.net/tenant/sakura/MinuteSearch.html,2026-09-22
sakura,栃木県,さくら市議会,蓄尿袋,-1,"Page.goto: net::ERR_TIMED_OUT at https://ssp.kaigiroku.net/tenant/sakura/MinuteSearch.html
Call log:",https://ssp.kaigiroku.net/tenant/sakura/MinuteSearch.html,2026-09-22
shimotsuke,栃木県,下野市議会,ストーマ,-1,"Page.goto: net::ERR_TIMED_OUT at https://ssp.kaigiroku.net/tenant/shimotsuke/MinuteSearch.html
Call ",https://ssp.kaigiroku.net/tenant/shimotsuke/MinuteSearch.html,2026-09-22
shimotsuke,栃木県,下野市議会,オストメイト,-1,"Page.goto: net::ERR_TIMED_OUT at https://ssp.kaigiroku.net/tenant/shimotsuke/MinuteSearch.html
Call ",https://ssp.kaigiroku.net/tenant/shimotsuke/MinuteSearch.html,2026-09-22
shimotsuke,栃木県,下野市議会,蓄便袋,-1,"Page.goto: net::ERR_TIMED_OUT at https://ssp.kaigiroku.net/tenant/shimotsuke/MinuteSearch.html
Call ",https://ssp.kaigiroku.net/tenant/shimotsuke/MinuteSearch.html,2026-09-22
shimotsuke,栃木県,下野市議会,蓄尿袋,-1,"Page.goto: net::ERR_TIMED_OUT at https://ssp.kaigiroku.net/tenant/shimotsuke/MinuteSearch.html
Call ",https://ssp.kaigiroku.net/tenant/shimotsuke/MinuteSearch.html,2026-09-22
mashiko,栃木県,益子町議会,ストーマ,-1,"Page.goto: Timeout 20000ms exceeded.
Call log:
  - navigating to ""https://ssp.kaigiroku.net/tenant/m",https://ssp.kaigiroku.net/tenant/mashiko/MinuteSearch.html,2026-09-22
mashiko,栃木県,益子町議会,オストメイト,-1,"Page.goto: Timeout 20000ms exceeded.
Call log:
  - navigating to ""https://ssp.kaigiroku.net/tenant/m",https://ssp.kaigiroku.net/tenant/mashiko/MinuteSearch.html,2026-09-22
mashiko,栃木県,益子町議会,蓄便袋,-1,"Page.goto: Timeout 20000ms exceeded.
Call log:
  - navigating to ""https://ssp.kaigiroku.net/tenant/m",https://ssp.kaigiroku.net/tenant/mashiko/MinuteSearch.html,2026-09-22
mashiko,栃木県,益子町議会,蓄尿袋,-1,"Page.goto: Timeout 20000ms exceeded.
Call log:
  - navigating to ""https://ssp.kaigiroku.net/tenant/m",https://ssp.kaigiroku.net/tenant/mashiko/MinuteSearch.html,2026-09-22
ichikai,栃木県,市貝町議会,ストーマ,-1,"Page.goto: net::ERR_TIMED_OUT at https://ssp.kaigiroku.net/tenant/ichikai/MinuteSearch.html
Call log",https://ssp.kaigiroku.net/tenant/ichikai/MinuteSearch.html,2026-09-22
ichikai,栃木県,市貝町議会,オストメイト,-1,"Page.goto: net::ERR_TIMED_OUT at https://ssp.kaigiroku.net/tenant/ichikai/MinuteSearch.html
Call log",https://ssp.kaigiroku.net/tenant/ichikai/MinuteSearch.html,2026-09-22
ichikai,栃木県,市貝町議会,蓄便袋,-1,"Page.goto: net::ERR_TIMED_OUT at https://ssp.kaigiroku.net/tenant/ichikai/MinuteSearch.html
Call log",https://ssp.kaigiroku.net/tenant/ichikai/MinuteSearch.html,2026-09-22
ichikai,栃木県,市貝町議会,蓄尿袋,-1,"Page.goto: net::ERR_TIMED_OUT at https://ssp.kaigiroku.net/tenant/ichikai/MinuteSearch.html
Call log",https://ssp.kaigiroku.net/tenant/ichikai/MinuteSearch.html,2026-09-22
haga,栃木県,芳賀町議会,ストーマ,0,,https://ssp.kaigiroku.net/tenant/haga/MinuteSearch.html,2026-09-22
haga,栃木県,芳賀町議会,オストメイト,2,,https://ssp.kaigiroku.net/tenant/haga/MinuteSearch.html,2026-09-22
haga,栃木県,芳賀町議会,蓄便袋,0,,https://ssp.kaigiroku.net/tenant/haga/MinuteSearch.html,2026-09-22
haga,栃木県,芳賀町議会,蓄尿袋,0,,https://ssp.kaigiroku.net/tenant/haga/MinuteSearch.html,2026-09-22
mibu,栃木県,壬生町議会,ストーマ,1,,https://ssp.kaigiroku.net/tenant/mibu/MinuteSearch.html,2026-09-22
mibu,栃木県,壬生町議会,オストメイト,3,,https://ssp.kaigiroku.net/tenant/mibu/MinuteSearch.html,2026-09-22
mibu,栃木県,壬生町議会,蓄便袋,0,,https://ssp.kaigiroku.net/tenant/mibu/MinuteSearch.html,2026-09-22
mibu,栃木県,壬生町議会,蓄尿袋,0,,https://ssp.kaigiroku.net/tenant/mibu/MinuteSearch.html,2026-09-22
nogi,栃木県,野木町議会,ストーマ,0,,https://ssp.kaigiroku.net/tenant/nogi/MinuteSearch.html,2026-09-22
nogi,栃木県,野木町議会,オストメイト,1,,https://ssp.kaigiroku.net/tenant/nogi/MinuteSearch.html,2026-09-22
nogi,栃木県,野木町議会,蓄便袋,0,,https://ssp.kaigiroku.net/tenant/nogi/MinuteSearch.html,2026-09-22
nogi,栃木県,野木町議会,蓄尿袋,-1,"Page.goto: Timeout 20000ms exceeded.
Call log:
  - navigating to ""https://ssp.kaigiroku.net/tenant/n",https://ssp.kaigiroku.net/tenant/nogi/MinuteSearch.html,2026-09-22
shioya,栃木県,塩谷町議会,ストーマ,0,,https://ssp.kaigiroku.net/tenant/shioya/MinuteSearch.html,2026-09-22
shioya,栃木県,塩谷町議会,オストメイト,0,,https://ssp.kaigiroku.net/tenant/shioya/MinuteSearch.html,2026-09-22
shioya,栃木県,塩谷町議会,蓄便袋,0,,https://ssp.kaigiroku.net/tenant/shioya/MinuteSearch.html,2026-09-22
shioya,栃木県,塩谷町議会,蓄尿袋,0,,https://ssp.kaigiroku.net/tenant/shioya/MinuteSearch.html,2026-09-22
takanezawa,栃木県,高根沢町議会,ストーマ,-1,"Page.goto: Timeout 20000ms exceeded.
Call log:
  - navigating to ""https://ssp.kaigiroku.net/tenant/t",https://ssp.kaigiroku.net/tenant/takanezawa/MinuteSearch.html,2026-09-22
takanezawa,栃木県,高根沢町議会,オストメイト,-1,"Page.goto: Timeout 20000ms exceeded.
Call log:
  - navigating to ""https://ssp.kaigiroku.net/tenant/t",https://ssp.kaigiroku.net/tenant/takanezawa/MinuteSearch.html,2026-09-22
takanezawa,栃木県,高根沢町議会,蓄便袋,-1,"Page.goto: Timeout 20000ms exceeded.
Call log:
  - navigating to ""https://ssp.kaigiroku.net/tenant/t",https://ssp.kaigiroku.net/tenant/takanezawa/MinuteSearch.html,2026-09-22
takanezawa,栃木県,高根沢町議会,蓄尿袋,-1,"Page.goto: Timeout 20000ms exceeded.
Call log:
  - navigating to ""https://ssp.kaigiroku.net/tenant/t",https://ssp.kaigiroku.net/tenant/takanezawa/MinuteSearch.html,2026-09-22
nasu,栃木県,那須町議会,ストーマ,-1,"Page.goto: net::ERR_TIMED_OUT at https://ssp.kaigiroku.net/tenant/nasu/MinuteSearch.html
Call log:
 ",https://ssp.kaigiroku.net/tenant/nasu/MinuteSearch.html,2026-09-22
nasu,栃木県,那須町議会,オストメイト,-1,"Page.goto: net::ERR_TIMED_OUT at https://ssp.kaigiroku.net/tenant/nasu/MinuteSearch.html
Call log:
 ",https://ssp.kaigiroku.net/tenant/nasu/MinuteSearch.html,2026-09-22
nasu,栃木県,那須町議会,蓄便袋,-1,"Page.goto: net::ERR_TIMED_OUT at https://ssp.kaigiroku.net/tenant/nasu/MinuteSearch.html
Call log:
 ",https://ssp.kaigiroku.net/tenant/nasu/MinuteSearch.html,2026-09-22
nasu,栃木県,那須町議会,蓄尿袋,-1,"Page.goto: net::ERR_TIMED_OUT at https://ssp.kaigiroku.net/tenant/nasu/MinuteSearch.html
Call log:
 ",https://ssp.kaigiroku.net/tenant/nasu/MinuteSearch.html,2026-09-22
kiryu,群馬県,桐生市議会,ストーマ,-1,"Page.goto: Timeout 20000ms exceeded.
Call log:
  - navigating to ""https://ssp.kaigiroku.net/tenant/k",https://ssp.kaigiroku.net/tenant/kiryu/MinuteSearch.html,2026-09-22
kiryu,群馬県,桐生市議会,オストメイト,-1,"Page.goto: Timeout 20000ms exceeded.
Call log:
  - navigating to ""https://ssp.kaigiroku.net/tenant/k",https://ssp.kaigiroku.net/tenant/kiryu/MinuteSearch.html,2026-09-22
kiryu,群馬県,桐生市議会,蓄便袋,-1,"Page.goto: Timeout 20000ms exceeded.
Call log:
  - navigating to ""https://ssp.kaigiroku.net/tenant/k",https://ssp.kaigiroku.net/tenant/kiryu/MinuteSearch.html,2026-09-22
kiryu,群馬県,桐生市議会,蓄尿袋,-1,"Page.goto: Timeout 20000ms exceeded.
Call log:
  - navigating to ""https://ssp.kaigiroku.net/tenant/k",https://ssp.kaigiroku.net/tenant/kiryu/MinuteSearch.html,2026-09-22
tatebayashi,群馬県,館林市議会,ストーマ,-1,"Page.goto: net::ERR_TIMED_OUT at https://ssp.kaigiroku.net/tenant/tatebayashi/MinuteSearch.html
Call",https://ssp.kaigiroku.net/tenant/tatebayashi/MinuteSearch.html,2026-09-22
tatebayashi,群馬県,館林市議会,オストメイト,-1,"Page.goto: net::ERR_TIMED_OUT at https://ssp.kaigiroku.net/tenant/tatebayashi/MinuteSearch.html
Call",https://ssp.kaigiroku.net/tenant/tatebayashi/MinuteSearch.html,2026-09-22
tatebayashi,群馬県,館林市議会,蓄便袋,-1,"Page.goto: net::ERR_TIMED_OUT at https://ssp.kaigiroku.net/tenant/tatebayashi/MinuteSearch.html
Call",https://ssp.kaigiroku.net/tenant/tatebayashi/MinuteSearch.html,2026-09-22
tatebayashi,群馬県,館林市議会,蓄尿袋,-1,"Page.goto: net::ERR_TIMED_OUT at https://ssp.kaigiroku.net/tenant/tatebayashi/MinuteSearch.html
Call",https://ssp.kaigiroku.net/tenant/tatebayashi/MinuteSearch.html,2026-09-22
shibukawa,群馬県,渋川市議会,ストーマ,-1,"Page.goto: net::ERR_TIMED_OUT at https://ssp.kaigiroku.net/tenant/shibukawa/MinuteSearch.html
Call l",https://ssp.kaigiroku.net/tenant/shibukawa/MinuteSearch.html,2026-09-22
shibukawa,群馬県,渋川市議会,オストメイト,-1,"Page.goto: net::ERR_TIMED_OUT at https://ssp.kaigiroku.net/tenant/shibukawa/MinuteSearch.html
Call l",https://ssp.kaigiroku.net/tenant/shibukawa/MinuteSearch.html,2026-09-22
shibukawa,群馬県,渋川市議会,蓄便袋,-1,"Page.goto: net::ERR_TIMED_OUT at https://ssp.kaigiroku.net/tenant/shibukawa/MinuteSearch.html
Call l",https://ssp.kaigiroku.net/tenant/shibukawa/MinuteSearch.html,2026-09-22
shibukawa,群馬県,渋川市議会,蓄尿袋,-1,"Page.goto: net::ERR_TIMED_OUT at https://ssp.kaigiroku.net/tenant/shibukawa/MinuteSearch.html
Call l",https://ssp.kaigiroku.net/tenant/shibukawa/MinuteSearch.html,2026-09-22
tomioka,群馬県,富岡市議会,ストーマ,-1,"Page.goto: Timeout 20000ms exceeded.
Call log:
  - navigating to ""https://ssp.kaigiroku.net/tenant/t",https://ssp.kaigiroku.net/tenant/tomioka/MinuteSearch.html,2026-09-22
tomioka,群馬県,富岡市議会,オストメイト,-1,"Page.goto: Timeout 20000ms exceeded.
Call log:
  - navigating to ""https://ssp.kaigiroku.net/tenant/t",https://ssp.kaigiroku.net/tenant/tomioka/MinuteSearch.html,2026-09-22
tomioka,群馬県,富岡市議会,蓄便袋,-1,"Page.goto: Timeout 20000ms exceeded.
Call log:
  - navigating to ""https://ssp.kaigiroku.net/tenant/t",https://ssp.kaigiroku.net/tenant/tomioka/MinuteSearch.html,2026-09-22
tomioka,群馬県,富岡市議会,蓄尿袋,-1,"Page.goto: Timeout 20000ms exceeded.
Call log:
  - navigating to ""https://ssp.kaigiroku.net/tenant/t",https://ssp.kaigiroku.net/tenant/tomioka/MinuteSearch.html,2026-09-22
annaka,群馬県,安中市議会,ストーマ,2,,https://ssp.kaigiroku.net/tenant/annaka/MinuteSearch.html,2026-09-22
annaka,群馬県,安中市議会,オストメイト,21,,https://ssp.kaigiroku.net/tenant/annaka/MinuteSearch.html,2026-09-22
annaka,群馬県,安中市議会,蓄便袋,0,,https://ssp.kaigiroku.net/tenant/annaka/MinuteSearch.html,2026-09-22
annaka,群馬県,安中市議会,蓄尿袋,0,,https://ssp.kaigiroku.net/tenant/annaka/MinuteSearch.html,2026-09-22
midori,群馬県,みどり市議会,ストーマ,4,,https://ssp.kaigiroku.net/tenant/midori/MinuteSearch.html,2026-09-22
midori,群馬県,みどり市議会,オストメイト,11,,https://ssp.kaigiroku.net/tenant/midori/MinuteSearch.html,2026-09-22
midori,群馬県,みどり市議会,蓄便袋,1,,https://ssp.kaigiroku.net/tenant/midori/MinuteSearch.html,2026-09-22
midori,群馬県,みどり市議会,蓄尿袋,0,,https://ssp.kaigiroku.net/tenant/midori/MinuteSearch.html,2026-09-22
oizumi,群馬県,大泉町議会,ストーマ,0,,https://ssp.kaigiroku.net/tenant/oizumi/MinuteSearch.html,2026-09-22
oizumi,群馬県,大泉町議会,オストメイト,2,,https://ssp.kaigiroku.net/tenant/oizumi/MinuteSearch.html,2026-09-22
oizumi,群馬県,大泉町議会,蓄便袋,-1,"Page.goto: Timeout 20000ms exceeded.
Call log:
  - navigating to ""https://ssp.kaigiroku.net/tenant/o",https://ssp.kaigiroku.net/tenant/oizumi/MinuteSearch.html,2026-09-22
oizumi,群馬県,大泉町議会,蓄尿袋,-1,"Page.goto: Timeout 20000ms exceeded.
Call log:
  - navigating to ""https://ssp.kaigiroku.net/tenant/o",https://ssp.kaigiroku.net/tenant/oizumi/MinuteSearch.html,2026-09-22
prefsaitama,埼玉県,埼玉県議会,ストーマ,1,,https://ssp.kaigiroku.net/tenant/prefsaitama/MinuteSearch.html,2026-09-22
prefsaitama,埼玉県,埼玉県議会,オストメイト,13,,https://ssp.kaigiroku.net/tenant/prefsaitama/MinuteSearch.html,2026-09-22
prefsaitama,埼玉県,埼玉県議会,蓄便袋,0,,https://ssp.kaigiroku.net/tenant/prefsaitama/MinuteSearch.html,2026-09-22
prefsaitama,埼玉県,埼玉県議会,蓄尿袋,0,,https://ssp.kaigiroku.net/tenant/prefsaitama/MinuteSearch.html,2026-09-22
saitama,埼玉県,さいたま市議会,ストーマ,17,,https://ssp.kaigiroku.net/tenant/saitama/MinuteSearch.html,2026-09-22
saitama,埼玉県,さいたま市議会,オストメイト,0,,https://ssp.kaigiroku.net/tenant/saitama/MinuteSearch.html,2026-09-22
saitama,埼玉県,さいたま市議会,蓄便袋,0,,https://ssp.kaigiroku.net/tenant/saitama/MinuteSearch.html,2026-09-22
saitama,埼玉県,さいたま市議会,蓄尿袋,4,,https://ssp.kaigiroku.net/tenant/saitama/MinuteSearch.html,2026-09-22
kumagaya,埼玉県,熊谷市議会,ストーマ,3,,https://ssp.kaigiroku.net/tenant/kumagaya/MinuteSearch.html,2026-09-22
kumagaya,埼玉県,熊谷市議会,オストメイト,32,,https://ssp.kaigiroku.net/tenant/kumagaya/MinuteSearch.html,2026-09-22
kumagaya,埼玉県,熊谷市議会,蓄便袋,1,,https://ssp.kaigiroku.net/tenant/kumagaya/MinuteSearch.html,2026-09-22
kumagaya,埼玉県,熊谷市議会,蓄尿袋,0,,https://ssp.kaigiroku.net/tenant/kumagaya/MinuteSearch.html,2026-09-22
kawaguchi,埼玉県,川口市議会,ストーマ,13,,https://ssp.kaigiroku.net/tenant/kawaguchi/MinuteSearch.html,2026-09-22
kawaguchi,埼玉県,川口市議会,オストメイト,19,,https://ssp.kaigiroku.net/tenant/kawaguchi/MinuteSearch.html,2026-09-22
kawaguchi,埼玉県,川口市議会,蓄便袋,1,,https://ssp.kaigiroku.net/tenant/kawaguchi/MinuteSearch.html,2026-09-22
kawaguchi,埼玉県,川口市議会,蓄尿袋,1,,https://ssp.kaigiroku.net/tenant/kawaguchi/MinuteSearch.html,2026-09-22
gyoda,埼玉県,行田市議会,ストーマ,1,,https://ssp.kaigiroku.net/tenant/gyoda/MinuteSearch.html,2026-09-22
gyoda,埼玉県,行田市議会,オストメイト,8,,https://ssp.kaigiroku.net/tenant/gyoda/MinuteSearch.html,2026-09-22
gyoda,埼玉県,行田市議会,蓄便袋,0,,https://ssp.kaigiroku.net/tenant/gyoda/MinuteSearch.html,2026-09-22
gyoda,埼玉県,行田市議会,蓄尿袋,0,,https://ssp.kaigiroku.net/tenant/gyoda/MinuteSearch.html,2026-09-22
chichibu,埼玉県,秩父市議会,ストーマ,8,,https://ssp.kaigiroku.net/tenant/chichibu/MinuteSearch.html,2026-09-22
chichibu,埼玉県,秩父市議会,オストメイト,20,,https://ssp.kaigiroku.net/tenant/chichibu/MinuteSearch.html,2026-09-22
chichibu,埼玉県,秩父市議会,蓄便袋,3,,https://ssp.kaigiroku.net/tenant/chichibu/MinuteSearch.html,2026-09-22
chichibu,埼玉県,秩父市議会,蓄尿袋,2,,https://ssp.kaigiroku.net/tenant/chichibu/MinuteSearch.html,2026-09-22
hanno,埼玉県,飯能市議会,ストーマ,2,,https://ssp.kaigiroku.net/tenant/hanno/MinuteSearch.html,2026-09-22
hanno,埼玉県,飯能市議会,オストメイト,14,,https://ssp.kaigiroku.net/tenant/hanno/MinuteSearch.html,2026-09-22
hanno,埼玉県,飯能市議会,蓄便袋,1,,https://ssp.kaigiroku.net/tenant/hanno/MinuteSearch.html,2026-09-22
hanno,埼玉県,飯能市議会,蓄尿袋,1,,https://ssp.kaigiroku.net/tenant/hanno/MinuteSearch.html,2026-09-22
kazo,埼玉県,加須市議会,ストーマ,9,,https://ssp.kaigiroku.net/tenant/kazo/MinuteSearch.html,2026-09-22
kazo,埼玉県,加須市議会,オストメイト,20,,https://ssp.kaigiroku.net/tenant/kazo/MinuteSearch.html,2026-09-22
kazo,埼玉県,加須市議会,蓄便袋,2,,https://ssp.kaigiroku.net/tenant/kazo/MinuteSearch.html,2026-09-22
kazo,埼玉県,加須市議会,蓄尿袋,1,,https://ssp.kaigiroku.net/tenant/kazo/MinuteSearch.html,2026-09-22
honjo,埼玉県,本庄市議会,ストーマ,6,,https://ssp.kaigiroku.net/tenant/honjo/MinuteSearch.html,2026-09-22
honjo,埼玉県,本庄市議会,オストメイト,10,,https://ssp.kaigiroku.net/tenant/honjo/MinuteSearch.html,2026-09-22
honjo,埼玉県,本庄市議会,蓄便袋,2,,https://ssp.kaigiroku.net/tenant/honjo/MinuteSearch.html,2026-09-22
honjo,埼玉県,本庄市議会,蓄尿袋,1,,https://ssp.kaigiroku.net/tenant/honjo/MinuteSearch.html,2026-09-22
higashimatsuyama,埼玉県,東松山市議会,ストーマ,0,,https://ssp.kaigiroku.net/tenant/higashimatsuyama/MinuteSearch.html,2026-09-22
higashimatsuyama,埼玉県,東松山市議会,オストメイト,3,,https://ssp.kaigiroku.net/tenant/higashimatsuyama/MinuteSearch.html,2026-09-22
higashimatsuyama,埼玉県,東松山市議会,蓄便袋,0,,https://ssp.kaigiroku.net/tenant/higashimatsuyama/MinuteSearch.html,2026-09-22
higashimatsuyama,埼玉県,東松山市議会,蓄尿袋,0,,https://ssp.kaigiroku.net/tenant/higashimatsuyama/MinuteSearch.html,2026-09-22
hanyu,埼玉県,羽生市議会,ストーマ,0,,https://ssp.kaigiroku.net/tenant/hanyu/MinuteSearch.html,2026-09-22
hanyu,埼玉県,羽生市議会,オストメイト,2,,https://ssp.kaigiroku.net/tenant/hanyu/MinuteSearch.html,2026-09-22
hanyu,埼玉県,羽生市議会,蓄便袋,0,,https://ssp.kaigiroku.net/tenant/hanyu/MinuteSearch.html,2026-09-22
hanyu,埼玉県,羽生市議会,蓄尿袋,0,,https://ssp.kaigiroku.net/tenant/hanyu/MinuteSearch.html,2026-09-22
kounosu,埼玉県,鴻巣市議会,ストーマ,8,,https://ssp.kaigiroku.net/tenant/kounosu/MinuteSearch.html,2026-09-22
kounosu,埼玉県,鴻巣市議会,オストメイト,33,,https://ssp.kaigiroku.net/tenant/kounosu/MinuteSearch.html,2026-09-22
kounosu,埼玉県,鴻巣市議会,蓄便袋,0,,https://ssp.kaigiroku.net/tenant/kounosu/MinuteSearch.html,2026-09-22
kounosu,埼玉県,鴻巣市議会,蓄尿袋,0,,https://ssp.kaigiroku.net/tenant/kounosu/MinuteSearch.html,2026-09-22
fukaya,埼玉県,深谷市議会,ストーマ,19,,https://ssp.kaigiroku.net/tenant/fukaya/MinuteSearch.html,2026-09-22
fukaya,埼玉県,深谷市議会,オストメイト,12,,https://ssp.kaigiroku.net/tenant/fukaya/MinuteSearch.html,2026-09-22
fukaya,埼玉県,深谷市議会,蓄便袋,4,,https://ssp.kaigiroku.net/tenant/fukaya/MinuteSearch.html,2026-09-22
fukaya,埼玉県,深谷市議会,蓄尿袋,1,,https://ssp.kaigiroku.net/tenant/fukaya/MinuteSearch.html,2026-09-22
ageo,埼玉県,上尾市議会,ストーマ,7,,https://ssp.kaigiroku.net/tenant/ageo/MinuteSearch.html,2026-09-22
ageo,埼玉県,上尾市議会,オストメイト,5,,https://ssp.kaigiroku.net/tenant/ageo/MinuteSearch.html,2026-09-22
ageo,埼玉県,上尾市議会,蓄便袋,0,,https://ssp.kaigiroku.net/tenant/ageo/MinuteSearch.html,2026-09-22
ageo,埼玉県,上尾市議会,蓄尿袋,0,,https://ssp.kaigiroku.net/tenant/ageo/MinuteSearch.html,2026-09-22
koshigaya,埼玉県,越谷市議会,ストーマ,14,,https://ssp.kaigiroku.net/tenant/koshigaya/MinuteSearch.html,2026-09-22
koshigaya,埼玉県,越谷市議会,オストメイト,19,,https://ssp.kaigiroku.net/tenant/koshigaya/MinuteSearch.html,2026-09-22
koshigaya,埼玉県,越谷市議会,蓄便袋,3,,https://ssp.kaigiroku.net/tenant/koshigaya/MinuteSearch.html,2026-09-22
koshigaya,埼玉県,越谷市議会,蓄尿袋,3,,https://ssp.kaigiroku.net/tenant/koshigaya/MinuteSearch.html,2026-09-22
asaka,埼玉県,朝霞市議会,ストーマ,15,,https://ssp.kaigiroku.net/tenant/asaka/MinuteSearch.html,2026-09-22
asaka,埼玉県,朝霞市議会,オストメイト,43,,https://ssp.kaigiroku.net/tenant/asaka/MinuteSearch.html,2026-09-22
asaka,埼玉県,朝霞市議会,蓄便袋,0,,https://ssp.kaigiroku.net/tenant/asaka/MinuteSearch.html,2026-09-22
asaka,埼玉県,朝霞市議会,蓄尿袋,1,,https://ssp.kaigiroku.net/tenant/asaka/MinuteSearch.html,2026-09-22
shiki,埼玉県,志木市議会,ストーマ,5,,https://ssp.kaigiroku.net/tenant/shiki/MinuteSearch.html,2026-09-22
shiki,埼玉県,志木市議会,オストメイト,19,,https://ssp.kaigiroku.net/tenant/shiki/MinuteSearch.html,2026-09-22
shiki,埼玉県,志木市議会,蓄便袋,1,,https://ssp.kaigiroku.net/tenant/shiki/MinuteSearch.html,2026-09-22
shiki,埼玉県,志木市議会,蓄尿袋,0,,https://ssp.kaigiroku.net/tenant/shiki/MinuteSearch.html,2026-09-22
wako,埼玉県,和光市議会,ストーマ,5,,https://ssp.kaigiroku.net/tenant/wako/MinuteSearch.html,2026-09-22
wako,埼玉県,和光市議会,オストメイト,22,,https://ssp.kaigiroku.net/tenant/wako/MinuteSearch.html,2026-09-22
wako,埼玉県,和光市議会,蓄便袋,0,,https://ssp.kaigiroku.net/tenant/wako/MinuteSearch.html,2026-09-22
wako,埼玉県,和光市議会,蓄尿袋,0,,https://ssp.kaigiroku.net/tenant/wako/MinuteSearch.html,2026-09-22
okegawa,埼玉県,桶川市議会,ストーマ,9,,https://ssp.kaigiroku.net/tenant/okegawa/MinuteSearch.html,2026-09-22
okegawa,埼玉県,桶川市議会,オストメイト,37,,https://ssp.kaigiroku.net/tenant/okegawa/MinuteSearch.html,2026-09-22
okegawa,埼玉県,桶川市議会,蓄便袋,2,,https://ssp.kaigiroku.net/tenant/okegawa/MinuteSearch.html,2026-09-22
okegawa,埼玉県,桶川市議会,蓄尿袋,1,,https://ssp.kaigiroku.net/tenant/okegawa/MinuteSearch.html,2026-09-22
kuki,埼玉県,久喜市議会,ストーマ,9,,https://ssp.kaigiroku.net/tenant/kuki/MinuteSearch.html,2026-09-22
kuki,埼玉県,久喜市議会,オストメイト,54,,https://ssp.kaigiroku.net/tenant/kuki/MinuteSearch.html,2026-09-22
kuki,埼玉県,久喜市議会,蓄便袋,0,,https://ssp.kaigiroku.net/tenant/kuki/MinuteSearch.html,2026-09-22
kuki,埼玉県,久喜市議会,蓄尿袋,0,,https://ssp.kaigiroku.net/tenant/kuki/MinuteSearch.html,2026-09-22
kitamoto,埼玉県,北本市議会,ストーマ,3,,https://ssp.kaigiroku.net/tenant/kitamoto/MinuteSearch.html,2026-09-22
kitamoto,埼玉県,北本市議会,オストメイト,19,,https://ssp.kaigiroku.net/tenant/kitamoto/MinuteSearch.html,2026-09-22
kitamoto,埼玉県,北本市議会,蓄便袋,1,,https://ssp.kaigiroku.net/tenant/kitamoto/MinuteSearch.html,2026-09-22
kitamoto,埼玉県,北本市議会,蓄尿袋,1,,https://ssp.kaigiroku.net/tenant/kitamoto/MinuteSearch.html,2026-09-22
yashio,埼玉県,八潮市議会,ストーマ,7,,https://ssp.kaigiroku.net/tenant/yashio/MinuteSearch.html,2026-09-22
yashio,埼玉県,八潮市議会,オストメイト,21,,https://ssp.kaigiroku.net/tenant/yashio/MinuteSearch.html,2026-09-22
yashio,埼玉県,八潮市議会,蓄便袋,1,,https://ssp.kaigiroku.net/tenant/yashio/MinuteSearch.html,2026-09-22
yashio,埼玉県,八潮市議会,蓄尿袋,1,,https://ssp.kaigiroku.net/tenant/yashio/MinuteSearch.html,2026-09-22
fujimi,埼玉県,富士見市議会,ストーマ,2,,https://ssp.kaigiroku.net/tenant/fujimi/MinuteSearch.html,2026-09-22
fujimi,埼玉県,富士見市議会,オストメイト,40,,https://ssp.kaigiroku.net/tenant/fujimi/MinuteSearch.html,2026-09-22
fujimi,埼玉県,富士見市議会,蓄便袋,0,,https://ssp.kaigiroku.net/tenant/fujimi/MinuteSearch.html,2026-09-22
fujimi,埼玉県,富士見市議会,蓄尿袋,0,,https://ssp.kaigiroku.net/tenant/fujimi/MinuteSearch.html,2026-09-22
misato,埼玉県,三郷市議会,ストーマ,10,,https://ssp.kaigiroku.net/tenant/misato/MinuteSearch.html,2026-09-22
misato,埼玉県,三郷市議会,オストメイト,31,,https://ssp.kaigiroku.net/tenant/misato/MinuteSearch.html,2026-09-22
misato,埼玉県,三郷市議会,蓄便袋,0,,https://ssp.kaigiroku.net/tenant/misato/MinuteSearch.html,2026-09-22
misato,埼玉県,三郷市議会,蓄尿袋,0,,https://ssp.kaigiroku.net/tenant/misato/MinuteSearch.html,2026-09-22
hasuda,埼玉県,蓮田市議会,ストーマ,6,,https://ssp.kaigiroku.net/tenant/hasuda/MinuteSearch.html,2026-09-22
hasuda,埼玉県,蓮田市議会,オストメイト,20,,https://ssp.kaigiroku.net/tenant/hasuda/MinuteSearch.html,2026-09-22
hasuda,埼玉県,蓮田市議会,蓄便袋,0,,https://ssp.kaigiroku.net/tenant/hasuda/MinuteSearch.html,2026-09-22
hasuda,埼玉県,蓮田市議会,蓄尿袋,0,,https://ssp.kaigiroku.net/tenant/hasuda/MinuteSearch.html,2026-09-22
sakado,埼玉県,坂戸市議会,ストーマ,4,,https://ssp.kaigiroku.net/tenant/sakado/MinuteSearch.html,2026-09-22
sakado,埼玉県,坂戸市議会,オストメイト,31,,https://ssp.kaigiroku.net/tenant/sakado/MinuteSearch.html,2026-09-22
sakado,埼玉県,坂戸市議会,蓄便袋,2,,https://ssp.kaigiroku.net/tenant/sakado/MinuteSearch.html,2026-09-22
sakado,埼玉県,坂戸市議会,蓄尿袋,2,,https://ssp.kaigiroku.net/tenant/sakado/MinuteSearch.html,2026-09-22
satte,埼玉県,幸手市議会,ストーマ,3,,https://ssp.kaigiroku.net/tenant/satte/MinuteSearch.html,2026-09-22
satte,埼玉県,幸手市議会,オストメイト,7,,https://ssp.kaigiroku.net/tenant/satte/MinuteSearch.html,2026-09-22
satte,埼玉県,幸手市議会,蓄便袋,0,,https://ssp.kaigiroku.net/tenant/satte/MinuteSearch.html,2026-09-22
satte,埼玉県,幸手市議会,蓄尿袋,0,,https://ssp.kaigiroku.net/tenant/satte/MinuteSearch.html,2026-09-22
tsurugashima,埼玉県,鶴ヶ島市議会,ストーマ,7,,https://ssp.kaigiroku.net/tenant/tsurugashima/MinuteSearch.html,2026-09-22
tsurugashima,埼玉県,鶴ヶ島市議会,オストメイト,9,,https://ssp.kaigiroku.net/tenant/tsurugashima/MinuteSearch.html,2026-09-22
tsurugashima,埼玉県,鶴ヶ島市議会,蓄便袋,2,,https://ssp.kaigiroku.net/tenant/tsurugashima/MinuteSearch.html,2026-09-22
tsurugashima,埼玉県,鶴ヶ島市議会,蓄尿袋,2,,https://ssp.kaigiroku.net/tenant/tsurugashima/MinuteSearch.html,2026-09-22
saihidaka,埼玉県,日高市議会,ストーマ,2,,https://ssp.kaigiroku.net/tenant/saihidaka/MinuteSearch.html,2026-09-22
saihidaka,埼玉県,日高市議会,オストメイト,13,,https://ssp.kaigiroku.net/tenant/saihidaka/MinuteSearch.html,2026-09-22
saihidaka,埼玉県,日高市議会,蓄便袋,1,,https://ssp.kaigiroku.net/tenant/saihidaka/MinuteSearch.html,2026-09-22
saihidaka,埼玉県,日高市議会,蓄尿袋,1,,https://ssp.kaigiroku.net/tenant/saihidaka/MinuteSearch.html,2026-09-22
yoshikawa,埼玉県,吉川市議会,ストーマ,3,,https://ssp.kaigiroku.net/tenant/yoshikawa/MinuteSearch.html,2026-09-22
yoshikawa,埼玉県,吉川市議会,オストメイト,8,,https://ssp.kaigiroku.net/tenant/yoshikawa/MinuteSearch.html,2026-09-22
yoshikawa,埼玉県,吉川市議会,蓄便袋,0,,https://ssp.kaigiroku.net/tenant/yoshikawa/MinuteSearch.html,2026-09-22
yoshikawa,埼玉県,吉川市議会,蓄尿袋,0,,https://ssp.kaigiroku.net/tenant/yoshikawa/MinuteSearch.html,2026-09-22
fujimino,埼玉県,ふじみ野市議会,ストーマ,11,,https://ssp.kaigiroku.net/tenant/fujimino/MinuteSearch.html,2026-09-22
fujimino,埼玉県,ふじみ野市議会,オストメイト,20,,https://ssp.kaigiroku.net/tenant/fujimino/MinuteSearch.html,2026-09-22
fujimino,埼玉県,ふじみ野市議会,蓄便袋,3,,https://ssp.kaigiroku.net/tenant/fujimino/MinuteSearch.html,2026-09-22
fujimino,埼玉県,ふじみ野市議会,蓄尿袋,1,,https://ssp.kaigiroku.net/tenant/fujimino/MinuteSearch.html,2026-09-22
shiraoka,埼玉県,白岡市議会,ストーマ,8,,https://ssp.kaigiroku.net/tenant/shiraoka/MinuteSearch.html,2026-09-22
shiraoka,埼玉県,白岡市議会,オストメイト,18,,https://ssp.kaigiroku.net/tenant/shiraoka/MinuteSearch.html,2026-09-22
shiraoka,埼玉県,白岡市議会,蓄便袋,0,,https://ssp.kaigiroku.net/tenant/shiraoka/MinuteSearch.html,2026-09-22
shiraoka,埼玉県,白岡市議会,蓄尿袋,0,,https://ssp.kaigiroku.net/tenant/shiraoka/MinuteSearch.html,2026-09-22
inamachi,埼玉県,伊奈町議会,ストーマ,10,,https://ssp.kaigiroku.net/tenant/inamachi/MinuteSearch.html,2026-09-22
inamachi,埼玉県,伊奈町議会,オストメイト,6,,https://ssp.kaigiroku.net/tenant/inamachi/MinuteSearch.html,2026-09-22
inamachi,埼玉県,伊奈町議会,蓄便袋,1,,https://ssp.kaigiroku.net/tenant/inamachi/MinuteSearch.html,2026-09-22
inamachi,埼玉県,伊奈町議会,蓄尿袋,1,,https://ssp.kaigiroku.net/tenant/inamachi/MinuteSearch.html,2026-09-22
miyoshi,埼玉県,三芳町議会,ストーマ,3,,https://ssp.kaigiroku.net/tenant/miyoshi/MinuteSearch.html,2026-09-22
miyoshi,埼玉県,三芳町議会,オストメイト,18,,https://ssp.kaigiroku.net/tenant/miyoshi/MinuteSearch.html,2026-09-22
miyoshi,埼玉県,三芳町議会,蓄便袋,1,,https://ssp.kaigiroku.net/tenant/miyoshi/MinuteSearch.html,2026-09-22
miyoshi,埼玉県,三芳町議会,蓄尿袋,0,,https://ssp.kaigiroku.net/tenant/miyoshi/MinuteSearch.html,2026-09-22
moroyama,埼玉県,毛呂山町議会,ストーマ,2,,https://ssp.kaigiroku.net/tenant/moroyama/MinuteSearch.html,2026-09-22
moroyama,埼玉県,毛呂山町議会,オストメイト,9,,https://ssp.kaigiroku.net/tenant/moroyama/MinuteSearch.html,2026-09-22
moroyama,埼玉県,毛呂山町議会,蓄便袋,0,,https://ssp.kaigiroku.net/tenant/moroyama/MinuteSearch.html,2026-09-22
moroyama,埼玉県,毛呂山町議会,蓄尿袋,0,,https://ssp.kaigiroku.net/tenant/moroyama/MinuteSearch.html,2026-09-22
ogose,埼玉県,越生町議会,ストーマ,2,,https://ssp.kaigiroku.net/tenant/ogose/MinuteSearch.html,2026-09-22
ogose,埼玉県,越生町議会,オストメイト,10,,https://ssp.kaigiroku.net/tenant/ogose/MinuteSearch.html,2026-09-22
ogose,埼玉県,越生町議会,蓄便袋,1,,https://ssp.kaigiroku.net/tenant/ogose/MinuteSearch.html,2026-09-22
ogose,埼玉県,越生町議会,蓄尿袋,2,,https://ssp.kaigiroku.net/tenant/ogose/MinuteSearch.html,2026-09-22
ogawa,埼玉県,小川町議会,ストーマ,0,,https://ssp.kaigiroku.net/tenant/ogawa/MinuteSearch.html,2026-09-22
ogawa,埼玉県,小川町議会,オストメイト,1,,https://ssp.kaigiroku.net/tenant/ogawa/MinuteSearch.html,2026-09-22
ogawa,埼玉県,小川町議会,蓄便袋,1,,https://ssp.kaigiroku.net/tenant/ogawa/MinuteSearch.html,2026-09-22
ogawa,埼玉県,小川町議会,蓄尿袋,1,,https://ssp.kaigiroku.net/tenant/ogawa/MinuteSearch.html,2026-09-22
kawajima,埼玉県,川島町議会,ストーマ,4,,https://ssp.kaigiroku.net/tenant/kawajima/MinuteSearch.html,2026-09-22
kawajima,埼玉県,川島町議会,オストメイト,3,,https://ssp.kaigiroku.net/tenant/kawajima/MinuteSearch.html,2026-09-22
kawajima,埼玉県,川島町議会,蓄便袋,0,,https://ssp.kaigiroku.net/tenant/kawajima/MinuteSearch.html,2026-09-22
kawajima,埼玉県,川島町議会,蓄尿袋,0,,https://ssp.kaigiroku.net/tenant/kawajima/MinuteSearch.html,2026-09-22
yoshimi,埼玉県,吉見町議会,ストーマ,6,,https://ssp.kaigiroku.net/tenant/yoshimi/MinuteSearch.html,2026-09-22
yoshimi,埼玉県,吉見町議会,オストメイト,12,,https://ssp.kaigiroku.net/tenant/yoshimi/MinuteSearch.html,2026-09-22
yoshimi,埼玉県,吉見町議会,蓄便袋,0,,https://ssp.kaigiroku.net/tenant/yoshimi/MinuteSearch.html,2026-09-22
yoshimi,埼玉県,吉見町議会,蓄尿袋,0,,https://ssp.kaigiroku.net/tenant/yoshimi/MinuteSearch.html,2026-09-22
saimisato,埼玉県,美里町議会,ストーマ,1,,https://ssp.kaigiroku.net/tenant/saimisato/MinuteSearch.html,2026-09-22
saimisato,埼玉県,美里町議会,オストメイト,0,,https://ssp.kaigiroku.net/tenant/saimisato/MinuteSearch.html,2026-09-22
saimisato,埼玉県,美里町議会,蓄便袋,0,,https://ssp.kaigiroku.net/tenant/saimisato/MinuteSearch.html,2026-09-22
saimisato,埼玉県,美里町議会,蓄尿袋,0,,https://ssp.kaigiroku.net/tenant/saimisato/MinuteSearch.html,2026-09-22
kamikawa,埼玉県,神川町議会,ストーマ,1,,https://ssp.kaigiroku.net/tenant/kamikawa/MinuteSearch.html,2026-09-22
kamikawa,埼玉県,神川町議会,オストメイト,2,,https://ssp.kaigiroku.net/tenant/kamikawa/MinuteSearch.html,2026-09-22
kamikawa,埼玉県,神川町議会,蓄便袋,0,,https://ssp.kaigiroku.net/tenant/kamikawa/MinuteSearch.html,2026-09-22
kamikawa,埼玉県,神川町議会,蓄尿袋,0,,https://ssp.kaigiroku.net/tenant/kamikawa/MinuteSearch.html,2026-09-22
yorii,埼玉県,寄居町議会,ストーマ,8,,https://ssp.kaigiroku.net/tenant/yorii/MinuteSearch.html,2026-09-22
yorii,埼玉県,寄居町議会,オストメイト,16,,https://ssp.kaigiroku.net/tenant/yorii/MinuteSearch.html,2026-09-22
yorii,埼玉県,寄居町議会,蓄便袋,0,,https://ssp.kaigiroku.net/tenant/yorii/MinuteSearch.html,2026-09-22
yorii,埼玉県,寄居町議会,蓄尿袋,0,,https://ssp.kaigiroku.net/tenant/yorii/MinuteSearch.html,2026-09-22
miyashiro,埼玉県,宮代町議会,ストーマ,-1,"Page.query_selector: Execution context was destroyed, most likely because of a navigation",https://ssp.kaigiroku.net/tenant/miyashiro/MinuteSearch.html,2026-09-22
miyashiro,埼玉県,宮代町議会,オストメイト,8,,https://ssp.kaigiroku.net/tenant/miyashiro/MinuteSearch.html,2026-09-22
miyashiro,埼玉県,宮代町議会,蓄便袋,1,,https://ssp.kaigiroku.net/tenant/miyashiro/MinuteSearch.html,2026-09-22
miyashiro,埼玉県,宮代町議会,蓄尿袋,0,,https://ssp.kaigiroku.net/tenant/miyashiro/MinuteSearch.html,2026-09-22
sugito,埼玉県,杉戸町議会,ストーマ,5,,https://ssp.kaigiroku.net/tenant/sugito/MinuteSearch.html,2026-09-22
sugito,埼玉県,杉戸町議会,オストメイト,6,,https://ssp.kaigiroku.net/tenant/sugito/MinuteSearch.html,2026-09-22
sugito,埼玉県,杉戸町議会,蓄便袋,0,,https://ssp.kaigiroku.net/tenant/sugito/MinuteSearch.html,2026-09-22
sugito,埼玉県,杉戸町議会,蓄尿袋,0,,https://ssp.kaigiroku.net/tenant/sugito/MinuteSearch.html,2026-09-22
choshi,千葉県,銚子市議会,ストーマ,0,,https://ssp.kaigiroku.net/tenant/choshi/MinuteSearch.html,2026-09-22
choshi,千葉県,銚子市議会,オストメイト,14,,https://ssp.kaigiroku.net/tenant/choshi/MinuteSearch.html,2026-09-22
choshi,千葉県,銚子市議会,蓄便袋,0,,https://ssp.kaigiroku.net/tenant/choshi/MinuteSearch.html,2026-09-22
choshi,千葉県,銚子市議会,蓄尿袋,0,,https://ssp.kaigiroku.net/tenant/choshi/MinuteSearch.html,2026-09-22
tateyama,千葉県,館山市議会,ストーマ,16,,https://ssp.kaigiroku.net/tenant/tateyama/MinuteSearch.html,2026-09-22
tateyama,千葉県,館山市議会,オストメイト,34,,https://ssp.kaigiroku.net/tenant/tateyama/MinuteSearch.html,2026-09-22
tateyama,千葉県,館山市議会,蓄便袋,0,,https://ssp.kaigiroku.net/tenant/tateyama/MinuteSearch.html,2026-09-22
tateyama,千葉県,館山市議会,蓄尿袋,0,,https://ssp.kaigiroku.net/tenant/tateyama/MinuteSearch.html,2026-09-22
matsudo,千葉県,松戸市議会,ストーマ,24,,https://ssp.kaigiroku.net/tenant/matsudo/MinuteSearch.html,2026-09-22
matsudo,千葉県,松戸市議会,オストメイト,117,,https://ssp.kaigiroku.net/tenant/matsudo/MinuteSearch.html,2026-09-22
matsudo,千葉県,松戸市議会,蓄便袋,0,,https://ssp.kaigiroku.net/tenant/matsudo/MinuteSearch.html,2026-09-22
matsudo,千葉県,松戸市議会,蓄尿袋,0,,https://ssp.kaigiroku.net/tenant/matsudo/MinuteSearch.html,2026-09-22
noda,千葉県,野田市議会,ストーマ,67,,https://ssp.kaigiroku.net/tenant/noda/MinuteSearch.html,2026-09-22
noda,千葉県,野田市議会,オストメイト,62,,https://ssp.kaigiroku.net/tenant/noda/MinuteSearch.html,2026-09-22
noda,千葉県,野田市議会,蓄便袋,1,,https://ssp.kaigiroku.net/tenant/noda/MinuteSearch.html,2026-09-22
noda,千葉県,野田市議会,蓄尿袋,2,,https://ssp.kaigiroku.net/tenant/noda/MinuteSearch.html,2026-09-22
narita,千葉県,成田市議会,ストーマ,7,,https://ssp.kaigiroku.net/tenant/narita/MinuteSearch.html,2026-09-22
narita,千葉県,成田市議会,オストメイト,9,,https://ssp.kaigiroku.net/tenant/narita/MinuteSearch.html,2026-09-22
narita,千葉県,成田市議会,蓄便袋,3,,https://ssp.kaigiroku.net/tenant/narita/MinuteSearch.html,2026-09-22
narita,千葉県,成田市議会,蓄尿袋,2,,https://ssp.kaigiroku.net/tenant/narita/MinuteSearch.html,2026-09-22
togane,千葉県,東金市議会,ストーマ,8,,https://ssp.kaigiroku.net/tenant/togane/MinuteSearch.html,2026-09-22
togane,千葉県,東金市議会,オストメイト,19,,https://ssp.kaigiroku.net/tenant/togane/MinuteSearch.html,2026-09-22
togane,千葉県,東金市議会,蓄便袋,3,,https://ssp.kaigiroku.net/tenant/togane/MinuteSearch.html,2026-09-22
togane,千葉県,東金市議会,蓄尿袋,1,,https://ssp.kaigiroku.net/tenant/togane/MinuteSearch.html,2026-09-22
narashino,千葉県,習志野市議会,ストーマ,7,,https://ssp.kaigiroku.net/tenant/narashino/MinuteSearch.html,2026-09-22
narashino,千葉県,習志野市議会,オストメイト,50,,https://ssp.kaigiroku.net/tenant/narashino/MinuteSearch.html,2026-09-22
narashino,千葉県,習志野市議会,蓄便袋,0,,https://ssp.kaigiroku.net/tenant/narashino/MinuteSearch.html,2026-09-22
narashino,千葉県,習志野市議会,蓄尿袋,0,,https://ssp.kaigiroku.net/tenant/narashino/MinuteSearch.html,2026-09-22
kashiwa,千葉県,柏市議会,ストーマ,7,,https://ssp.kaigiroku.net/tenant/kashiwa/MinuteSearch.html,2026-09-22
kashiwa,千葉県,柏市議会,オストメイト,18,,https://ssp.kaigiroku.net/tenant/kashiwa/MinuteSearch.html,2026-09-22
kashiwa,千葉県,柏市議会,蓄便袋,0,,https://ssp.kaigiroku.net/tenant/kashiwa/MinuteSearch.html,2026-09-22
kashiwa,千葉県,柏市議会,蓄尿袋,0,,https://ssp.kaigiroku.net/tenant/kashiwa/MinuteSearch.html,2026-09-22
ichihara,千葉県,市原市議会,ストーマ,11,,https://ssp.kaigiroku.net/tenant/ichihara/MinuteSearch.html,2026-09-22
ichihara,千葉県,市原市議会,オストメイト,27,,https://ssp.kaigiroku.net/tenant/ichihara/MinuteSearch.html,2026-09-22
ichihara,千葉県,市原市議会,蓄便袋,0,,https://ssp.kaigiroku.net/tenant/ichihara/MinuteSearch.html,2026-09-22
ichihara,千葉県,市原市議会,蓄尿袋,0,,https://ssp.kaigiroku.net/tenant/ichihara/MinuteSearch.html,2026-09-22
nagareyama,千葉県,流山市議会,ストーマ,17,,https://ssp.kaigiroku.net/tenant/nagareyama/MinuteSearch.html,2026-09-22
nagareyama,千葉県,流山市議会,オストメイト,34,,https://ssp.kaigiroku.net/tenant/nagareyama/MinuteSearch.html,2026-09-22
nagareyama,千葉県,流山市議会,蓄便袋,3,,https://ssp.kaigiroku.net/tenant/nagareyama/MinuteSearch.html,2026-09-22
nagareyama,千葉県,流山市議会,蓄尿袋,4,,https://ssp.kaigiroku.net/tenant/nagareyama/MinuteSearch.html,2026-09-22
yachiyo,千葉県,八千代市議会,ストーマ,9,,https://ssp.kaigiroku.net/tenant/yachiyo/MinuteSearch.html,2026-09-22
yachiyo,千葉県,八千代市議会,オストメイト,100,,https://ssp.kaigiroku.net/tenant/yachiyo/MinuteSearch.html,2026-09-22
yachiyo,千葉県,八千代市議会,蓄便袋,0,,https://ssp.kaigiroku.net/tenant/yachiyo/MinuteSearch.html,2026-09-22
yachiyo,千葉県,八千代市議会,蓄尿袋,0,,https://ssp.kaigiroku.net/tenant/yachiyo/MinuteSearch.html,2026-09-22
abiko,千葉県,我孫子市議会,ストーマ,0,,https://ssp.kaigiroku.net/tenant/abiko/MinuteSearch.html,2026-09-22
abiko,千葉県,我孫子市議会,オストメイト,7,,https://ssp.kaigiroku.net/tenant/abiko/MinuteSearch.html,2026-09-22
abiko,千葉県,我孫子市議会,蓄便袋,1,,https://ssp.kaigiroku.net/tenant/abiko/MinuteSearch.html,2026-09-22
abiko,千葉県,我孫子市議会,蓄尿袋,1,,https://ssp.kaigiroku.net/tenant/abiko/MinuteSearch.html,2026-09-22
kamagaya,千葉県,鎌ケ谷市議会,ストーマ,19,,https://ssp.kaigiroku.net/tenant/kamagaya/MinuteSearch.html,2026-09-22
kamagaya,千葉県,鎌ケ谷市議会,オストメイト,44,,https://ssp.kaigiroku.net/tenant/kamagaya/MinuteSearch.html,2026-09-22
kamagaya,千葉県,鎌ケ谷市議会,蓄便袋,2,,https://ssp.kaigiroku.net/tenant/kamagaya/MinuteSearch.html,2026-09-22
kamagaya,千葉県,鎌ケ谷市議会,蓄尿袋,0,,https://ssp.kaigiroku.net/tenant/kamagaya/MinuteSearch.html,2026-09-22
kimitsu,千葉県,君津市議会,ストーマ,2,,https://ssp.kaigiroku.net/tenant/kimitsu/MinuteSearch.html,2026-09-22
kimitsu,千葉県,君津市議会,オストメイト,13,,https://ssp.kaigiroku.net/tenant/kimitsu/MinuteSearch.html,2026-09-22
kimitsu,千葉県,君津市議会,蓄便袋,0,,https://ssp.kaigiroku.net/tenant/kimitsu/MinuteSearch.html,2026-09-22
kimitsu,千葉県,君津市議会,蓄尿袋,0,,https://ssp.kaigiroku.net/tenant/kimitsu/MinuteSearch.html,2026-09-22
urayasu,千葉県,浦安市議会,ストーマ,2,,https://ssp.kaigiroku.net/tenant/urayasu/MinuteSearch.html,2026-09-22
urayasu,千葉県,浦安市議会,オストメイト,42,,https://ssp.kaigiroku.net/tenant/urayasu/MinuteSearch.html,2026-09-22
urayasu,千葉県,浦安市議会,蓄便袋,0,,https://ssp.kaigiroku.net/tenant/urayasu/MinuteSearch.html,2026-09-22
urayasu,千葉県,浦安市議会,蓄尿袋,0,,https://ssp.kaigiroku.net/tenant/urayasu/MinuteSearch.html,2026-09-22
yotsukaido,千葉県,四街道市議会,ストーマ,7,,https://ssp.kaigiroku.net/tenant/yotsukaido/MinuteSearch.html,2026-09-22
yotsukaido,千葉県,四街道市議会,オストメイト,7,,https://ssp.kaigiroku.net/tenant/yotsukaido/MinuteSearch.html,2026-09-22
yotsukaido,千葉県,四街道市議会,蓄便袋,1,,https://ssp.kaigiroku.net/tenant/yotsukaido/MinuteSearch.html,2026-09-22
yotsukaido,千葉県,四街道市議会,蓄尿袋,0,,https://ssp.kaigiroku.net/tenant/yotsukaido/MinuteSearch.html,2026-09-22
sodegaura,千葉県,袖ケ浦市議会,ストーマ,5,,https://ssp.kaigiroku.net/tenant/sodegaura/MinuteSearch.html,2026-09-22
sodegaura,千葉県,袖ケ浦市議会,オストメイト,22,,https://ssp.kaigiroku.net/tenant/sodegaura/MinuteSearch.html,2026-09-22
sodegaura,千葉県,袖ケ浦市議会,蓄便袋,0,,https://ssp.kaigiroku.net/tenant/sodegaura/MinuteSearch.html,2026-09-22
sodegaura,千葉県,袖ケ浦市議会,蓄尿袋,0,,https://ssp.kaigiroku.net/tenant/sodegaura/MinuteSearch.html,2026-09-22
inzai,千葉県,印西市議会,ストーマ,3,,https://ssp.kaigiroku.net/tenant/inzai/MinuteSearch.html,2026-09-22
inzai,千葉県,印西市議会,オストメイト,69,,https://ssp.kaigiroku.net/tenant/inzai/MinuteSearch.html,2026-09-22
inzai,千葉県,印西市議会,蓄便袋,0,,https://ssp.kaigiroku.net/tenant/inzai/MinuteSearch.html,2026-09-22
inzai,千葉県,印西市議会,蓄尿袋,0,,https://ssp.kaigiroku.net/tenant/inzai/MinuteSearch.html,2026-09-22
tomisato,千葉県,富里市議会,ストーマ,0,,https://ssp.kaigiroku.net/tenant/tomisato/MinuteSearch.html,2026-09-22
tomisato,千葉県,富里市議会,オストメイト,8,,https://ssp.kaigiroku.net/tenant/tomisato/MinuteSearch.html,2026-09-22
tomisato,千葉県,富里市議会,蓄便袋,0,,https://ssp.kaigiroku.net/tenant/tomisato/MinuteSearch.html,2026-09-22
tomisato,千葉県,富里市議会,蓄尿袋,0,,https://ssp.kaigiroku.net/tenant/tomisato/MinuteSearch.html,2026-09-22
sosa,千葉県,匝瑳市議会,ストーマ,4,,https://ssp.kaigiroku.net/tenant/sosa/MinuteSearch.html,2026-09-22
sosa,千葉県,匝瑳市議会,オストメイト,10,,https://ssp.kaigiroku.net/tenant/sosa/MinuteSearch.html,2026-09-22
sosa,千葉県,匝瑳市議会,蓄便袋,0,,https://ssp.kaigiroku.net/tenant/sosa/MinuteSearch.html,2026-09-22
sosa,千葉県,匝瑳市議会,蓄尿袋,0,,https://ssp.kaigiroku.net/tenant/sosa/MinuteSearch.html,2026-09-22
katori,千葉県,香取市議会,ストーマ,1,,https://ssp.kaigiroku.net/tenant/katori/MinuteSearch.html,2026-09-22
katori,千葉県,香取市議会,オストメイト,6,,https://ssp.kaigiroku.net/tenant/katori/MinuteSearch.html,2026-09-22
katori,千葉県,香取市議会,蓄便袋,1,,https://ssp.kaigiroku.net/tenant/katori/MinuteSearch.html,2026-09-22
katori,千葉県,香取市議会,蓄尿袋,1,,https://ssp.kaigiroku.net/tenant/katori/MinuteSearch.html,2026-09-22
isumi,千葉県,いすみ市議会,ストーマ,7,,https://ssp.kaigiroku.net/tenant/isumi/MinuteSearch.html,2026-09-22
isumi,千葉県,いすみ市議会,オストメイト,39,,https://ssp.kaigiroku.net/tenant/isumi/MinuteSearch.html,2026-09-22
isumi,千葉県,いすみ市議会,蓄便袋,3,,https://ssp.kaigiroku.net/tenant/isumi/MinuteSearch.html,2026-09-22
isumi,千葉県,いすみ市議会,蓄尿袋,1,,https://ssp.kaigiroku.net/tenant/isumi/MinuteSearch.html,2026-09-22
kujukuri,千葉県,九十九里町議会,ストーマ,0,,https://ssp.kaigiroku.net/tenant/kujukuri/MinuteSearch.html,2026-09-22
kujukuri,千葉県,九十九里町議会,オストメイト,0,,https://ssp.kaigiroku.net/tenant/kujukuri/MinuteSearch.html,2026-09-22
kujukuri,千葉県,九十九里町議会,蓄便袋,0,,https://ssp.kaigiroku.net/tenant/kujukuri/MinuteSearch.html,2026-09-22
kujukuri,千葉県,九十九里町議会,蓄尿袋,0,,https://ssp.kaigiroku.net/tenant/kujukuri/MinuteSearch.html,2026-09-22
shibayama,千葉県,芝山町議会,ストーマ,0,,https://ssp.kaigiroku.net/tenant/shibayama/MinuteSearch.html,2026-09-22
shibayama,千葉県,芝山町議会,オストメイト,2,,https://ssp.kaigiroku.net/tenant/shibayama/MinuteSearch.html,2026-09-22
shibayama,千葉県,芝山町議会,蓄便袋,0,,https://ssp.kaigiroku.net/tenant/shibayama/MinuteSearch.html,2026-09-22
shibayama,千葉県,芝山町議会,蓄尿袋,0,,https://ssp.kaigiroku.net/tenant/shibayama/MinuteSearch.html,2026-09-22
shinjuku,東京都,新宿区議会,ストーマ,13,,https://ssp.kaigiroku.net/tenant/shinjuku/MinuteSearch.html,2026-09-22
shinjuku,東京都,新宿区議会,オストメイト,48,,https://ssp.kaigiroku.net/tenant/shinjuku/MinuteSearch.html,2026-09-22
shinjuku,東京都,新宿区議会,蓄便袋,0,,https://ssp.kaigiroku.net/tenant/shinjuku/MinuteSearch.html,2026-09-22
shinjuku,東京都,新宿区議会,蓄尿袋,0,,https://ssp.kaigiroku.net/tenant/shinjuku/MinuteSearch.html,2026-09-22
sumida,東京都,墨田区議会,ストーマ,13,,https://ssp.kaigiroku.net/tenant/sumida/MinuteSearch.html,2026-09-22
sumida,東京都,墨田区議会,オストメイト,11,,https://ssp.kaigiroku.net/tenant/sumida/MinuteSearch.html,2026-09-22
sumida,東京都,墨田区議会,蓄便袋,0,,https://ssp.kaigiroku.net/tenant/sumida/MinuteSearch.html,2026-09-22
sumida,東京都,墨田区議会,蓄尿袋,0,,https://ssp.kaigiroku.net/tenant/sumida/MinuteSearch.html,2026-09-22
shibuya,東京都,渋谷区議会,ストーマ,4,,https://ssp.kaigiroku.net/tenant/shibuya/MinuteSearch.html,2026-09-22
shibuya,東京都,渋谷区議会,オストメイト,53,,https://ssp.kaigiroku.net/tenant/shibuya/MinuteSearch.html,2026-09-22
shibuya,東京都,渋谷区議会,蓄便袋,0,,https://ssp.kaigiroku.net/tenant/shibuya/MinuteSearch.html,2026-09-22
shibuya,東京都,渋谷区議会,蓄尿袋,0,,https://ssp.kaigiroku.net/tenant/shibuya/MinuteSearch.html,2026-09-22
kita,東京都,北区議会,ストーマ,17,,https://ssp.kaigiroku.net/tenant/kita/MinuteSearch.html,2026-09-22
kita,東京都,北区議会,オストメイト,44,,https://ssp.kaigiroku.net/tenant/kita/MinuteSearch.html,2026-09-22
kita,東京都,北区議会,蓄便袋,0,,https://ssp.kaigiroku.net/tenant/kita/MinuteSearch.html,2026-09-22
kita,東京都,北区議会,蓄尿袋,0,,https://ssp.kaigiroku.net/tenant/kita/MinuteSearch.html,2026-09-22
arakawa,東京都,荒川区議会,ストーマ,7,,https://ssp.kaigiroku.net/tenant/arakawa/MinuteSearch.html,2026-09-22
arakawa,東京都,荒川区議会,オストメイト,27,,https://ssp.kaigiroku.net/tenant/arakawa/MinuteSearch.html,2026-09-22
arakawa,東京都,荒川区議会,蓄便袋,0,,https://ssp.kaigiroku.net/tenant/arakawa/MinuteSearch.html,2026-09-22
arakawa,東京都,荒川区議会,蓄尿袋,0,,https://ssp.kaigiroku.net/tenant/arakawa/MinuteSearch.html,2026-09-22
nerima,東京都,練馬区議会,ストーマ,4,,https://ssp.kaigiroku.net/tenant/nerima/MinuteSearch.html,2026-09-22
nerima,東京都,練馬区議会,オストメイト,37,,https://ssp.kaigiroku.net/tenant/nerima/MinuteSearch.html,2026-09-22
nerima,東京都,練馬区議会,蓄便袋,1,,https://ssp.kaigiroku.net/tenant/nerima/MinuteSearch.html,2026-09-22
nerima,東京都,練馬区議会,蓄尿袋,0,,https://ssp.kaigiroku.net/tenant/nerima/MinuteSearch.html,2026-09-22
tachikawa,東京都,立川市議会,ストーマ,13,,https://ssp.kaigiroku.net/tenant/tachikawa/MinuteSearch.html,2026-09-22
tachikawa,東京都,立川市議会,オストメイト,194,,https://ssp.kaigiroku.net/tenant/tachikawa/MinuteSearch.html,2026-09-22
tachikawa,東京都,立川市議会,蓄便袋,2,,https://ssp.kaigiroku.net/tenant/tachikawa/MinuteSearch.html,2026-09-22
tachikawa,東京都,立川市議会,蓄尿袋,2,,https://ssp.kaigiroku.net/tenant/tachikawa/MinuteSearch.html,2026-09-22
ome,東京都,青梅市議会,ストーマ,5,,https://ssp.kaigiroku.net/tenant/ome/MinuteSearch.html,2026-09-22
ome,東京都,青梅市議会,オストメイト,29,,https://ssp.kaigiroku.net/tenant/ome/MinuteSearch.html,2026-09-22
ome,東京都,青梅市議会,蓄便袋,0,,https://ssp.kaigiroku.net/tenant/ome/MinuteSearch.html,2026-09-22
ome,東京都,青梅市議会,蓄尿袋,0,,https://ssp.kaigiroku.net/tenant/ome/MinuteSearch.html,2026-09-22
akishima,東京都,昭島市議会,ストーマ,21,,https://ssp.kaigiroku.net/tenant/akishima/MinuteSearch.html,2026-09-22
akishima,東京都,昭島市議会,オストメイト,63,,https://ssp.kaigiroku.net/tenant/akishima/MinuteSearch.html,2026-09-22
akishima,東京都,昭島市議会,蓄便袋,0,,https://ssp.kaigiroku.net/tenant/akishima/MinuteSearch.html,2026-09-22
akishima,東京都,昭島市議会,蓄尿袋,1,,https://ssp.kaigiroku.net/tenant/akishima/MinuteSearch.html,2026-09-22
kodaira,東京都,小平市議会,ストーマ,14,,https://ssp.kaigiroku.net/tenant/kodaira/MinuteSearch.html,2026-09-22
kodaira,東京都,小平市議会,オストメイト,72,,https://ssp.kaigiroku.net/tenant/kodaira/MinuteSearch.html,2026-09-22
kodaira,東京都,小平市議会,蓄便袋,0,,https://ssp.kaigiroku.net/tenant/kodaira/MinuteSearch.html,2026-09-22
kodaira,東京都,小平市議会,蓄尿袋,0,,https://ssp.kaigiroku.net/tenant/kodaira/MinuteSearch.html,2026-09-22
kiyose,東京都,清瀬市議会,ストーマ,3,,https://ssp.kaigiroku.net/tenant/kiyose/MinuteSearch.html,2026-09-22
kiyose,東京都,清瀬市議会,オストメイト,34,,https://ssp.kaigiroku.net/tenant/kiyose/MinuteSearch.html,2026-09-22
kiyose,東京都,清瀬市議会,蓄便袋,2,,https://ssp.kaigiroku.net/tenant/kiyose/MinuteSearch.html,2026-09-22
kiyose,東京都,清瀬市議会,蓄尿袋,1,,https://ssp.kaigiroku.net/tenant/kiyose/MinuteSearch.html,2026-09-22
musashimurayama,東京都,武蔵村山市議会,ストーマ,1,,https://ssp.kaigiroku.net/tenant/musashimurayama/MinuteSearch.html,2026-09-22
musashimurayama,東京都,武蔵村山市議会,オストメイト,30,,https://ssp.kaigiroku.net/tenant/musashimurayama/MinuteSearch.html,2026-09-22
musashimurayama,東京都,武蔵村山市議会,蓄便袋,0,,https://ssp.kaigiroku.net/tenant/musashimurayama/MinuteSearch.html,2026-09-22
musashimurayama,東京都,武蔵村山市議会,蓄尿袋,0,,https://ssp.kaigiroku.net/tenant/musashimurayama/MinuteSearch.html,2026-09-22
mizuho,東京都,瑞穂町議会,ストーマ,3,,https://ssp.kaigiroku.net/tenant/mizuho/MinuteSearch.html,2026-09-22
mizuho,東京都,瑞穂町議会,オストメイト,12,,https://ssp.kaigiroku.net/tenant/mizuho/MinuteSearch.html,2026-09-22
mizuho,東京都,瑞穂町議会,蓄便袋,1,,https://ssp.kaigiroku.net/tenant/mizuho/MinuteSearch.html,2026-09-22
mizuho,東京都,瑞穂町議会,蓄尿袋,0,,https://ssp.kaigiroku.net/tenant/mizuho/MinuteSearch.html,2026-09-22
prefkanagawa,神奈川県,神奈川県議会,ストーマ,13,,https://ssp.kaigiroku.net/tenant/prefkanagawa/MinuteSearch.html,2026-09-22
prefkanagawa,神奈川県,神奈川県議会,オストメイト,31,,https://ssp.kaigiroku.net/tenant/prefkanagawa/MinuteSearch.html,2026-09-22
prefkanagawa,神奈川県,神奈川県議会,蓄便袋,0,,https://ssp.kaigiroku.net/tenant/prefkanagawa/MinuteSearch.html,2026-09-22
prefkanagawa,神奈川県,神奈川県議会,蓄尿袋,0,,https://ssp.kaigiroku.net/tenant/prefkanagawa/MinuteSearch.html,2026-09-22
sagamihara,神奈川県,相模原市議会,ストーマ,3,,https://ssp.kaigiroku.net/tenant/sagamihara/MinuteSearch.html,2026-09-22
sagamihara,神奈川県,相模原市議会,オストメイト,16,,https://ssp.kaigiroku.net/tenant/sagamihara/MinuteSearch.html,2026-09-22
sagamihara,神奈川県,相模原市議会,蓄便袋,0,,https://ssp.kaigiroku.net/tenant/sagamihara/MinuteSearch.html,2026-09-22
sagamihara,神奈川県,相模原市議会,蓄尿袋,0,,https://ssp.kaigiroku.net/tenant/sagamihara/MinuteSearch.html,2026-09-22
yokosuka,神奈川県,横須賀市議会,ストーマ,4,,https://ssp.kaigiroku.net/tenant/yokosuka/MinuteSearch.html,2026-09-22
yokosuka,神奈川県,横須賀市議会,オストメイト,34,,https://ssp.kaigiroku.net/tenant/yokosuka/MinuteSearch.html,2026-09-22
yokosuka,神奈川県,横須賀市議会,蓄便袋,0,,https://ssp.kaigiroku.net/tenant/yokosuka/MinuteSearch.html,2026-09-22
yokosuka,神奈川県,横須賀市議会,蓄尿袋,0,,https://ssp.kaigiroku.net/tenant/yokosuka/MinuteSearch.html,2026-09-22
odawara,神奈川県,小田原市議会,ストーマ,2,,https://ssp.kaigiroku.net/tenant/odawara/MinuteSearch.html,2026-09-22
odawara,神奈川県,小田原市議会,オストメイト,11,,https://ssp.kaigiroku.net/tenant/odawara/MinuteSearch.html,2026-09-22
odawara,神奈川県,小田原市議会,蓄便袋,0,,https://ssp.kaigiroku.net/tenant/odawara/MinuteSearch.html,2026-09-22
odawara,神奈川県,小田原市議会,蓄尿袋,0,,https://ssp.kaigiroku.net/tenant/odawara/MinuteSearch.html,2026-09-22
zushi,神奈川県,逗子市議会,ストーマ,2,,https://ssp.kaigiroku.net/tenant/zushi/MinuteSearch.html,2026-09-22
zushi,神奈川県,逗子市議会,オストメイト,41,,https://ssp.kaigiroku.net/tenant/zushi/MinuteSearch.html,2026-09-22
zushi,神奈川県,逗子市議会,蓄便袋,0,,https://ssp.kaigiroku.net/tenant/zushi/MinuteSearch.html,2026-09-22
zushi,神奈川県,逗子市議会,蓄尿袋,0,,https://ssp.kaigiroku.net/tenant/zushi/MinuteSearch.html,2026-09-22
ayase,神奈川県,綾瀬市議会,ストーマ,14,,https://ssp.kaigiroku.net/tenant/ayase/MinuteSearch.html,2026-09-22
ayase,神奈川県,綾瀬市議会,オストメイト,49,,https://ssp.kaigiroku.net/tenant/ayase/MinuteSearch.html,2026-09-22
ayase,神奈川県,綾瀬市議会,蓄便袋,0,,https://ssp.kaigiroku.net/tenant/ayase/MinuteSearch.html,2026-09-22
ayase,神奈川県,綾瀬市議会,蓄尿袋,0,,https://ssp.kaigiroku.net/tenant/ayase/MinuteSearch.html,2026-09-22
aikawa,神奈川県,愛川町議会,ストーマ,34,,https://ssp.kaigiroku.net/tenant/aikawa/MinuteSearch.html,2026-09-22
aikawa,神奈川県,愛川町議会,オストメイト,39,,https://ssp.kaigiroku.net/tenant/aikawa/MinuteSearch.html,2026-09-22
aikawa,神奈川県,愛川町議会,蓄便袋,1,,https://ssp.kaigiroku.net/tenant/aikawa/MinuteSearch.html,2026-09-22
aikawa,神奈川県,愛川町議会,蓄尿袋,1,,https://ssp.kaigiroku.net/tenant/aikawa/MinuteSearch.html,2026-09-22
prefniigata,新潟県,新潟県議会,ストーマ,0,,https://ssp.kaigiroku.net/tenant/prefniigata/MinuteSearch.html,2026-09-22
prefniigata,新潟県,新潟県議会,オストメイト,6,,https://ssp.kaigiroku.net/tenant/prefniigata/MinuteSearch.html,2026-09-22
prefniigata,新潟県,新潟県議会,蓄便袋,0,,https://ssp.kaigiroku.net/tenant/prefniigata/MinuteSearch.html,2026-09-22
prefniigata,新潟県,新潟県議会,蓄尿袋,0,,https://ssp.kaigiroku.net/tenant/prefniigata/MinuteSearch.html,2026-09-22
ojiya,新潟県,小千谷市議会,ストーマ,0,,https://ssp.kaigiroku.net/tenant/ojiya/MinuteSearch.html,2026-09-22
ojiya,新潟県,小千谷市議会,オストメイト,0,,https://ssp.kaigiroku.net/tenant/ojiya/MinuteSearch.html,2026-09-22
ojiya,新潟県,小千谷市議会,蓄便袋,0,,https://ssp.kaigiroku.net/tenant/ojiya/MinuteSearch.html,2026-09-22
ojiya,新潟県,小千谷市議会,蓄尿袋,0,,https://ssp.kaigiroku.net/tenant/ojiya/MinuteSearch.html,2026-09-22
tokamachi,新潟県,十日町市議会,ストーマ,0,,https://ssp.kaigiroku.net/tenant/tokamachi/MinuteSearch.html,2026-09-22
tokamachi,新潟県,十日町市議会,オストメイト,2,,https://ssp.kaigiroku.net/tenant/tokamachi/MinuteSearch.html,2026-09-22
tokamachi,新潟県,十日町市議会,蓄便袋,0,,https://ssp.kaigiroku.net/tenant/tokamachi/MinuteSearch.html,2026-09-22
tokamachi,新潟県,十日町市議会,蓄尿袋,0,,https://ssp.kaigiroku.net/tenant/tokamachi/MinuteSearch.html,2026-09-22
mitsuke,新潟県,見附市議会,ストーマ,2,,https://ssp.kaigiroku.net/tenant/mitsuke/MinuteSearch.html,2026-09-22
mitsuke,新潟県,見附市議会,オストメイト,8,,https://ssp.kaigiroku.net/tenant/mitsuke/MinuteSearch.html,2026-09-22
mitsuke,新潟県,見附市議会,蓄便袋,0,,https://ssp.kaigiroku.net/tenant/mitsuke/MinuteSearch.html,2026-09-22
mitsuke,新潟県,見附市議会,蓄尿袋,0,,https://ssp.kaigiroku.net/tenant/mitsuke/MinuteSearch.html,2026-09-22
tsubame,新潟県,燕市議会,ストーマ,1,,https://ssp.kaigiroku.net/tenant/tsubame/MinuteSearch.html,2026-09-22
tsubame,新潟県,燕市議会,オストメイト,5,,https://ssp.kaigiroku.net/tenant/tsubame/MinuteSearch.html,2026-09-22
tsubame,新潟県,燕市議会,蓄便袋,0,,https://ssp.kaigiroku.net/tenant/tsubame/MinuteSearch.html,2026-09-22
tsubame,新潟県,燕市議会,蓄尿袋,0,,https://ssp.kaigiroku.net/tenant/tsubame/MinuteSearch.html,2026-09-22
myoko,新潟県,妙高市議会,ストーマ,3,,https://ssp.kaigiroku.net/tenant/myoko/MinuteSearch.html,2026-09-22
myoko,新潟県,妙高市議会,オストメイト,0,,https://ssp.kaigiroku.net/tenant/myoko/MinuteSearch.html,2026-09-22
myoko,新潟県,妙高市議会,蓄便袋,0,,https://ssp.kaigiroku.net/tenant/myoko/MinuteSearch.html,2026-09-22
myoko,新潟県,妙高市議会,蓄尿袋,0,,https://ssp.kaigiroku.net/tenant/myoko/MinuteSearch.html,2026-09-22
gosen,新潟県,五泉市議会,ストーマ,1,,https://ssp.kaigiroku.net/tenant/gosen/MinuteSearch.html,2026-09-22
gosen,新潟県,五泉市議会,オストメイト,2,,https://ssp.kaigiroku.net/tenant/gosen/MinuteSearch.html,2026-09-22
gosen,新潟県,五泉市議会,蓄便袋,0,,https://ssp.kaigiroku.net/tenant/gosen/MinuteSearch.html,2026-09-22
gosen,新潟県,五泉市議会,蓄尿袋,0,,https://ssp.kaigiroku.net/tenant/gosen/MinuteSearch.html,2026-09-22
joetsu,新潟県,上越市議会,ストーマ,5,,https://ssp.kaigiroku.net/tenant/joetsu/MinuteSearch.html,2026-09-22
joetsu,新潟県,上越市議会,オストメイト,24,,https://ssp.kaigiroku.net/tenant/joetsu/MinuteSearch.html,2026-09-22
joetsu,新潟県,上越市議会,蓄便袋,0,,https://ssp.kaigiroku.net/tenant/joetsu/MinuteSearch.html,2026-09-22
joetsu,新潟県,上越市議会,蓄尿袋,0,,https://ssp.kaigiroku.net/tenant/joetsu/MinuteSearch.html,2026-09-22
tainai,新潟県,胎内市議会,ストーマ,0,,https://ssp.kaigiroku.net/tenant/tainai/MinuteSearch.html,2026-09-22
tainai,新潟県,胎内市議会,オストメイト,0,,https://ssp.kaigiroku.net/tenant/tainai/MinuteSearch.html,2026-09-22
tainai,新潟県,胎内市議会,蓄便袋,0,,https://ssp.kaigiroku.net/tenant/tainai/MinuteSearch.html,2026-09-22
tainai,新潟県,胎内市議会,蓄尿袋,0,,https://ssp.kaigiroku.net/tenant/tainai/MinuteSearch.html,2026-09-22
aga,新潟県,阿賀町議会,ストーマ,5,,https://ssp.kaigiroku.net/tenant/aga/MinuteSearch.html,2026-09-22
aga,新潟県,阿賀町議会,オストメイト,0,,https://ssp.kaigiroku.net/tenant/aga/MinuteSearch.html,2026-09-22
aga,新潟県,阿賀町議会,蓄便袋,0,,https://ssp.kaigiroku.net/tenant/aga/MinuteSearch.html,2026-09-22
aga,新潟県,阿賀町議会,蓄尿袋,0,,https://ssp.kaigiroku.net/tenant/aga/MinuteSearch.html,2026-09-22
oyabe,富山県,小矢部市議会,ストーマ,0,,https://ssp.kaigiroku.net/tenant/oyabe/MinuteSearch.html,2026-09-22
oyabe,富山県,小矢部市議会,オストメイト,0,,https://ssp.kaigiroku.net/tenant/oyabe/MinuteSearch.html,2026-09-22
oyabe,富山県,小矢部市議会,蓄便袋,0,,https://ssp.kaigiroku.net/tenant/oyabe/MinuteSearch.html,2026-09-22
oyabe,富山県,小矢部市議会,蓄尿袋,0,,https://ssp.kaigiroku.net/tenant/oyabe/MinuteSearch.html,2026-09-22
nanto,富山県,南砺市議会,ストーマ,0,,https://ssp.kaigiroku.net/tenant/nanto/MinuteSearch.html,2026-09-22
nanto,富山県,南砺市議会,オストメイト,2,,https://ssp.kaigiroku.net/tenant/nanto/MinuteSearch.html,2026-09-22
nanto,富山県,南砺市議会,蓄便袋,0,,https://ssp.kaigiroku.net/tenant/nanto/MinuteSearch.html,2026-09-22
nanto,富山県,南砺市議会,蓄尿袋,0,,https://ssp.kaigiroku.net/tenant/nanto/MinuteSearch.html,2026-09-22
imizu,富山県,射水市議会,ストーマ,0,,https://ssp.kaigiroku.net/tenant/imizu/MinuteSearch.html,2026-09-22
imizu,富山県,射水市議会,オストメイト,2,,https://ssp.kaigiroku.net/tenant/imizu/MinuteSearch.html,2026-09-22
imizu,富山県,射水市議会,蓄便袋,0,,https://ssp.kaigiroku.net/tenant/imizu/MinuteSearch.html,2026-09-22
imizu,富山県,射水市議会,蓄尿袋,0,,https://ssp.kaigiroku.net/tenant/imizu/MinuteSearch.html,2026-09-22
kanazawa,石川県,金沢市議会,ストーマ,5,,https://ssp.kaigiroku.net/tenant/kanazawa/MinuteSearch.html,2026-09-22
kanazawa,石川県,金沢市議会,オストメイト,28,,https://ssp.kaigiroku.net/tenant/kanazawa/MinuteSearch.html,2026-09-22
kanazawa,石川県,金沢市議会,蓄便袋,0,,https://ssp.kaigiroku.net/tenant/kanazawa/MinuteSearch.html,2026-09-22
kanazawa,石川県,金沢市議会,蓄尿袋,0,,https://ssp.kaigiroku.net/tenant/kanazawa/MinuteSearch.html,2026-09-22
nanao,石川県,七尾市議会,ストーマ,1,,https://ssp.kaigiroku.net/tenant/nanao/MinuteSearch.html,2026-09-22
nanao,石川県,七尾市議会,オストメイト,4,,https://ssp.kaigiroku.net/tenant/nanao/MinuteSearch.html,2026-09-22
nanao,石川県,七尾市議会,蓄便袋,0,,https://ssp.kaigiroku.net/tenant/nanao/MinuteSearch.html,2026-09-22
nanao,石川県,七尾市議会,蓄尿袋,1,,https://ssp.kaigiroku.net/tenant/nanao/MinuteSearch.html,2026-09-22
wajima,石川県,輪島市議会,ストーマ,0,,https://ssp.kaigiroku.net/tenant/wajima/MinuteSearch.html,2026-09-22
wajima,石川県,輪島市議会,オストメイト,2,,https://ssp.kaigiroku.net/tenant/wajima/MinuteSearch.html,2026-09-22
wajima,石川県,輪島市議会,蓄便袋,2,,https://ssp.kaigiroku.net/tenant/wajima/MinuteSearch.html,2026-09-22
wajima,石川県,輪島市議会,蓄尿袋,1,,https://ssp.kaigiroku.net/tenant/wajima/MinuteSearch.html,2026-09-22
kaga,石川県,加賀市議会,ストーマ,0,,https://ssp.kaigiroku.net/tenant/kaga/MinuteSearch.html,2026-09-22
kaga,石川県,加賀市議会,オストメイト,5,,https://ssp.kaigiroku.net/tenant/kaga/MinuteSearch.html,2026-09-22
kaga,石川県,加賀市議会,蓄便袋,0,,https://ssp.kaigiroku.net/tenant/kaga/MinuteSearch.html,2026-09-22
kaga,石川県,加賀市議会,蓄尿袋,0,,https://ssp.kaigiroku.net/tenant/kaga/MinuteSearch.html,2026-09-22
hakusan,石川県,白山市議会,ストーマ,0,,https://ssp.kaigiroku.net/tenant/hakusan/MinuteSearch.html,2026-09-22
hakusan,石川県,白山市議会,オストメイト,8,,https://ssp.kaigiroku.net/tenant/hakusan/MinuteSearch.html,2026-09-22
hakusan,石川県,白山市議会,蓄便袋,0,,https://ssp.kaigiroku.net/tenant/hakusan/MinuteSearch.html,2026-09-22
hakusan,石川県,白山市議会,蓄尿袋,0,,https://ssp.kaigiroku.net/tenant/hakusan/MinuteSearch.html,2026-09-22
nonoichi,石川県,野々市市議会,ストーマ,6,,https://ssp.kaigiroku.net/tenant/nonoichi/MinuteSearch.html,2026-09-22
nonoichi,石川県,野々市市議会,オストメイト,10,,https://ssp.kaigiroku.net/tenant/nonoichi/MinuteSearch.html,2026-09-22
nonoichi,石川県,野々市市議会,蓄便袋,1,,https://ssp.kaigiroku.net/tenant/nonoichi/MinuteSearch.html,2026-09-22
nonoichi,石川県,野々市市議会,蓄尿袋,1,,https://ssp.kaigiroku.net/tenant/nonoichi/MinuteSearch.html,2026-09-22
fukui,福井県,福井市議会,ストーマ,0,,https://ssp.kaigiroku.net/tenant/fukui/MinuteSearch.html,2026-09-22
fukui,福井県,福井市議会,オストメイト,22,,https://ssp.kaigiroku.net/tenant/fukui/MinuteSearch.html,2026-09-22
fukui,福井県,福井市議会,蓄便袋,0,,https://ssp.kaigiroku.net/tenant/fukui/MinuteSearch.html,2026-09-22
fukui,福井県,福井市議会,蓄尿袋,0,,https://ssp.kaigiroku.net/tenant/fukui/MinuteSearch.html,2026-09-22
obama,福井県,小浜市議会,ストーマ,2,,https://ssp.kaigiroku.net/tenant/obama/MinuteSearch.html,2026-09-22
obama,福井県,小浜市議会,オストメイト,18,,https://ssp.kaigiroku.net/tenant/obama/MinuteSearch.html,2026-09-22
obama,福井県,小浜市議会,蓄便袋,0,,https://ssp.kaigiroku.net/tenant/obama/MinuteSearch.html,2026-09-22
obama,福井県,小浜市議会,蓄尿袋,0,,https://ssp.kaigiroku.net/tenant/obama/MinuteSearch.html,2026-09-22
ono,福井県,大野市議会,ストーマ,0,,https://ssp.kaigiroku.net/tenant/ono/MinuteSearch.html,2026-09-22
ono,福井県,大野市議会,オストメイト,0,,https://ssp.kaigiroku.net/tenant/ono/MinuteSearch.html,2026-09-22
ono,福井県,大野市議会,蓄便袋,0,,https://ssp.kaigiroku.net/tenant/ono/MinuteSearch.html,2026-09-22
ono,福井県,大野市議会,蓄尿袋,0,,https://ssp.kaigiroku.net/tenant/ono/MinuteSearch.html,2026-09-22
echizen,福井県,越前市議会,ストーマ,-1,input_not_found,https://ssp.kaigiroku.net/tenant/echizen/MinuteSearch.html,2026-09-22
echizen,福井県,越前市議会,オストメイト,-1,input_not_found,https://ssp.kaigiroku.net/tenant/echizen/MinuteSearch.html,2026-09-22
echizen,福井県,越前市議会,蓄便袋,-1,input_not_found,https://ssp.kaigiroku.net/tenant/echizen/MinuteSearch.html,2026-09-22
echizen,福井県,越前市議会,蓄尿袋,-1,input_not_found,https://ssp.kaigiroku.net/tenant/echizen/MinuteSearch.html,2026-09-22
ohi,福井県,おおい町議会,ストーマ,0,,https://ssp.kaigiroku.net/tenant/ohi/MinuteSearch.html,2026-09-22
ohi,福井県,おおい町議会,オストメイト,0,,https://ssp.kaigiroku.net/tenant/ohi/MinuteSearch.html,2026-09-22
ohi,福井県,おおい町議会,蓄便袋,1,,https://ssp.kaigiroku.net/tenant/ohi/MinuteSearch.html,2026-09-22
ohi,福井県,おおい町議会,蓄尿袋,0,,https://ssp.kaigiroku.net/tenant/ohi/MinuteSearch.html,2026-09-22
fujiyoshida,山梨県,富士吉田市議会,ストーマ,0,,https://ssp.kaigiroku.net/tenant/fujiyoshida/MinuteSearch.html,2026-09-22
fujiyoshida,山梨県,富士吉田市議会,オストメイト,0,,https://ssp.kaigiroku.net/tenant/fujiyoshida/MinuteSearch.html,2026-09-22
fujiyoshida,山梨県,富士吉田市議会,蓄便袋,0,,https://ssp.kaigiroku.net/tenant/fujiyoshida/MinuteSearch.html,2026-09-22
fujiyoshida,山梨県,富士吉田市議会,蓄尿袋,0,,https://ssp.kaigiroku.net/tenant/fujiyoshida/MinuteSearch.html,2026-09-22
tsuru,山梨県,都留市議会,ストーマ,20,,https://ssp.kaigiroku.net/tenant/tsuru/MinuteSearch.html,2026-09-22
tsuru,山梨県,都留市議会,オストメイト,22,,https://ssp.kaigiroku.net/tenant/tsuru/MinuteSearch.html,2026-09-22
tsuru,山梨県,都留市議会,蓄便袋,0,,https://ssp.kaigiroku.net/tenant/tsuru/MinuteSearch.html,2026-09-22
tsuru,山梨県,都留市議会,蓄尿袋,0,,https://ssp.kaigiroku.net/tenant/tsuru/MinuteSearch.html,2026-09-22
yamanashi,山梨県,山梨市議会,ストーマ,0,,https://ssp.kaigiroku.net/tenant/yamanashi/MinuteSearch.html,2026-09-22
yamanashi,山梨県,山梨市議会,オストメイト,1,,https://ssp.kaigiroku.net/tenant/yamanashi/MinuteSearch.html,2026-09-22
yamanashi,山梨県,山梨市議会,蓄便袋,0,,https://ssp.kaigiroku.net/tenant/yamanashi/MinuteSearch.html,2026-09-22
yamanashi,山梨県,山梨市議会,蓄尿袋,0,,https://ssp.kaigiroku.net/tenant/yamanashi/MinuteSearch.html,2026-09-22
otsuki,山梨県,大月市議会,ストーマ,0,,https://ssp.kaigiroku.net/tenant/otsuki/MinuteSearch.html,2026-09-22
otsuki,山梨県,大月市議会,オストメイト,0,,https://ssp.kaigiroku.net/tenant/otsuki/MinuteSearch.html,2026-09-22
otsuki,山梨県,大月市議会,蓄便袋,0,,https://ssp.kaigiroku.net/tenant/otsuki/MinuteSearch.html,2026-09-22
otsuki,山梨県,大月市議会,蓄尿袋,0,,https://ssp.kaigiroku.net/tenant/otsuki/MinuteSearch.html,2026-09-22
nirasaki,山梨県,韮崎市議会,ストーマ,0,,https://ssp.kaigiroku.net/tenant/nirasaki/MinuteSearch.html,2026-09-22
nirasaki,山梨県,韮崎市議会,オストメイト,3,,https://ssp.kaigiroku.net/tenant/nirasaki/MinuteSearch.html,2026-09-22
nirasaki,山梨県,韮崎市議会,蓄便袋,0,,https://ssp.kaigiroku.net/tenant/nirasaki/MinuteSearch.html,2026-09-22
nirasaki,山梨県,韮崎市議会,蓄尿袋,0,,https://ssp.kaigiroku.net/tenant/nirasaki/MinuteSearch.html,2026-09-22
cityhokuto,山梨県,北杜市議会,ストーマ,0,,https://ssp.kaigiroku.net/tenant/cityhokuto/MinuteSearch.html,2026-09-22
cityhokuto,山梨県,北杜市議会,オストメイト,0,,https://ssp.kaigiroku.net/tenant/cityhokuto/MinuteSearch.html,2026-09-22
cityhokuto,山梨県,北杜市議会,蓄便袋,0,,https://ssp.kaigiroku.net/tenant/cityhokuto/MinuteSearch.html,2026-09-22
cityhokuto,山梨県,北杜市議会,蓄尿袋,0,,https://ssp.kaigiroku.net/tenant/cityhokuto/MinuteSearch.html,2026-09-22
kai,山梨県,甲斐市議会,ストーマ,0,,https://ssp.kaigiroku.net/tenant/kai/MinuteSearch.html,2026-09-22
kai,山梨県,甲斐市議会,オストメイト,5,,https://ssp.kaigiroku.net/tenant/kai/MinuteSearch.html,2026-09-22
kai,山梨県,甲斐市議会,蓄便袋,0,,https://ssp.kaigiroku.net/tenant/kai/MinuteSearch.html,2026-09-22
kai,山梨県,甲斐市議会,蓄尿袋,0,,https://ssp.kaigiroku.net/tenant/kai/MinuteSearch.html,2026-09-22
uenohara,山梨県,上野原市議会,ストーマ,0,,https://ssp.kaigiroku.net/tenant/uenohara/MinuteSearch.html,2026-09-22
uenohara,山梨県,上野原市議会,オストメイト,0,,https://ssp.kaigiroku.net/tenant/uenohara/MinuteSearch.html,2026-09-22
uenohara,山梨県,上野原市議会,蓄便袋,0,,https://ssp.kaigiroku.net/tenant/uenohara/MinuteSearch.html,2026-09-22
uenohara,山梨県,上野原市議会,蓄尿袋,0,,https://ssp.kaigiroku.net/tenant/uenohara/MinuteSearch.html,2026-09-22
koshu,山梨県,甲州市議会,ストーマ,0,,https://ssp.kaigiroku.net/tenant/koshu/MinuteSearch.html,2026-09-22
koshu,山梨県,甲州市議会,オストメイト,0,,https://ssp.kaigiroku.net/tenant/koshu/MinuteSearch.html,2026-09-22
koshu,山梨県,甲州市議会,蓄便袋,0,,https://ssp.kaigiroku.net/tenant/koshu/MinuteSearch.html,2026-09-22
koshu,山梨県,甲州市議会,蓄尿袋,0,,https://ssp.kaigiroku.net/tenant/koshu/MinuteSearch.html,2026-09-22
chuo,山梨県,中央市議会,ストーマ,1,,https://ssp.kaigiroku.net/tenant/chuo/MinuteSearch.html,2026-09-22
chuo,山梨県,中央市議会,オストメイト,2,,https://ssp.kaigiroku.net/tenant/chuo/MinuteSearch.html,2026-09-22
chuo,山梨県,中央市議会,蓄便袋,0,,https://ssp.kaigiroku.net/tenant/chuo/MinuteSearch.html,2026-09-22
chuo,山梨県,中央市議会,蓄尿袋,0,,https://ssp.kaigiroku.net/tenant/chuo/MinuteSearch.html,2026-09-22
showa,山梨県,昭和町議会,ストーマ,0,,https://ssp.kaigiroku.net/tenant/showa/MinuteSearch.html,2026-09-22
showa,山梨県,昭和町議会,オストメイト,1,,https://ssp.kaigiroku.net/tenant/showa/MinuteSearch.html,2026-09-22
showa,山梨県,昭和町議会,蓄便袋,0,,https://ssp.kaigiroku.net/tenant/showa/MinuteSearch.html,2026-09-22
showa,山梨県,昭和町議会,蓄尿袋,0,,https://ssp.kaigiroku.net/tenant/showa/MinuteSearch.html,2026-09-22
fujikawaguchiko,山梨県,富士河口湖町議会,ストーマ,0,,https://ssp.kaigiroku.net/tenant/fujikawaguchiko/MinuteSearch.html,2026-09-22
fujikawaguchiko,山梨県,富士河口湖町議会,オストメイト,0,,https://ssp.kaigiroku.net/tenant/fujikawaguchiko/MinuteSearch.html,2026-09-22
fujikawaguchiko,山梨県,富士河口湖町議会,蓄便袋,0,,https://ssp.kaigiroku.net/tenant/fujikawaguchiko/MinuteSearch.html,2026-09-22
fujikawaguchiko,山梨県,富士河口湖町議会,蓄尿袋,0,,https://ssp.kaigiroku.net/tenant/fujikawaguchiko/MinuteSearch.html,2026-09-22
nagano,長野県,長野市議会,ストーマ,12,,https://ssp.kaigiroku.net/tenant/nagano/MinuteSearch.html,2026-09-22
nagano,長野県,長野市議会,オストメイト,16,,https://ssp.kaigiroku.net/tenant/nagano/MinuteSearch.html,2026-09-22
nagano,長野県,長野市議会,蓄便袋,0,,https://ssp.kaigiroku.net/tenant/nagano/MinuteSearch.html,2026-09-22
nagano,長野県,長野市議会,蓄尿袋,0,,https://ssp.kaigiroku.net/tenant/nagano/MinuteSearch.html,2026-09-22
matsumoto,長野県,松本市議会,ストーマ,2,,https://ssp.kaigiroku.net/tenant/matsumoto/MinuteSearch.html,2026-09-22
matsumoto,長野県,松本市議会,オストメイト,27,,https://ssp.kaigiroku.net/tenant/matsumoto/MinuteSearch.html,2026-09-22
matsumoto,長野県,松本市議会,蓄便袋,1,,https://ssp.kaigiroku.net/tenant/matsumoto/MinuteSearch.html,2026-09-22
matsumoto,長野県,松本市議会,蓄尿袋,1,,https://ssp.kaigiroku.net/tenant/matsumoto/MinuteSearch.html,2026-09-22
ueda,長野県,上田市議会,ストーマ,4,,https://ssp.kaigiroku.net/tenant/ueda/MinuteSearch.html,2026-09-22
ueda,長野県,上田市議会,オストメイト,19,,https://ssp.kaigiroku.net/tenant/ueda/MinuteSearch.html,2026-09-22
ueda,長野県,上田市議会,蓄便袋,0,,https://ssp.kaigiroku.net/tenant/ueda/MinuteSearch.html,2026-09-22
ueda,長野県,上田市議会,蓄尿袋,0,,https://ssp.kaigiroku.net/tenant/ueda/MinuteSearch.html,2026-09-22
okaya,長野県,岡谷市議会,ストーマ,2,,https://ssp.kaigiroku.net/tenant/okaya/MinuteSearch.html,2026-09-22
okaya,長野県,岡谷市議会,オストメイト,9,,https://ssp.kaigiroku.net/tenant/okaya/MinuteSearch.html,2026-09-22
okaya,長野県,岡谷市議会,蓄便袋,0,,https://ssp.kaigiroku.net/tenant/okaya/MinuteSearch.html,2026-09-22
okaya,長野県,岡谷市議会,蓄尿袋,0,,https://ssp.kaigiroku.net/tenant/okaya/MinuteSearch.html,2026-09-22
iida,長野県,飯田市議会,ストーマ,4,,https://ssp.kaigiroku.net/tenant/iida/MinuteSearch.html,2026-09-22
iida,長野県,飯田市議会,オストメイト,5,,https://ssp.kaigiroku.net/tenant/iida/MinuteSearch.html,2026-09-22
iida,長野県,飯田市議会,蓄便袋,3,,https://ssp.kaigiroku.net/tenant/iida/MinuteSearch.html,2026-09-22
iida,長野県,飯田市議会,蓄尿袋,3,,https://ssp.kaigiroku.net/tenant/iida/MinuteSearch.html,2026-09-22
suzaka,長野県,須坂市議会,ストーマ,0,,https://ssp.kaigiroku.net/tenant/suzaka/MinuteSearch.html,2026-09-22
suzaka,長野県,須坂市議会,オストメイト,3,,https://ssp.kaigiroku.net/tenant/suzaka/MinuteSearch.html,2026-09-22
suzaka,長野県,須坂市議会,蓄便袋,0,,https://ssp.kaigiroku.net/tenant/suzaka/MinuteSearch.html,2026-09-22
suzaka,長野県,須坂市議会,蓄尿袋,0,,https://ssp.kaigiroku.net/tenant/suzaka/MinuteSearch.html,2026-09-22
komoro,長野県,小諸市議会,ストーマ,2,,https://ssp.kaigiroku.net/tenant/komoro/MinuteSearch.html,2026-09-22
komoro,長野県,小諸市議会,オストメイト,2,,https://ssp.kaigiroku.net/tenant/komoro/MinuteSearch.html,2026-09-22
komoro,長野県,小諸市議会,蓄便袋,0,,https://ssp.kaigiroku.net/tenant/komoro/MinuteSearch.html,2026-09-22
komoro,長野県,小諸市議会,蓄尿袋,0,,https://ssp.kaigiroku.net/tenant/komoro/MinuteSearch.html,2026-09-22
ina,長野県,伊那市議会,ストーマ,6,,https://ssp.kaigiroku.net/tenant/ina/MinuteSearch.html,2026-09-22
ina,長野県,伊那市議会,オストメイト,0,,https://ssp.kaigiroku.net/tenant/ina/MinuteSearch.html,2026-09-22
ina,長野県,伊那市議会,蓄便袋,0,,https://ssp.kaigiroku.net/tenant/ina/MinuteSearch.html,2026-09-22
ina,長野県,伊那市議会,蓄尿袋,0,,https://ssp.kaigiroku.net/tenant/ina/MinuteSearch.html,2026-09-22
komagane,長野県,駒ヶ根市議会,ストーマ,0,,https://ssp.kaigiroku.net/tenant/komagane/MinuteSearch.html,2026-09-22
komagane,長野県,駒ヶ根市議会,オストメイト,1,,https://ssp.kaigiroku.net/tenant/komagane/MinuteSearch.html,2026-09-22
komagane,長野県,駒ヶ根市議会,蓄便袋,0,,https://ssp.kaigiroku.net/tenant/komagane/MinuteSearch.html,2026-09-22
komagane,長野県,駒ヶ根市議会,蓄尿袋,0,,https://ssp.kaigiroku.net/tenant/komagane/MinuteSearch.html,2026-09-22
nakano,長野県,中野市議会,ストーマ,0,,https://ssp.kaigiroku.net/tenant/nakano/MinuteSearch.html,2026-09-22
nakano,長野県,中野市議会,オストメイト,1,,https://ssp.kaigiroku.net/tenant/nakano/MinuteSearch.html,2026-09-22
nakano,長野県,中野市議会,蓄便袋,0,,https://ssp.kaigiroku.net/tenant/nakano/MinuteSearch.html,2026-09-22
nakano,長野県,中野市議会,蓄尿袋,1,,https://ssp.kaigiroku.net/tenant/nakano/MinuteSearch.html,2026-09-22
omachi,長野県,大町市議会,ストーマ,3,,https://ssp.kaigiroku.net/tenant/omachi/MinuteSearch.html,2026-09-22
omachi,長野県,大町市議会,オストメイト,22,,https://ssp.kaigiroku.net/tenant/omachi/MinuteSearch.html,2026-09-22
omachi,長野県,大町市議会,蓄便袋,0,,https://ssp.kaigiroku.net/tenant/omachi/MinuteSearch.html,2026-09-22
omachi,長野県,大町市議会,蓄尿袋,0,,https://ssp.kaigiroku.net/tenant/omachi/MinuteSearch.html,2026-09-22
iiyama,長野県,飯山市議会,ストーマ,0,,https://ssp.kaigiroku.net/tenant/iiyama/MinuteSearch.html,2026-09-22
iiyama,長野県,飯山市議会,オストメイト,0,,https://ssp.kaigiroku.net/tenant/iiyama/MinuteSearch.html,2026-09-22
iiyama,長野県,飯山市議会,蓄便袋,0,,https://ssp.kaigiroku.net/tenant/iiyama/MinuteSearch.html,2026-09-22
iiyama,長野県,飯山市議会,蓄尿袋,0,,https://ssp.kaigiroku.net/tenant/iiyama/MinuteSearch.html,2026-09-22
chino,長野県,茅野市議会,ストーマ,2,,https://ssp.kaigiroku.net/tenant/chino/MinuteSearch.html,2026-09-22
chino,長野県,茅野市議会,オストメイト,3,,https://ssp.kaigiroku.net/tenant/chino/MinuteSearch.html,2026-09-22
chino,長野県,茅野市議会,蓄便袋,0,,https://ssp.kaigiroku.net/tenant/chino/MinuteSearch.html,2026-09-22
chino,長野県,茅野市議会,蓄尿袋,0,,https://ssp.kaigiroku.net/tenant/chino/MinuteSearch.html,2026-09-22
shiojiri,長野県,塩尻市議会,ストーマ,2,,https://ssp.kaigiroku.net/tenant/shiojiri/MinuteSearch.html,2026-09-22
shiojiri,長野県,塩尻市議会,オストメイト,8,,https://ssp.kaigiroku.net/tenant/shiojiri/MinuteSearch.html,2026-09-22
shiojiri,長野県,塩尻市議会,蓄便袋,0,,https://ssp.kaigiroku.net/tenant/shiojiri/MinuteSearch.html,2026-09-22
shiojiri,長野県,塩尻市議会,蓄尿袋,0,,https://ssp.kaigiroku.net/tenant/shiojiri/MinuteSearch.html,2026-09-22
saku,長野県,佐久市議会,ストーマ,2,,https://ssp.kaigiroku.net/tenant/saku/MinuteSearch.html,2026-09-22
saku,長野県,佐久市議会,オストメイト,10,,https://ssp.kaigiroku.net/tenant/saku/MinuteSearch.html,2026-09-22
saku,長野県,佐久市議会,蓄便袋,0,,https://ssp.kaigiroku.net/tenant/saku/MinuteSearch.html,2026-09-22
saku,長野県,佐久市議会,蓄尿袋,0,,https://ssp.kaigiroku.net/tenant/saku/MinuteSearch.html,2026-09-22
chikuma,長野県,千曲市議会,ストーマ,0,,https://ssp.kaigiroku.net/tenant/chikuma/MinuteSearch.html,2026-09-22
chikuma,長野県,千曲市議会,オストメイト,2,,https://ssp.kaigiroku.net/tenant/chikuma/MinuteSearch.html,2026-09-22
chikuma,長野県,千曲市議会,蓄便袋,0,,https://ssp.kaigiroku.net/tenant/chikuma/MinuteSearch.html,2026-09-22
chikuma,長野県,千曲市議会,蓄尿袋,0,,https://ssp.kaigiroku.net/tenant/chikuma/MinuteSearch.html,2026-09-22
tomi,長野県,東御市議会,ストーマ,0,,https://ssp.kaigiroku.net/tenant/tomi/MinuteSearch.html,2026-09-22
tomi,長野県,東御市議会,オストメイト,11,,https://ssp.kaigiroku.net/tenant/tomi/MinuteSearch.html,2026-09-22
tomi,長野県,東御市議会,蓄便袋,1,,https://ssp.kaigiroku.net/tenant/tomi/MinuteSearch.html,2026-09-22
tomi,長野県,東御市議会,蓄尿袋,0,,https://ssp.kaigiroku.net/tenant/tomi/MinuteSearch.html,2026-09-22
azumino,長野県,安曇野市議会,ストーマ,0,,https://ssp.kaigiroku.net/tenant/azumino/MinuteSearch.html,2026-09-22
azumino,長野県,安曇野市議会,オストメイト,4,,https://ssp.kaigiroku.net/tenant/azumino/MinuteSearch.html,2026-09-22
azumino,長野県,安曇野市議会,蓄便袋,0,,https://ssp.kaigiroku.net/tenant/azumino/MinuteSearch.html,2026-09-22
azumino,長野県,安曇野市議会,蓄尿袋,0,,https://ssp.kaigiroku.net/tenant/azumino/MinuteSearch.html,2026-09-22
sakuho,長野県,佐久穂町議会,ストーマ,0,,https://ssp.kaigiroku.net/tenant/sakuho/MinuteSearch.html,2026-09-22
sakuho,長野県,佐久穂町議会,オストメイト,2,,https://ssp.kaigiroku.net/tenant/sakuho/MinuteSearch.html,2026-09-22
sakuho,長野県,佐久穂町議会,蓄便袋,0,,https://ssp.kaigiroku.net/tenant/sakuho/MinuteSearch.html,2026-09-22
sakuho,長野県,佐久穂町議会,蓄尿袋,0,,https://ssp.kaigiroku.net/tenant/sakuho/MinuteSearch.html,2026-09-22
karuizawa,長野県,軽井沢町議会,ストーマ,3,,https://ssp.kaigiroku.net/tenant/karuizawa/MinuteSearch.html,2026-09-22
karuizawa,長野県,軽井沢町議会,オストメイト,35,,https://ssp.kaigiroku.net/tenant/karuizawa/MinuteSearch.html,2026-09-22
karuizawa,長野県,軽井沢町議会,蓄便袋,0,,https://ssp.kaigiroku.net/tenant/karuizawa/MinuteSearch.html,2026-09-22
karuizawa,長野県,軽井沢町議会,蓄尿袋,0,,https://ssp.kaigiroku.net/tenant/karuizawa/MinuteSearch.html,2026-09-22
minowa,長野県,箕輪町議会,ストーマ,2,,https://ssp.kaigiroku.net/tenant/minowa/MinuteSearch.html,2026-09-22
minowa,長野県,箕輪町議会,オストメイト,2,,https://ssp.kaigiroku.net/tenant/minowa/MinuteSearch.html,2026-09-22
minowa,長野県,箕輪町議会,蓄便袋,0,,https://ssp.kaigiroku.net/tenant/minowa/MinuteSearch.html,2026-09-22
minowa,長野県,箕輪町議会,蓄尿袋,0,,https://ssp.kaigiroku.net/tenant/minowa/MinuteSearch.html,2026-09-22
prefgifu,岐阜県,岐阜県議会,ストーマ,0,,https://ssp.kaigiroku.net/tenant/prefgifu/MinuteSearch.html,2026-09-22
prefgifu,岐阜県,岐阜県議会,オストメイト,4,,https://ssp.kaigiroku.net/tenant/prefgifu/MinuteSearch.html,2026-09-22
prefgifu,岐阜県,岐阜県議会,蓄便袋,0,,https://ssp.kaigiroku.net/tenant/prefgifu/MinuteSearch.html,2026-09-22
prefgifu,岐阜県,岐阜県議会,蓄尿袋,0,,https://ssp.kaigiroku.net/tenant/prefgifu/MinuteSearch.html,2026-09-22
takayama,岐阜県,高山市議会,ストーマ,7,,https://ssp.kaigiroku.net/tenant/takayama/MinuteSearch.html,2026-09-22
takayama,岐阜県,高山市議会,オストメイト,34,,https://ssp.kaigiroku.net/tenant/takayama/MinuteSearch.html,2026-09-22
takayama,岐阜県,高山市議会,蓄便袋,1,,https://ssp.kaigiroku.net/tenant/takayama/MinuteSearch.html,2026-09-22
takayama,岐阜県,高山市議会,蓄尿袋,0,,https://ssp.kaigiroku.net/tenant/takayama/MinuteSearch.html,2026-09-22
tajimi,岐阜県,多治見市議会,ストーマ,0,,https://ssp.kaigiroku.net/tenant/tajimi/MinuteSearch.html,2026-09-22
tajimi,岐阜県,多治見市議会,オストメイト,2,,https://ssp.kaigiroku.net/tenant/tajimi/MinuteSearch.html,2026-09-22
tajimi,岐阜県,多治見市議会,蓄便袋,0,,https://ssp.kaigiroku.net/tenant/tajimi/MinuteSearch.html,2026-09-22
tajimi,岐阜県,多治見市議会,蓄尿袋,0,,https://ssp.kaigiroku.net/tenant/tajimi/MinuteSearch.html,2026-09-22
seki,岐阜県,関市議会,ストーマ,2,,https://ssp.kaigiroku.net/tenant/seki/MinuteSearch.html,2026-09-22
seki,岐阜県,関市議会,オストメイト,6,,https://ssp.kaigiroku.net/tenant/seki/MinuteSearch.html,2026-09-22
seki,岐阜県,関市議会,蓄便袋,0,,https://ssp.kaigiroku.net/tenant/seki/MinuteSearch.html,2026-09-22
seki,岐阜県,関市議会,蓄尿袋,0,,https://ssp.kaigiroku.net/tenant/seki/MinuteSearch.html,2026-09-22
nakatsugawa,岐阜県,中津川市議会,ストーマ,1,,https://ssp.kaigiroku.net/tenant/nakatsugawa/MinuteSearch.html,2026-09-22
nakatsugawa,岐阜県,中津川市議会,オストメイト,11,,https://ssp.kaigiroku.net/tenant/nakatsugawa/MinuteSearch.html,2026-09-22
nakatsugawa,岐阜県,中津川市議会,蓄便袋,0,,https://ssp.kaigiroku.net/tenant/nakatsugawa/MinuteSearch.html,2026-09-22
nakatsugawa,岐阜県,中津川市議会,蓄尿袋,0,,https://ssp.kaigiroku.net/tenant/nakatsugawa/MinuteSearch.html,2026-09-22
hashima,岐阜県,羽島市議会,ストーマ,1,,https://ssp.kaigiroku.net/tenant/hashima/MinuteSearch.html,2026-09-22
hashima,岐阜県,羽島市議会,オストメイト,1,,https://ssp.kaigiroku.net/tenant/hashima/MinuteSearch.html,2026-09-22
hashima,岐阜県,羽島市議会,蓄便袋,0,,https://ssp.kaigiroku.net/tenant/hashima/MinuteSearch.html,2026-09-22
hashima,岐阜県,羽島市議会,蓄尿袋,0,,https://ssp.kaigiroku.net/tenant/hashima/MinuteSearch.html,2026-09-22
minokamo,岐阜県,美濃加茂市議会,ストーマ,7,,https://ssp.kaigiroku.net/tenant/minokamo/MinuteSearch.html,2026-09-22
minokamo,岐阜県,美濃加茂市議会,オストメイト,19,,https://ssp.kaigiroku.net/tenant/minokamo/MinuteSearch.html,2026-09-22
minokamo,岐阜県,美濃加茂市議会,蓄便袋,0,,https://ssp.kaigiroku.net/tenant/minokamo/MinuteSearch.html,2026-09-22
minokamo,岐阜県,美濃加茂市議会,蓄尿袋,0,,https://ssp.kaigiroku.net/tenant/minokamo/MinuteSearch.html,2026-09-22
toki,岐阜県,土岐市議会,ストーマ,9,,https://ssp.kaigiroku.net/tenant/toki/MinuteSearch.html,2026-09-22
toki,岐阜県,土岐市議会,オストメイト,22,,https://ssp.kaigiroku.net/tenant/toki/MinuteSearch.html,2026-09-22
toki,岐阜県,土岐市議会,蓄便袋,0,,https://ssp.kaigiroku.net/tenant/toki/MinuteSearch.html,2026-09-22
toki,岐阜県,土岐市議会,蓄尿袋,0,,https://ssp.kaigiroku.net/tenant/toki/MinuteSearch.html,2026-09-22
hamamatsu,静岡県,浜松市議会,ストーマ,0,,https://ssp.kaigiroku.net/tenant/hamamatsu/MinuteSearch.html,2026-09-22
hamamatsu,静岡県,浜松市議会,オストメイト,11,,https://ssp.kaigiroku.net/tenant/hamamatsu/MinuteSearch.html,2026-09-22
hamamatsu,静岡県,浜松市議会,蓄便袋,0,,https://ssp.kaigiroku.net/tenant/hamamatsu/MinuteSearch.html,2026-09-22
hamamatsu,静岡県,浜松市議会,蓄尿袋,0,,https://ssp.kaigiroku.net/tenant/hamamatsu/MinuteSearch.html,2026-09-22
atami,静岡県,熱海市議会,ストーマ,0,,https://ssp.kaigiroku.net/tenant/atami/MinuteSearch.html,2026-09-22
atami,静岡県,熱海市議会,オストメイト,4,,https://ssp.kaigiroku.net/tenant/atami/MinuteSearch.html,2026-09-22
atami,静岡県,熱海市議会,蓄便袋,0,,https://ssp.kaigiroku.net/tenant/atami/MinuteSearch.html,2026-09-22
atami,静岡県,熱海市議会,蓄尿袋,0,,https://ssp.kaigiroku.net/tenant/atami/MinuteSearch.html,2026-09-22
mishima,静岡県,三島市議会,ストーマ,17,,https://ssp.kaigiroku.net/tenant/mishima/MinuteSearch.html,2026-09-22
mishima,静岡県,三島市議会,オストメイト,39,,https://ssp.kaigiroku.net/tenant/mishima/MinuteSearch.html,2026-09-22
mishima,静岡県,三島市議会,蓄便袋,0,,https://ssp.kaigiroku.net/tenant/mishima/MinuteSearch.html,2026-09-22
mishima,静岡県,三島市議会,蓄尿袋,0,,https://ssp.kaigiroku.net/tenant/mishima/MinuteSearch.html,2026-09-22
fujinomiya,静岡県,富士宮市議会,ストーマ,0,,https://ssp.kaigiroku.net/tenant/fujinomiya/MinuteSearch.html,2026-09-22
fujinomiya,静岡県,富士宮市議会,オストメイト,13,,https://ssp.kaigiroku.net/tenant/fujinomiya/MinuteSearch.html,2026-09-22
fujinomiya,静岡県,富士宮市議会,蓄便袋,2,,https://ssp.kaigiroku.net/tenant/fujinomiya/MinuteSearch.html,2026-09-22
fujinomiya,静岡県,富士宮市議会,蓄尿袋,0,,https://ssp.kaigiroku.net/tenant/fujinomiya/MinuteSearch.html,2026-09-22
iwata,静岡県,磐田市議会,ストーマ,3,,https://ssp.kaigiroku.net/tenant/iwata/MinuteSearch.html,2026-09-22
iwata,静岡県,磐田市議会,オストメイト,15,,https://ssp.kaigiroku.net/tenant/iwata/MinuteSearch.html,2026-09-22
iwata,静岡県,磐田市議会,蓄便袋,0,,https://ssp.kaigiroku.net/tenant/iwata/MinuteSearch.html,2026-09-22
iwata,静岡県,磐田市議会,蓄尿袋,0,,https://ssp.kaigiroku.net/tenant/iwata/MinuteSearch.html,2026-09-22
susono,静岡県,裾野市議会,ストーマ,27,,https://ssp.kaigiroku.net/tenant/susono/MinuteSearch.html,2026-09-22
susono,静岡県,裾野市議会,オストメイト,18,,https://ssp.kaigiroku.net/tenant/susono/MinuteSearch.html,2026-09-22
susono,静岡県,裾野市議会,蓄便袋,0,,https://ssp.kaigiroku.net/tenant/susono/MinuteSearch.html,2026-09-22
susono,静岡県,裾野市議会,蓄尿袋,0,,https://ssp.kaigiroku.net/tenant/susono/MinuteSearch.html,2026-09-22
omaezaki,静岡県,御前崎市議会,ストーマ,1,,https://ssp.kaigiroku.net/tenant/omaezaki/MinuteSearch.html,2026-09-22
omaezaki,静岡県,御前崎市議会,オストメイト,2,,https://ssp.kaigiroku.net/tenant/omaezaki/MinuteSearch.html,2026-09-22
omaezaki,静岡県,御前崎市議会,蓄便袋,0,,https://ssp.kaigiroku.net/tenant/omaezaki/MinuteSearch.html,2026-09-22
omaezaki,静岡県,御前崎市議会,蓄尿袋,0,,https://ssp.kaigiroku.net/tenant/omaezaki/MinuteSearch.html,2026-09-22
kikugawa,静岡県,菊川市議会,ストーマ,1,,https://ssp.kaigiroku.net/tenant/kikugawa/MinuteSearch.html,2026-09-22
kikugawa,静岡県,菊川市議会,オストメイト,3,,https://ssp.kaigiroku.net/tenant/kikugawa/MinuteSearch.html,2026-09-22
kikugawa,静岡県,菊川市議会,蓄便袋,0,,https://ssp.kaigiroku.net/tenant/kikugawa/MinuteSearch.html,2026-09-22
kikugawa,静岡県,菊川市議会,蓄尿袋,0,,https://ssp.kaigiroku.net/tenant/kikugawa/MinuteSearch.html,2026-09-22
izunokuni,静岡県,伊豆の国市議会,ストーマ,2,,https://ssp.kaigiroku.net/tenant/izunokuni/MinuteSearch.html,2026-09-22
izunokuni,静岡県,伊豆の国市議会,オストメイト,11,,https://ssp.kaigiroku.net/tenant/izunokuni/MinuteSearch.html,2026-09-22
izunokuni,静岡県,伊豆の国市議会,蓄便袋,0,,https://ssp.kaigiroku.net/tenant/izunokuni/MinuteSearch.html,2026-09-22
izunokuni,静岡県,伊豆の国市議会,蓄尿袋,0,,https://ssp.kaigiroku.net/tenant/izunokuni/MinuteSearch.html,2026-09-22
kannami,静岡県,函南町議会,ストーマ,2,,https://ssp.kaigiroku.net/tenant/kannami/MinuteSearch.html,2026-09-22
kannami,静岡県,函南町議会,オストメイト,3,,https://ssp.kaigiroku.net/tenant/kannami/MinuteSearch.html,2026-09-22
kannami,静岡県,函南町議会,蓄便袋,0,,https://ssp.kaigiroku.net/tenant/kannami/MinuteSearch.html,2026-09-22
kannami,静岡県,函南町議会,蓄尿袋,0,,https://ssp.kaigiroku.net/tenant/kannami/MinuteSearch.html,2026-09-22
nagoya,愛知県,名古屋市議会,ストーマ,9,,https://ssp.kaigiroku.net/tenant/nagoya/MinuteSearch.html,2026-09-22
nagoya,愛知県,名古屋市議会,オストメイト,25,,https://ssp.kaigiroku.net/tenant/nagoya/MinuteSearch.html,2026-09-22
nagoya,愛知県,名古屋市議会,蓄便袋,0,,https://ssp.kaigiroku.net/tenant/nagoya/MinuteSearch.html,2026-09-22
nagoya,愛知県,名古屋市議会,蓄尿袋,0,,https://ssp.kaigiroku.net/tenant/nagoya/MinuteSearch.html,2026-09-22
toyohashi,愛知県,豊橋市議会,ストーマ,3,,https://ssp.kaigiroku.net/tenant/toyohashi/MinuteSearch.html,2026-09-22
toyohashi,愛知県,豊橋市議会,オストメイト,16,,https://ssp.kaigiroku.net/tenant/toyohashi/MinuteSearch.html,2026-09-22
toyohashi,愛知県,豊橋市議会,蓄便袋,0,,https://ssp.kaigiroku.net/tenant/toyohashi/MinuteSearch.html,2026-09-22
toyohashi,愛知県,豊橋市議会,蓄尿袋,0,,https://ssp.kaigiroku.net/tenant/toyohashi/MinuteSearch.html,2026-09-22
okazaki,愛知県,岡崎市議会,ストーマ,4,,https://ssp.kaigiroku.net/tenant/okazaki/MinuteSearch.html,2026-09-22
okazaki,愛知県,岡崎市議会,オストメイト,27,,https://ssp.kaigiroku.net/tenant/okazaki/MinuteSearch.html,2026-09-22
okazaki,愛知県,岡崎市議会,蓄便袋,0,,https://ssp.kaigiroku.net/tenant/okazaki/MinuteSearch.html,2026-09-22
okazaki,愛知県,岡崎市議会,蓄尿袋,0,,https://ssp.kaigiroku.net/tenant/okazaki/MinuteSearch.html,2026-09-22
ichinomiya,愛知県,一宮市議会,ストーマ,3,,https://ssp.kaigiroku.net/tenant/ichinomiya/MinuteSearch.html,2026-09-22
ichinomiya,愛知県,一宮市議会,オストメイト,38,,https://ssp.kaigiroku.net/tenant/ichinomiya/MinuteSearch.html,2026-09-22
ichinomiya,愛知県,一宮市議会,蓄便袋,0,,https://ssp.kaigiroku.net/tenant/ichinomiya/MinuteSearch.html,2026-09-22
ichinomiya,愛知県,一宮市議会,蓄尿袋,0,,https://ssp.kaigiroku.net/tenant/ichinomiya/MinuteSearch.html,2026-09-22
seto,愛知県,瀬戸市議会,ストーマ,7,,https://ssp.kaigiroku.net/tenant/seto/MinuteSearch.html,2026-09-22
seto,愛知県,瀬戸市議会,オストメイト,14,,https://ssp.kaigiroku.net/tenant/seto/MinuteSearch.html,2026-09-22
seto,愛知県,瀬戸市議会,蓄便袋,0,,https://ssp.kaigiroku.net/tenant/seto/MinuteSearch.html,2026-09-22
seto,愛知県,瀬戸市議会,蓄尿袋,0,,https://ssp.kaigiroku.net/tenant/seto/MinuteSearch.html,2026-09-22
handa,愛知県,半田市議会,ストーマ,2,,https://ssp.kaigiroku.net/tenant/handa/MinuteSearch.html,2026-09-22
handa,愛知県,半田市議会,オストメイト,2,,https://ssp.kaigiroku.net/tenant/handa/MinuteSearch.html,2026-09-22
handa,愛知県,半田市議会,蓄便袋,0,,https://ssp.kaigiroku.net/tenant/handa/MinuteSearch.html,2026-09-22
handa,愛知県,半田市議会,蓄尿袋,0,,https://ssp.kaigiroku.net/tenant/handa/MinuteSearch.html,2026-09-22
kasugai,愛知県,春日井市議会,ストーマ,1,,https://ssp.kaigiroku.net/tenant/kasugai/MinuteSearch.html,2026-09-22
kasugai,愛知県,春日井市議会,オストメイト,21,,https://ssp.kaigiroku.net/tenant/kasugai/MinuteSearch.html,2026-09-22
kasugai,愛知県,春日井市議会,蓄便袋,0,,https://ssp.kaigiroku.net/tenant/kasugai/MinuteSearch.html,2026-09-22
kasugai,愛知県,春日井市議会,蓄尿袋,0,,https://ssp.kaigiroku.net/tenant/kasugai/MinuteSearch.html,2026-09-22
toyokawa,愛知県,豊川市議会,ストーマ,1,,https://ssp.kaigiroku.net/tenant/toyokawa/MinuteSearch.html,2026-09-22
toyokawa,愛知県,豊川市議会,オストメイト,16,,https://ssp.kaigiroku.net/tenant/toyokawa/MinuteSearch.html,2026-09-22
toyokawa,愛知県,豊川市議会,蓄便袋,0,,https://ssp.kaigiroku.net/tenant/toyokawa/MinuteSearch.html,2026-09-22
toyokawa,愛知県,豊川市議会,蓄尿袋,1,,https://ssp.kaigiroku.net/tenant/toyokawa/MinuteSearch.html,2026-09-22
kariya,愛知県,刈谷市議会,ストーマ,6,,https://ssp.kaigiroku.net/tenant/kariya/MinuteSearch.html,2026-09-22
kariya,愛知県,刈谷市議会,オストメイト,58,,https://ssp.kaigiroku.net/tenant/kariya/MinuteSearch.html,2026-09-22
kariya,愛知県,刈谷市議会,蓄便袋,0,,https://ssp.kaigiroku.net/tenant/kariya/MinuteSearch.html,2026-09-22
kariya,愛知県,刈谷市議会,蓄尿袋,0,,https://ssp.kaigiroku.net/tenant/kariya/MinuteSearch.html,2026-09-22
anjo,愛知県,安城市議会,ストーマ,1,,https://ssp.kaigiroku.net/tenant/anjo/MinuteSearch.html,2026-09-22
anjo,愛知県,安城市議会,オストメイト,11,,https://ssp.kaigiroku.net/tenant/anjo/MinuteSearch.html,2026-09-22
anjo,愛知県,安城市議会,蓄便袋,0,,https://ssp.kaigiroku.net/tenant/anjo/MinuteSearch.html,2026-09-22
anjo,愛知県,安城市議会,蓄尿袋,0,,https://ssp.kaigiroku.net/tenant/anjo/MinuteSearch.html,2026-09-22
gamagori,愛知県,蒲郡市議会,ストーマ,7,,https://ssp.kaigiroku.net/tenant/gamagori/MinuteSearch.html,2026-09-22
gamagori,愛知県,蒲郡市議会,オストメイト,29,,https://ssp.kaigiroku.net/tenant/gamagori/MinuteSearch.html,2026-09-22
gamagori,愛知県,蒲郡市議会,蓄便袋,0,,https://ssp.kaigiroku.net/tenant/gamagori/MinuteSearch.html,2026-09-22
gamagori,愛知県,蒲郡市議会,蓄尿袋,0,,https://ssp.kaigiroku.net/tenant/gamagori/MinuteSearch.html,2026-09-22
tokoname,愛知県,常滑市議会,ストーマ,3,,https://ssp.kaigiroku.net/tenant/tokoname/MinuteSearch.html,2026-09-22
tokoname,愛知県,常滑市議会,オストメイト,16,,https://ssp.kaigiroku.net/tenant/tokoname/MinuteSearch.html,2026-09-22
tokoname,愛知県,常滑市議会,蓄便袋,0,,https://ssp.kaigiroku.net/tenant/tokoname/MinuteSearch.html,2026-09-22
tokoname,愛知県,常滑市議会,蓄尿袋,0,,https://ssp.kaigiroku.net/tenant/tokoname/MinuteSearch.html,2026-09-22
kounan,愛知県,江南市議会,ストーマ,19,,https://ssp.kaigiroku.net/tenant/kounan/MinuteSearch.html,2026-09-22
kounan,愛知県,江南市議会,オストメイト,38,,https://ssp.kaigiroku.net/tenant/kounan/MinuteSearch.html,2026-09-22
kounan,愛知県,江南市議会,蓄便袋,0,,https://ssp.kaigiroku.net/tenant/kounan/MinuteSearch.html,2026-09-22
kounan,愛知県,江南市議会,蓄尿袋,1,,https://ssp.kaigiroku.net/tenant/kounan/MinuteSearch.html,2026-09-22
chita,愛知県,知多市議会,ストーマ,4,,https://ssp.kaigiroku.net/tenant/chita/MinuteSearch.html,2026-09-22
chita,愛知県,知多市議会,オストメイト,24,,https://ssp.kaigiroku.net/tenant/chita/MinuteSearch.html,2026-09-22
chita,愛知県,知多市議会,蓄便袋,0,,https://ssp.kaigiroku.net/tenant/chita/MinuteSearch.html,2026-09-22
chita,愛知県,知多市議会,蓄尿袋,0,,https://ssp.kaigiroku.net/tenant/chita/MinuteSearch.html,2026-09-22
owariasahi,愛知県,尾張旭市議会,ストーマ,8,,https://ssp.kaigiroku.net/tenant/owariasahi/MinuteSearch.html,2026-09-22
owariasahi,愛知県,尾張旭市議会,オストメイト,37,,https://ssp.kaigiroku.net/tenant/owariasahi/MinuteSearch.html,2026-09-22
owariasahi,愛知県,尾張旭市議会,蓄便袋,0,,https://ssp.kaigiroku.net/tenant/owariasahi/MinuteSearch.html,2026-09-22
owariasahi,愛知県,尾張旭市議会,蓄尿袋,0,,https://ssp.kaigiroku.net/tenant/owariasahi/MinuteSearch.html,2026-09-22
nisshin,愛知県,日進市議会,ストーマ,7,,https://ssp.kaigiroku.net/tenant/nisshin/MinuteSearch.html,2026-09-22
nisshin,愛知県,日進市議会,オストメイト,14,,https://ssp.kaigiroku.net/tenant/nisshin/MinuteSearch.html,2026-09-22
nisshin,愛知県,日進市議会,蓄便袋,0,,https://ssp.kaigiroku.net/tenant/nisshin/MinuteSearch.html,2026-09-22
nisshin,愛知県,日進市議会,蓄尿袋,0,,https://ssp.kaigiroku.net/tenant/nisshin/MinuteSearch.html,2026-09-22
tahara,愛知県,田原市議会,ストーマ,2,,https://ssp.kaigiroku.net/tenant/tahara/MinuteSearch.html,2026-09-22
tahara,愛知県,田原市議会,オストメイト,12,,https://ssp.kaigiroku.net/tenant/tahara/MinuteSearch.html,2026-09-22
tahara,愛知県,田原市議会,蓄便袋,0,,https://ssp.kaigiroku.net/tenant/tahara/MinuteSearch.html,2026-09-22
tahara,愛知県,田原市議会,蓄尿袋,0,,https://ssp.kaigiroku.net/tenant/tahara/MinuteSearch.html,2026-09-22
kitanagoya,愛知県,北名古屋市議会,ストーマ,4,,https://ssp.kaigiroku.net/tenant/kitanagoya/MinuteSearch.html,2026-09-22
kitanagoya,愛知県,北名古屋市議会,オストメイト,6,,https://ssp.kaigiroku.net/tenant/kitanagoya/MinuteSearch.html,2026-09-22
kitanagoya,愛知県,北名古屋市議会,蓄便袋,0,,https://ssp.kaigiroku.net/tenant/kitanagoya/MinuteSearch.html,2026-09-22
kitanagoya,愛知県,北名古屋市議会,蓄尿袋,0,,https://ssp.kaigiroku.net/tenant/kitanagoya/MinuteSearch.html,2026-09-22
toyoyama,愛知県,豊山町議会,ストーマ,9,,https://ssp.kaigiroku.net/tenant/toyoyama/MinuteSearch.html,2026-09-22
toyoyama,愛知県,豊山町議会,オストメイト,9,,https://ssp.kaigiroku.net/tenant/toyoyama/MinuteSearch.html,2026-09-22
toyoyama,愛知県,豊山町議会,蓄便袋,0,,https://ssp.kaigiroku.net/tenant/toyoyama/MinuteSearch.html,2026-09-22
toyoyama,愛知県,豊山町議会,蓄尿袋,0,,https://ssp.kaigiroku.net/tenant/toyoyama/MinuteSearch.html,2026-09-22
oguchi,愛知県,大口町議会,ストーマ,19,,https://ssp.kaigiroku.net/tenant/oguchi/MinuteSearch.html,2026-09-22
oguchi,愛知県,大口町議会,オストメイト,8,,https://ssp.kaigiroku.net/tenant/oguchi/MinuteSearch.html,2026-09-22
oguchi,愛知県,大口町議会,蓄便袋,0,,https://ssp.kaigiroku.net/tenant/oguchi/MinuteSearch.html,2026-09-22
oguchi,愛知県,大口町議会,蓄尿袋,0,,https://ssp.kaigiroku.net/tenant/oguchi/MinuteSearch.html,2026-09-22
tobishima2,愛知県,飛島村議会,ストーマ,0,,https://ssp.kaigiroku.net/tenant/tobishima2/MinuteSearch.html,2026-09-22
tobishima2,愛知県,飛島村議会,オストメイト,0,,https://ssp.kaigiroku.net/tenant/tobishima2/MinuteSearch.html,2026-09-22
tobishima2,愛知県,飛島村議会,蓄便袋,0,,https://ssp.kaigiroku.net/tenant/tobishima2/MinuteSearch.html,2026-09-22
tobishima2,愛知県,飛島村議会,蓄尿袋,0,,https://ssp.kaigiroku.net/tenant/tobishima2/MinuteSearch.html,2026-09-22
agui,愛知県,阿久比町議会,ストーマ,0,,https://ssp.kaigiroku.net/tenant/agui/MinuteSearch.html,2026-09-22
agui,愛知県,阿久比町議会,オストメイト,1,,https://ssp.kaigiroku.net/tenant/agui/MinuteSearch.html,2026-09-22
agui,愛知県,阿久比町議会,蓄便袋,0,,https://ssp.kaigiroku.net/tenant/agui/MinuteSearch.html,2026-09-22
agui,愛知県,阿久比町議会,蓄尿袋,0,,https://ssp.kaigiroku.net/tenant/agui/MinuteSearch.html,2026-09-22
higashiura,愛知県,東浦町議会,ストーマ,2,,https://ssp.kaigiroku.net/tenant/higashiura/MinuteSearch.html,2026-09-22
higashiura,愛知県,東浦町議会,オストメイト,13,,https://ssp.kaigiroku.net/tenant/higashiura/MinuteSearch.html,2026-09-22
higashiura,愛知県,東浦町議会,蓄便袋,1,,https://ssp.kaigiroku.net/tenant/higashiura/MinuteSearch.html,2026-09-22
higashiura,愛知県,東浦町議会,蓄尿袋,0,,https://ssp.kaigiroku.net/tenant/higashiura/MinuteSearch.html,2026-09-22
taketoyo,愛知県,武豊町議会,ストーマ,6,,https://ssp.kaigiroku.net/tenant/taketoyo/MinuteSearch.html,2026-09-22
taketoyo,愛知県,武豊町議会,オストメイト,13,,https://ssp.kaigiroku.net/tenant/taketoyo/MinuteSearch.html,2026-09-22
taketoyo,愛知県,武豊町議会,蓄便袋,1,,https://ssp.kaigiroku.net/tenant/taketoyo/MinuteSearch.html,2026-09-22
taketoyo,愛知県,武豊町議会,蓄尿袋,0,,https://ssp.kaigiroku.net/tenant/taketoyo/MinuteSearch.html,2026-09-22
prefmie,三重県,三重県議会,ストーマ,-1,input_not_found,https://ssp.kaigiroku.net/tenant/prefmie/MinuteSearch.html,2026-09-22
prefmie,三重県,三重県議会,オストメイト,-1,input_not_found,https://ssp.kaigiroku.net/tenant/prefmie/MinuteSearch.html,2026-09-22
prefmie,三重県,三重県議会,蓄便袋,-1,input_not_found,https://ssp.kaigiroku.net/tenant/prefmie/MinuteSearch.html,2026-09-22
prefmie,三重県,三重県議会,蓄尿袋,-1,input_not_found,https://ssp.kaigiroku.net/tenant/prefmie/MinuteSearch.html,2026-09-22
tsu,三重県,津市議会,ストーマ,15,,https://ssp.kaigiroku.net/tenant/tsu/MinuteSearch.html,2026-09-22
tsu,三重県,津市議会,オストメイト,9,,https://ssp.kaigiroku.net/tenant/tsu/MinuteSearch.html,2026-09-22
tsu,三重県,津市議会,蓄便袋,1,,https://ssp.kaigiroku.net/tenant/tsu/MinuteSearch.html,2026-09-22
tsu,三重県,津市議会,蓄尿袋,0,,https://ssp.kaigiroku.net/tenant/tsu/MinuteSearch.html,2026-09-22
ise,三重県,伊勢市議会,ストーマ,0,,https://ssp.kaigiroku.net/tenant/ise/MinuteSearch.html,2026-09-22
ise,三重県,伊勢市議会,オストメイト,7,,https://ssp.kaigiroku.net/tenant/ise/MinuteSearch.html,2026-09-22
ise,三重県,伊勢市議会,蓄便袋,0,,https://ssp.kaigiroku.net/tenant/ise/MinuteSearch.html,2026-09-22
ise,三重県,伊勢市議会,蓄尿袋,0,,https://ssp.kaigiroku.net/tenant/ise/MinuteSearch.html,2026-09-22
matsusaka,三重県,松阪市議会,ストーマ,4,,https://ssp.kaigiroku.net/tenant/matsusaka/MinuteSearch.html,2026-09-22
matsusaka,三重県,松阪市議会,オストメイト,35,,https://ssp.kaigiroku.net/tenant/matsusaka/MinuteSearch.html,2026-09-22
matsusaka,三重県,松阪市議会,蓄便袋,0,,https://ssp.kaigiroku.net/tenant/matsusaka/MinuteSearch.html,2026-09-22
matsusaka,三重県,松阪市議会,蓄尿袋,0,,https://ssp.kaigiroku.net/tenant/matsusaka/MinuteSearch.html,2026-09-22
nabari,三重県,名張市議会,ストーマ,0,,https://ssp.kaigiroku.net/tenant/nabari/MinuteSearch.html,2026-09-22
nabari,三重県,名張市議会,オストメイト,2,,https://ssp.kaigiroku.net/tenant/nabari/MinuteSearch.html,2026-09-22
nabari,三重県,名張市議会,蓄便袋,0,,https://ssp.kaigiroku.net/tenant/nabari/MinuteSearch.html,2026-09-22
nabari,三重県,名張市議会,蓄尿袋,0,,https://ssp.kaigiroku.net/tenant/nabari/MinuteSearch.html,2026-09-22
toba,三重県,鳥羽市議会,ストーマ,0,,https://ssp.kaigiroku.net/tenant/toba/MinuteSearch.html,2026-09-22
toba,三重県,鳥羽市議会,オストメイト,3,,https://ssp.kaigiroku.net/tenant/toba/MinuteSearch.html,2026-09-22
toba,三重県,鳥羽市議会,蓄便袋,0,,https://ssp.kaigiroku.net/tenant/toba/MinuteSearch.html,2026-09-22
toba,三重県,鳥羽市議会,蓄尿袋,0,,https://ssp.kaigiroku.net/tenant/toba/MinuteSearch.html,2026-09-22
odai,三重県,大台町議会,ストーマ,2,,https://ssp.kaigiroku.net/tenant/odai/MinuteSearch.html,2026-09-22
odai,三重県,大台町議会,オストメイト,2,,https://ssp.kaigiroku.net/tenant/odai/MinuteSearch.html,2026-09-22
odai,三重県,大台町議会,蓄便袋,0,,https://ssp.kaigiroku.net/tenant/odai/MinuteSearch.html,2026-09-22
odai,三重県,大台町議会,蓄尿袋,0,,https://ssp.kaigiroku.net/tenant/odai/MinuteSearch.html,2026-09-22
nagahama,滋賀県,長浜市議会,ストーマ,4,,https://ssp.kaigiroku.net/tenant/nagahama/MinuteSearch.html,2026-09-22
nagahama,滋賀県,長浜市議会,オストメイト,7,,https://ssp.kaigiroku.net/tenant/nagahama/MinuteSearch.html,2026-09-22
nagahama,滋賀県,長浜市議会,蓄便袋,0,,https://ssp.kaigiroku.net/tenant/nagahama/MinuteSearch.html,2026-09-22
nagahama,滋賀県,長浜市議会,蓄尿袋,0,,https://ssp.kaigiroku.net/tenant/nagahama/MinuteSearch.html,2026-09-22
omihachiman,滋賀県,近江八幡市議会,ストーマ,32,,https://ssp.kaigiroku.net/tenant/omihachiman/MinuteSearch.html,2026-09-22
omihachiman,滋賀県,近江八幡市議会,オストメイト,5,,https://ssp.kaigiroku.net/tenant/omihachiman/MinuteSearch.html,2026-09-22
omihachiman,滋賀県,近江八幡市議会,蓄便袋,2,,https://ssp.kaigiroku.net/tenant/omihachiman/MinuteSearch.html,2026-09-22
omihachiman,滋賀県,近江八幡市議会,蓄尿袋,2,,https://ssp.kaigiroku.net/tenant/omihachiman/MinuteSearch.html,2026-09-22
koka,滋賀県,甲賀市議会,ストーマ,7,,https://ssp.kaigiroku.net/tenant/koka/MinuteSearch.html,2026-09-22
koka,滋賀県,甲賀市議会,オストメイト,11,,https://ssp.kaigiroku.net/tenant/koka/MinuteSearch.html,2026-09-22
koka,滋賀県,甲賀市議会,蓄便袋,0,,https://ssp.kaigiroku.net/tenant/koka/MinuteSearch.html,2026-09-22
koka,滋賀県,甲賀市議会,蓄尿袋,0,,https://ssp.kaigiroku.net/tenant/koka/MinuteSearch.html,2026-09-22
konan,滋賀県,湖南市議会,ストーマ,0,,https://ssp.kaigiroku.net/tenant/konan/MinuteSearch.html,2026-09-22
konan,滋賀県,湖南市議会,オストメイト,6,,https://ssp.kaigiroku.net/tenant/konan/MinuteSearch.html,2026-09-22
konan,滋賀県,湖南市議会,蓄便袋,0,,https://ssp.kaigiroku.net/tenant/konan/MinuteSearch.html,2026-09-22
konan,滋賀県,湖南市議会,蓄尿袋,0,,https://ssp.kaigiroku.net/tenant/konan/MinuteSearch.html,2026-09-22
takashima,滋賀県,高島市議会,ストーマ,6,,https://ssp.kaigiroku.net/tenant/takashima/MinuteSearch.html,2026-09-22
takashima,滋賀県,高島市議会,オストメイト,4,,https://ssp.kaigiroku.net/tenant/takashima/MinuteSearch.html,2026-09-22
takashima,滋賀県,高島市議会,蓄便袋,0,,https://ssp.kaigiroku.net/tenant/takashima/MinuteSearch.html,2026-09-22
takashima,滋賀県,高島市議会,蓄尿袋,1,,https://ssp.kaigiroku.net/tenant/takashima/MinuteSearch.html,2026-09-22
kyoto,京都府,京都市議会,ストーマ,-1,timeout,https://ssp.kaigiroku.net/tenant/kyoto/MinuteSearch.html,2026-09-22
kyoto,京都府,京都市議会,オストメイト,-1,"Page.goto: Timeout 20000ms exceeded.
Call log:
  - navigating to ""https://ssp.kaigiroku.net/tenant/k",https://ssp.kaigiroku.net/tenant/kyoto/MinuteSearch.html,2026-09-22
kyoto,京都府,京都市議会,蓄便袋,-1,"Page.goto: Timeout 20000ms exceeded.
Call log:
  - navigating to ""https://ssp.kaigiroku.net/tenant/k",https://ssp.kaigiroku.net/tenant/kyoto/MinuteSearch.html,2026-09-22
kyoto,京都府,京都市議会,蓄尿袋,-1,"Page.goto: Timeout 20000ms exceeded.
Call log:
  - navigating to ""https://ssp.kaigiroku.net/tenant/k",https://ssp.kaigiroku.net/tenant/kyoto/MinuteSearch.html,2026-09-22
maizuru,京都府,舞鶴市議会,ストーマ,13,,https://ssp.kaigiroku.net/tenant/maizuru/MinuteSearch.html,2026-09-22
maizuru,京都府,舞鶴市議会,オストメイト,41,,https://ssp.kaigiroku.net/tenant/maizuru/MinuteSearch.html,2026-09-22
maizuru,京都府,舞鶴市議会,蓄便袋,0,,https://ssp.kaigiroku.net/tenant/maizuru/MinuteSearch.html,2026-09-22
maizuru,京都府,舞鶴市議会,蓄尿袋,0,,https://ssp.kaigiroku.net/tenant/maizuru/MinuteSearch.html,2026-09-22
uji,京都府,宇治市議会,ストーマ,2,,https://ssp.kaigiroku.net/tenant/uji/MinuteSearch.html,2026-09-22
uji,京都府,宇治市議会,オストメイト,18,,https://ssp.kaigiroku.net/tenant/uji/MinuteSearch.html,2026-09-22
uji,京都府,宇治市議会,蓄便袋,1,,https://ssp.kaigiroku.net/tenant/uji/MinuteSearch.html,2026-09-22
uji,京都府,宇治市議会,蓄尿袋,-1,timeout,https://ssp.kaigiroku.net/tenant/uji/MinuteSearch.html,2026-09-22
kameoka,京都府,亀岡市議会,ストーマ,-1,"Page.goto: net::ERR_TIMED_OUT at https://ssp.kaigiroku.net/tenant/kameoka/MinuteSearch.html
Call log",https://ssp.kaigiroku.net/tenant/kameoka/MinuteSearch.html,2026-09-22
kameoka,京都府,亀岡市議会,オストメイト,-1,"Page.goto: net::ERR_TIMED_OUT at https://ssp.kaigiroku.net/tenant/kameoka/MinuteSearch.html
Call log",https://ssp.kaigiroku.net/tenant/kameoka/MinuteSearch.html,2026-09-22
kameoka,京都府,亀岡市議会,蓄便袋,-1,"Page.goto: net::ERR_TIMED_OUT at https://ssp.kaigiroku.net/tenant/kameoka/MinuteSearch.html
Call log",https://ssp.kaigiroku.net/tenant/kameoka/MinuteSearch.html,2026-09-22
kameoka,京都府,亀岡市議会,蓄尿袋,-1,"Page.goto: net::ERR_TIMED_OUT at https://ssp.kaigiroku.net/tenant/kameoka/MinuteSearch.html
Call log",https://ssp.kaigiroku.net/tenant/kameoka/MinuteSearch.html,2026-09-22
kyotanabe,京都府,京田辺市議会,ストーマ,-1,"Page.goto: net::ERR_TIMED_OUT at https://ssp.kaigiroku.net/tenant/kyotanabe/MinuteSearch.html
Call l",https://ssp.kaigiroku.net/tenant/kyotanabe/MinuteSearch.html,2026-09-22
kyotanabe,京都府,京田辺市議会,オストメイト,-1,"Page.goto: net::ERR_TIMED_OUT at https://ssp.kaigiroku.net/tenant/kyotanabe/MinuteSearch.html
Call l",https://ssp.kaigiroku.net/tenant/kyotanabe/MinuteSearch.html,2026-09-22
kyotanabe,京都府,京田辺市議会,蓄便袋,-1,"Page.goto: net::ERR_TIMED_OUT at https://ssp.kaigiroku.net/tenant/kyotanabe/MinuteSearch.html
Call l",https://ssp.kaigiroku.net/tenant/kyotanabe/MinuteSearch.html,2026-09-22
kyotanabe,京都府,京田辺市議会,蓄尿袋,-1,"Page.goto: net::ERR_TIMED_OUT at https://ssp.kaigiroku.net/tenant/kyotanabe/MinuteSearch.html
Call l",https://ssp.kaigiroku.net/tenant/kyotanabe/MinuteSearch.html,2026-09-22
ujitawara,京都府,宇治田原町議会,ストーマ,-1,"Page.goto: net::ERR_TIMED_OUT at https://ssp.kaigiroku.net/tenant/ujitawara/MinuteSearch.html
Call l",https://ssp.kaigiroku.net/tenant/ujitawara/MinuteSearch.html,2026-09-22
ujitawara,京都府,宇治田原町議会,オストメイト,-1,"Page.goto: net::ERR_TIMED_OUT at https://ssp.kaigiroku.net/tenant/ujitawara/MinuteSearch.html
Call l",https://ssp.kaigiroku.net/tenant/ujitawara/MinuteSearch.html,2026-09-22
ujitawara,京都府,宇治田原町議会,蓄便袋,-1,"Page.goto: net::ERR_TIMED_OUT at https://ssp.kaigiroku.net/tenant/ujitawara/MinuteSearch.html
Call l",https://ssp.kaigiroku.net/tenant/ujitawara/MinuteSearch.html,2026-09-22
ujitawara,京都府,宇治田原町議会,蓄尿袋,-1,"Page.goto: net::ERR_TIMED_OUT at https://ssp.kaigiroku.net/tenant/ujitawara/MinuteSearch.html
Call l",https://ssp.kaigiroku.net/tenant/ujitawara/MinuteSearch.html,2026-09-22
yosano,京都府,与謝野町議会,ストーマ,-1,"Page.goto: Timeout 20000ms exceeded.
Call log:
  - navigating to ""https://ssp.kaigiroku.net/tenant/y",https://ssp.kaigiroku.net/tenant/yosano/MinuteSearch.html,2026-09-22
yosano,京都府,与謝野町議会,オストメイト,-1,"Page.goto: Timeout 20000ms exceeded.
Call log:
  - navigating to ""https://ssp.kaigiroku.net/tenant/y",https://ssp.kaigiroku.net/tenant/yosano/MinuteSearch.html,2026-09-22
yosano,京都府,与謝野町議会,蓄便袋,-1,"Page.goto: Timeout 20000ms exceeded.
Call log:
  - navigating to ""https://ssp.kaigiroku.net/tenant/y",https://ssp.kaigiroku.net/tenant/yosano/MinuteSearch.html,2026-09-22
yosano,京都府,与謝野町議会,蓄尿袋,-1,"Page.goto: Timeout 20000ms exceeded.
Call log:
  - navigating to ""https://ssp.kaigiroku.net/tenant/y",https://ssp.kaigiroku.net/tenant/yosano/MinuteSearch.html,2026-09-22
prefosaka,大阪府,大阪府議会,ストーマ,0,,https://ssp.kaigiroku.net/tenant/prefosaka/MinuteSearch.html,2026-09-22
prefosaka,大阪府,大阪府議会,オストメイト,12,,https://ssp.kaigiroku.net/tenant/prefosaka/MinuteSearch.html,2026-09-22
prefosaka,大阪府,大阪府議会,蓄便袋,0,,https://ssp.kaigiroku.net/tenant/prefosaka/MinuteSearch.html,2026-09-22
prefosaka,大阪府,大阪府議会,蓄尿袋,0,,https://ssp.kaigiroku.net/tenant/prefosaka/MinuteSearch.html,2026-09-22
cityosaka,大阪府,大阪市議会,ストーマ,0,,https://ssp.kaigiroku.net/tenant/cityosaka/MinuteSearch.html,2026-09-22
cityosaka,大阪府,大阪市議会,オストメイト,17,,https://ssp.kaigiroku.net/tenant/cityosaka/MinuteSearch.html,2026-09-22
cityosaka,大阪府,大阪市議会,蓄便袋,1,,https://ssp.kaigiroku.net/tenant/cityosaka/MinuteSearch.html,2026-09-22
cityosaka,大阪府,大阪市議会,蓄尿袋,-1,timeout,https://ssp.kaigiroku.net/tenant/cityosaka/MinuteSearch.html,2026-09-22
ikeda,大阪府,池田市議会,ストーマ,-1,"Page.goto: Timeout 20000ms exceeded.
Call log:
  - navigating to ""https://ssp.kaigiroku.net/tenant/i",https://ssp.kaigiroku.net/tenant/ikeda/MinuteSearch.html,2026-09-22
ikeda,大阪府,池田市議会,オストメイト,-1,"Page.goto: Timeout 20000ms exceeded.
Call log:
  - navigating to ""https://ssp.kaigiroku.net/tenant/i",https://ssp.kaigiroku.net/tenant/ikeda/MinuteSearch.html,2026-09-22
ikeda,大阪府,池田市議会,蓄便袋,-1,"Page.goto: Timeout 20000ms exceeded.
Call log:
  - navigating to ""https://ssp.kaigiroku.net/tenant/i",https://ssp.kaigiroku.net/tenant/ikeda/MinuteSearch.html,2026-09-22
ikeda,大阪府,池田市議会,蓄尿袋,-1,"Page.goto: Timeout 20000ms exceeded.
Call log:
  - navigating to ""https://ssp.kaigiroku.net/tenant/i",https://ssp.kaigiroku.net/tenant/ikeda/MinuteSearch.html,2026-09-22
suita,大阪府,吹田市議会,ストーマ,-1,"Page.goto: net::ERR_TIMED_OUT at https://ssp.kaigiroku.net/tenant/suita/MinuteSearch.html
Call log:
",https://ssp.kaigiroku.net/tenant/suita/MinuteSearch.html,2026-09-22
suita,大阪府,吹田市議会,オストメイト,-1,"Page.goto: net::ERR_TIMED_OUT at https://ssp.kaigiroku.net/tenant/suita/MinuteSearch.html
Call log:
",https://ssp.kaigiroku.net/tenant/suita/MinuteSearch.html,2026-09-22
suita,大阪府,吹田市議会,蓄便袋,-1,"Page.goto: net::ERR_TIMED_OUT at https://ssp.kaigiroku.net/tenant/suita/MinuteSearch.html
Call log:
",https://ssp.kaigiroku.net/tenant/suita/MinuteSearch.html,2026-09-22
suita,大阪府,吹田市議会,蓄尿袋,-1,"Page.goto: net::ERR_TIMED_OUT at https://ssp.kaigiroku.net/tenant/suita/MinuteSearch.html
Call log:
",https://ssp.kaigiroku.net/tenant/suita/MinuteSearch.html,2026-09-22
izumiotsu,大阪府,泉大津市議会,ストーマ,-1,"Page.goto: net::ERR_TIMED_OUT at https://ssp.kaigiroku.net/tenant/izumiotsu/MinuteSearch.html
Call l",https://ssp.kaigiroku.net/tenant/izumiotsu/MinuteSearch.html,2026-09-22
izumiotsu,大阪府,泉大津市議会,オストメイト,-1,"Page.goto: net::ERR_TIMED_OUT at https://ssp.kaigiroku.net/tenant/izumiotsu/MinuteSearch.html
Call l",https://ssp.kaigiroku.net/tenant/izumiotsu/MinuteSearch.html,2026-09-22
izumiotsu,大阪府,泉大津市議会,蓄便袋,-1,"Page.goto: net::ERR_TIMED_OUT at https://ssp.kaigiroku.net/tenant/izumiotsu/MinuteSearch.html
Call l",https://ssp.kaigiroku.net/tenant/izumiotsu/MinuteSearch.html,2026-09-22
izumiotsu,大阪府,泉大津市議会,蓄尿袋,-1,"Page.goto: net::ERR_TIMED_OUT at https://ssp.kaigiroku.net/tenant/izumiotsu/MinuteSearch.html
Call l",https://ssp.kaigiroku.net/tenant/izumiotsu/MinuteSearch.html,2026-09-22
kaizuka,大阪府,貝塚市議会,ストーマ,-1,"Page.goto: net::ERR_TIMED_OUT at https://ssp.kaigiroku.net/tenant/kaizuka/MinuteSearch.html
Call log",https://ssp.kaigiroku.net/tenant/kaizuka/MinuteSearch.html,2026-09-22
kaizuka,大阪府,貝塚市議会,オストメイト,-1,"Page.goto: net::ERR_TIMED_OUT at https://ssp.kaigiroku.net/tenant/kaizuka/MinuteSearch.html
Call log",https://ssp.kaigiroku.net/tenant/kaizuka/MinuteSearch.html,2026-09-22
kaizuka,大阪府,貝塚市議会,蓄便袋,-1,"Page.goto: net::ERR_TIMED_OUT at https://ssp.kaigiroku.net/tenant/kaizuka/MinuteSearch.html
Call log",https://ssp.kaigiroku.net/tenant/kaizuka/MinuteSearch.html,2026-09-22
kaizuka,大阪府,貝塚市議会,蓄尿袋,-1,"Page.goto: net::ERR_TIMED_OUT at https://ssp.kaigiroku.net/tenant/kaizuka/MinuteSearch.html
Call log",https://ssp.kaigiroku.net/tenant/kaizuka/MinuteSearch.html,2026-09-22
izumisano,大阪府,泉佐野市議会,ストーマ,2,,https://ssp.kaigiroku.net/tenant/izumisano/MinuteSearch.html,2026-09-22
izumisano,大阪府,泉佐野市議会,オストメイト,-1,"Page.goto: Timeout 20000ms exceeded.
Call log:
  - navigating to ""https://ssp.kaigiroku.net/tenant/i",https://ssp.kaigiroku.net/tenant/izumisano/MinuteSearch.html,2026-09-22
izumisano,大阪府,泉佐野市議会,蓄便袋,-1,"Page.goto: Timeout 20000ms exceeded.
Call log:
  - navigating to ""https://ssp.kaigiroku.net/tenant/i",https://ssp.kaigiroku.net/tenant/izumisano/MinuteSearch.html,2026-09-22
izumisano,大阪府,泉佐野市議会,蓄尿袋,-1,"Page.goto: Timeout 20000ms exceeded.
Call log:
  - navigating to ""https://ssp.kaigiroku.net/tenant/i",https://ssp.kaigiroku.net/tenant/izumisano/MinuteSearch.html,2026-09-22
tondabayashi,大阪府,富田林市議会,ストーマ,2,,https://ssp.kaigiroku.net/tenant/tondabayashi/MinuteSearch.html,2026-09-22
tondabayashi,大阪府,富田林市議会,オストメイト,21,,https://ssp.kaigiroku.net/tenant/tondabayashi/MinuteSearch.html,2026-09-22
tondabayashi,大阪府,富田林市議会,蓄便袋,4,,https://ssp.kaigiroku.net/tenant/tondabayashi/MinuteSearch.html,2026-09-22
tondabayashi,大阪府,富田林市議会,蓄尿袋,4,,https://ssp.kaigiroku.net/tenant/tondabayashi/MinuteSearch.html,2026-09-22
kawachinagano,大阪府,河内長野市議会,ストーマ,13,,https://ssp.kaigiroku.net/tenant/kawachinagano/MinuteSearch.html,2026-09-22
kawachinagano,大阪府,河内長野市議会,オストメイト,18,,https://ssp.kaigiroku.net/tenant/kawachinagano/MinuteSearch.html,2026-09-22
kawachinagano,大阪府,河内長野市議会,蓄便袋,1,,https://ssp.kaigiroku.net/tenant/kawachinagano/MinuteSearch.html,2026-09-22
kawachinagano,大阪府,河内長野市議会,蓄尿袋,1,,https://ssp.kaigiroku.net/tenant/kawachinagano/MinuteSearch.html,2026-09-22
matsubara,大阪府,松原市議会,ストーマ,8,,https://ssp.kaigiroku.net/tenant/matsubara/MinuteSearch.html,2026-09-22
matsubara,大阪府,松原市議会,オストメイト,8,,https://ssp.kaigiroku.net/tenant/matsubara/MinuteSearch.html,2026-09-22
matsubara,大阪府,松原市議会,蓄便袋,1,,https://ssp.kaigiroku.net/tenant/matsubara/MinuteSearch.html,2026-09-22
matsubara,大阪府,松原市議会,蓄尿袋,1,,https://ssp.kaigiroku.net/tenant/matsubara/MinuteSearch.html,2026-09-22
izumi,大阪府,和泉市議会,ストーマ,0,,https://ssp.kaigiroku.net/tenant/izumi/MinuteSearch.html,2026-09-22
izumi,大阪府,和泉市議会,オストメイト,13,,https://ssp.kaigiroku.net/tenant/izumi/MinuteSearch.html,2026-09-22
izumi,大阪府,和泉市議会,蓄便袋,-1,"Page.goto: Timeout 20000ms exceeded.
Call log:
  - navigating to ""https://ssp.kaigiroku.net/tenant/i",https://ssp.kaigiroku.net/tenant/izumi/MinuteSearch.html,2026-09-22
izumi,大阪府,和泉市議会,蓄尿袋,-1,"Page.goto: Timeout 20000ms exceeded.
Call log:
  - navigating to ""https://ssp.kaigiroku.net/tenant/i",https://ssp.kaigiroku.net/tenant/izumi/MinuteSearch.html,2026-09-22
minoh,大阪府,箕面市議会,ストーマ,11,,https://ssp.kaigiroku.net/tenant/minoh/MinuteSearch.html,2026-09-22
minoh,大阪府,箕面市議会,オストメイト,34,,https://ssp.kaigiroku.net/tenant/minoh/MinuteSearch.html,2026-09-22
minoh,大阪府,箕面市議会,蓄便袋,4,,https://ssp.kaigiroku.net/tenant/minoh/MinuteSearch.html,2026-09-22
minoh,大阪府,箕面市議会,蓄尿袋,3,,https://ssp.kaigiroku.net/tenant/minoh/MinuteSearch.html,2026-09-22
kashiwara,大阪府,柏原市議会,ストーマ,-1,"Page.goto: Timeout 20000ms exceeded.
Call log:
  - navigating to ""https://ssp.kaigiroku.net/tenant/k",https://ssp.kaigiroku.net/tenant/kashiwara/MinuteSearch.html,2026-09-22
kashiwara,大阪府,柏原市議会,オストメイト,-1,"Page.goto: Timeout 20000ms exceeded.
Call log:
  - navigating to ""https://ssp.kaigiroku.net/tenant/k",https://ssp.kaigiroku.net/tenant/kashiwara/MinuteSearch.html,2026-09-22
kashiwara,大阪府,柏原市議会,蓄便袋,-1,"Page.goto: Timeout 20000ms exceeded.
Call log:
  - navigating to ""https://ssp.kaigiroku.net/tenant/k",https://ssp.kaigiroku.net/tenant/kashiwara/MinuteSearch.html,2026-09-22
kashiwara,大阪府,柏原市議会,蓄尿袋,-1,"Page.goto: Timeout 20000ms exceeded.
Call log:
  - navigating to ""https://ssp.kaigiroku.net/tenant/k",https://ssp.kaigiroku.net/tenant/kashiwara/MinuteSearch.html,2026-09-22
settsu,大阪府,摂津市議会,ストーマ,6,,https://ssp.kaigiroku.net/tenant/settsu/MinuteSearch.html,2026-09-22
settsu,大阪府,摂津市議会,オストメイト,20,,https://ssp.kaigiroku.net/tenant/settsu/MinuteSearch.html,2026-09-22
settsu,大阪府,摂津市議会,蓄便袋,1,,https://ssp.kaigiroku.net/tenant/settsu/MinuteSearch.html,2026-09-22
settsu,大阪府,摂津市議会,蓄尿袋,0,,https://ssp.kaigiroku.net/tenant/settsu/MinuteSearch.html,2026-09-22
takaishi,大阪府,高石市議会,ストーマ,5,,https://ssp.kaigiroku.net/tenant/takaishi/MinuteSearch.html,2026-09-22
takaishi,大阪府,高石市議会,オストメイト,5,,https://ssp.kaigiroku.net/tenant/takaishi/MinuteSearch.html,2026-09-22
takaishi,大阪府,高石市議会,蓄便袋,0,,https://ssp.kaigiroku.net/tenant/takaishi/MinuteSearch.html,2026-09-22
takaishi,大阪府,高石市議会,蓄尿袋,0,,https://ssp.kaigiroku.net/tenant/takaishi/MinuteSearch.html,2026-09-22
fujiidera,大阪府,藤井寺市議会,ストーマ,8,,https://ssp.kaigiroku.net/tenant/fujiidera/MinuteSearch.html,2026-09-22
fujiidera,大阪府,藤井寺市議会,オストメイト,9,,https://ssp.kaigiroku.net/tenant/fujiidera/MinuteSearch.html,2026-09-22
fujiidera,大阪府,藤井寺市議会,蓄便袋,0,,https://ssp.kaigiroku.net/tenant/fujiidera/MinuteSearch.html,2026-09-22
fujiidera,大阪府,藤井寺市議会,蓄尿袋,0,,https://ssp.kaigiroku.net/tenant/fujiidera/MinuteSearch.html,2026-09-22
shijonawate,大阪府,四條畷市議会,ストーマ,10,,https://ssp.kaigiroku.net/tenant/shijonawate/MinuteSearch.html,2026-09-22
shijonawate,大阪府,四條畷市議会,オストメイト,23,,https://ssp.kaigiroku.net/tenant/shijonawate/MinuteSearch.html,2026-09-22
shijonawate,大阪府,四條畷市議会,蓄便袋,0,,https://ssp.kaigiroku.net/tenant/shijonawate/MinuteSearch.html,2026-09-22
shijonawate,大阪府,四條畷市議会,蓄尿袋,0,,https://ssp.kaigiroku.net/tenant/shijonawate/MinuteSearch.html,2026-09-22
katano,大阪府,交野市議会,ストーマ,4,,https://ssp.kaigiroku.net/tenant/katano/MinuteSearch.html,2026-09-22
katano,大阪府,交野市議会,オストメイト,23,,https://ssp.kaigiroku.net/tenant/katano/MinuteSearch.html,2026-09-22
katano,大阪府,交野市議会,蓄便袋,2,,https://ssp.kaigiroku.net/tenant/katano/MinuteSearch.html,2026-09-22
katano,大阪府,交野市議会,蓄尿袋,3,,https://ssp.kaigiroku.net/tenant/katano/MinuteSearch.html,2026-09-22
osakasayama,大阪府,大阪狭山市議会,ストーマ,2,,https://ssp.kaigiroku.net/tenant/osakasayama/MinuteSearch.html,2026-09-22
osakasayama,大阪府,大阪狭山市議会,オストメイト,28,,https://ssp.kaigiroku.net/tenant/osakasayama/MinuteSearch.html,2026-09-22
osakasayama,大阪府,大阪狭山市議会,蓄便袋,0,,https://ssp.kaigiroku.net/tenant/osakasayama/MinuteSearch.html,2026-09-22
osakasayama,大阪府,大阪狭山市議会,蓄尿袋,0,,https://ssp.kaigiroku.net/tenant/osakasayama/MinuteSearch.html,2026-09-22
hannan,大阪府,阪南市議会,ストーマ,4,,https://ssp.kaigiroku.net/tenant/hannan/MinuteSearch.html,2026-09-22
hannan,大阪府,阪南市議会,オストメイト,38,,https://ssp.kaigiroku.net/tenant/hannan/MinuteSearch.html,2026-09-22
hannan,大阪府,阪南市議会,蓄便袋,3,,https://ssp.kaigiroku.net/tenant/hannan/MinuteSearch.html,2026-09-22
hannan,大阪府,阪南市議会,蓄尿袋,2,,https://ssp.kaigiroku.net/tenant/hannan/MinuteSearch.html,2026-09-22
amagasaki,兵庫県,尼崎市議会,ストーマ,-1,"Page.query_selector: Execution context was destroyed, most likely because of a navigation",https://ssp.kaigiroku.net/tenant/amagasaki/MinuteSearch.html,2026-09-22
amagasaki,兵庫県,尼崎市議会,オストメイト,26,,https://ssp.kaigiroku.net/tenant/amagasaki/MinuteSearch.html,2026-09-22
amagasaki,兵庫県,尼崎市議会,蓄便袋,1,,https://ssp.kaigiroku.net/tenant/amagasaki/MinuteSearch.html,2026-09-22
amagasaki,兵庫県,尼崎市議会,蓄尿袋,1,,https://ssp.kaigiroku.net/tenant/amagasaki/MinuteSearch.html,2026-09-22
ashiya,兵庫県,芦屋市議会,ストーマ,7,,https://ssp.kaigiroku.net/tenant/ashiya/MinuteSearch.html,2026-09-22
ashiya,兵庫県,芦屋市議会,オストメイト,20,,https://ssp.kaigiroku.net/tenant/ashiya/MinuteSearch.html,2026-09-22
ashiya,兵庫県,芦屋市議会,蓄便袋,5,,https://ssp.kaigiroku.net/tenant/ashiya/MinuteSearch.html,2026-09-22
ashiya,兵庫県,芦屋市議会,蓄尿袋,5,,https://ssp.kaigiroku.net/tenant/ashiya/MinuteSearch.html,2026-09-22
miki,兵庫県,三木市議会,ストーマ,11,,https://ssp.kaigiroku.net/tenant/miki/MinuteSearch.html,2026-09-22
miki,兵庫県,三木市議会,オストメイト,20,,https://ssp.kaigiroku.net/tenant/miki/MinuteSearch.html,2026-09-22
miki,兵庫県,三木市議会,蓄便袋,8,,https://ssp.kaigiroku.net/tenant/miki/MinuteSearch.html,2026-09-22
miki,兵庫県,三木市議会,蓄尿袋,0,,https://ssp.kaigiroku.net/tenant/miki/MinuteSearch.html,2026-09-22
kawanishi,兵庫県,川西市議会,ストーマ,3,,https://ssp.kaigiroku.net/tenant/kawanishi/MinuteSearch.html,2026-09-22
kawanishi,兵庫県,川西市議会,オストメイト,20,,https://ssp.kaigiroku.net/tenant/kawanishi/MinuteSearch.html,2026-09-22
kawanishi,兵庫県,川西市議会,蓄便袋,0,,https://ssp.kaigiroku.net/tenant/kawanishi/MinuteSearch.html,2026-09-22
kawanishi,兵庫県,川西市議会,蓄尿袋,0,,https://ssp.kaigiroku.net/tenant/kawanishi/MinuteSearch.html,2026-09-22
sanda,兵庫県,三田市議会,ストーマ,3,,https://ssp.kaigiroku.net/tenant/sanda/MinuteSearch.html,2026-09-22
sanda,兵庫県,三田市議会,オストメイト,6,,https://ssp.kaigiroku.net/tenant/sanda/MinuteSearch.html,2026-09-22
sanda,兵庫県,三田市議会,蓄便袋,0,,https://ssp.kaigiroku.net/tenant/sanda/MinuteSearch.html,2026-09-22
sanda,兵庫県,三田市議会,蓄尿袋,0,,https://ssp.kaigiroku.net/tenant/sanda/MinuteSearch.html,2026-09-22
kasai,兵庫県,加西市議会,ストーマ,0,,https://ssp.kaigiroku.net/tenant/kasai/MinuteSearch.html,2026-09-22
kasai,兵庫県,加西市議会,オストメイト,11,,https://ssp.kaigiroku.net/tenant/kasai/MinuteSearch.html,2026-09-22
kasai,兵庫県,加西市議会,蓄便袋,0,,https://ssp.kaigiroku.net/tenant/kasai/MinuteSearch.html,2026-09-22
kasai,兵庫県,加西市議会,蓄尿袋,0,,https://ssp.kaigiroku.net/tenant/kasai/MinuteSearch.html,2026-09-22
kato,兵庫県,加東市議会,ストーマ,4,,https://ssp.kaigiroku.net/tenant/kato/MinuteSearch.html,2026-09-22
kato,兵庫県,加東市議会,オストメイト,17,,https://ssp.kaigiroku.net/tenant/kato/MinuteSearch.html,2026-09-22
kato,兵庫県,加東市議会,蓄便袋,0,,https://ssp.kaigiroku.net/tenant/kato/MinuteSearch.html,2026-09-22
kato,兵庫県,加東市議会,蓄尿袋,1,,https://ssp.kaigiroku.net/tenant/kato/MinuteSearch.html,2026-09-22
taka,兵庫県,多可町議会,ストーマ,8,,https://ssp.kaigiroku.net/tenant/taka/MinuteSearch.html,2026-09-22
taka,兵庫県,多可町議会,オストメイト,11,,https://ssp.kaigiroku.net/tenant/taka/MinuteSearch.html,2026-09-22
taka,兵庫県,多可町議会,蓄便袋,0,,https://ssp.kaigiroku.net/tenant/taka/MinuteSearch.html,2026-09-22
taka,兵庫県,多可町議会,蓄尿袋,0,,https://ssp.kaigiroku.net/tenant/taka/MinuteSearch.html,2026-09-22
prefnara,奈良県,奈良県議会,ストーマ,6,,https://ssp.kaigiroku.net/tenant/prefnara/MinuteSearch.html,2026-09-22
prefnara,奈良県,奈良県議会,オストメイト,8,,https://ssp.kaigiroku.net/tenant/prefnara/MinuteSearch.html,2026-09-22
prefnara,奈良県,奈良県議会,蓄便袋,0,,https://ssp.kaigiroku.net/tenant/prefnara/MinuteSearch.html,2026-09-22
prefnara,奈良県,奈良県議会,蓄尿袋,0,,https://ssp.kaigiroku.net/tenant/prefnara/MinuteSearch.html,2026-09-22
narashi,奈良県,奈良市議会,ストーマ,6,,https://ssp.kaigiroku.net/tenant/narashi/MinuteSearch.html,2026-09-22
narashi,奈良県,奈良市議会,オストメイト,19,,https://ssp.kaigiroku.net/tenant/narashi/MinuteSearch.html,2026-09-22
narashi,奈良県,奈良市議会,蓄便袋,0,,https://ssp.kaigiroku.net/tenant/narashi/MinuteSearch.html,2026-09-22
narashi,奈良県,奈良市議会,蓄尿袋,0,,https://ssp.kaigiroku.net/tenant/narashi/MinuteSearch.html,2026-09-22
yamatokoriyama,奈良県,大和郡山市議会,ストーマ,12,,https://ssp.kaigiroku.net/tenant/yamatokoriyama/MinuteSearch.html,2026-09-22
yamatokoriyama,奈良県,大和郡山市議会,オストメイト,15,,https://ssp.kaigiroku.net/tenant/yamatokoriyama/MinuteSearch.html,2026-09-22
yamatokoriyama,奈良県,大和郡山市議会,蓄便袋,1,,https://ssp.kaigiroku.net/tenant/yamatokoriyama/MinuteSearch.html,2026-09-22
yamatokoriyama,奈良県,大和郡山市議会,蓄尿袋,0,,https://ssp.kaigiroku.net/tenant/yamatokoriyama/MinuteSearch.html,2026-09-22
gose,奈良県,御所市議会,ストーマ,0,,https://ssp.kaigiroku.net/tenant/gose/MinuteSearch.html,2026-09-22
gose,奈良県,御所市議会,オストメイト,0,,https://ssp.kaigiroku.net/tenant/gose/MinuteSearch.html,2026-09-22
gose,奈良県,御所市議会,蓄便袋,0,,https://ssp.kaigiroku.net/tenant/gose/MinuteSearch.html,2026-09-22
gose,奈良県,御所市議会,蓄尿袋,0,,https://ssp.kaigiroku.net/tenant/gose/MinuteSearch.html,2026-09-22
kashiba,奈良県,香芝市議会,ストーマ,0,,https://ssp.kaigiroku.net/tenant/kashiba/MinuteSearch.html,2026-09-22
kashiba,奈良県,香芝市議会,オストメイト,8,,https://ssp.kaigiroku.net/tenant/kashiba/MinuteSearch.html,2026-09-22
kashiba,奈良県,香芝市議会,蓄便袋,0,,https://ssp.kaigiroku.net/tenant/kashiba/MinuteSearch.html,2026-09-22
kashiba,奈良県,香芝市議会,蓄尿袋,0,,https://ssp.kaigiroku.net/tenant/kashiba/MinuteSearch.html,2026-09-22
tawaramoto,奈良県,田原本町議会,ストーマ,0,,https://ssp.kaigiroku.net/tenant/tawaramoto/MinuteSearch.html,2026-09-22
tawaramoto,奈良県,田原本町議会,オストメイト,0,,https://ssp.kaigiroku.net/tenant/tawaramoto/MinuteSearch.html,2026-09-22
tawaramoto,奈良県,田原本町議会,蓄便袋,0,,https://ssp.kaigiroku.net/tenant/tawaramoto/MinuteSearch.html,2026-09-22
tawaramoto,奈良県,田原本町議会,蓄尿袋,0,,https://ssp.kaigiroku.net/tenant/tawaramoto/MinuteSearch.html,2026-09-22
oji,奈良県,王寺町議会,ストーマ,9,,https://ssp.kaigiroku.net/tenant/oji/MinuteSearch.html,2026-09-22
oji,奈良県,王寺町議会,オストメイト,10,,https://ssp.kaigiroku.net/tenant/oji/MinuteSearch.html,2026-09-22
oji,奈良県,王寺町議会,蓄便袋,1,,https://ssp.kaigiroku.net/tenant/oji/MinuteSearch.html,2026-09-22
oji,奈良県,王寺町議会,蓄尿袋,1,,https://ssp.kaigiroku.net/tenant/oji/MinuteSearch.html,2026-09-22
wakayama,和歌山県,和歌山市議会,ストーマ,7,,https://ssp.kaigiroku.net/tenant/wakayama/MinuteSearch.html,2026-09-22
wakayama,和歌山県,和歌山市議会,オストメイト,47,,https://ssp.kaigiroku.net/tenant/wakayama/MinuteSearch.html,2026-09-22
wakayama,和歌山県,和歌山市議会,蓄便袋,0,,https://ssp.kaigiroku.net/tenant/wakayama/MinuteSearch.html,2026-09-22
wakayama,和歌山県,和歌山市議会,蓄尿袋,0,,https://ssp.kaigiroku.net/tenant/wakayama/MinuteSearch.html,2026-09-22
kainan,和歌山県,海南市議会,ストーマ,8,,https://ssp.kaigiroku.net/tenant/kainan/MinuteSearch.html,2026-09-22
kainan,和歌山県,海南市議会,オストメイト,11,,https://ssp.kaigiroku.net/tenant/kainan/MinuteSearch.html,2026-09-22
kainan,和歌山県,海南市議会,蓄便袋,1,,https://ssp.kaigiroku.net/tenant/kainan/MinuteSearch.html,2026-09-22
kainan,和歌山県,海南市議会,蓄尿袋,2,,https://ssp.kaigiroku.net/tenant/kainan/MinuteSearch.html,2026-09-22
gobo,和歌山県,御坊市議会,ストーマ,1,,https://ssp.kaigiroku.net/tenant/gobo/MinuteSearch.html,2026-09-22
gobo,和歌山県,御坊市議会,オストメイト,9,,https://ssp.kaigiroku.net/tenant/gobo/MinuteSearch.html,2026-09-22
gobo,和歌山県,御坊市議会,蓄便袋,0,,https://ssp.kaigiroku.net/tenant/gobo/MinuteSearch.html,2026-09-22
gobo,和歌山県,御坊市議会,蓄尿袋,0,,https://ssp.kaigiroku.net/tenant/gobo/MinuteSearch.html,2026-09-22
shingu,和歌山県,新宮市議会,ストーマ,0,,https://ssp.kaigiroku.net/tenant/shingu/MinuteSearch.html,2026-09-22
shingu,和歌山県,新宮市議会,オストメイト,7,,https://ssp.kaigiroku.net/tenant/shingu/MinuteSearch.html,2026-09-22
shingu,和歌山県,新宮市議会,蓄便袋,0,,https://ssp.kaigiroku.net/tenant/shingu/MinuteSearch.html,2026-09-22
shingu,和歌山県,新宮市議会,蓄尿袋,0,,https://ssp.kaigiroku.net/tenant/shingu/MinuteSearch.html,2026-09-22
inami,和歌山県,印南町議会,ストーマ,1,,https://ssp.kaigiroku.net/tenant/inami/MinuteSearch.html,2026-09-22
inami,和歌山県,印南町議会,オストメイト,3,,https://ssp.kaigiroku.net/tenant/inami/MinuteSearch.html,2026-09-22
inami,和歌山県,印南町議会,蓄便袋,0,,https://ssp.kaigiroku.net/tenant/inami/MinuteSearch.html,2026-09-22
inami,和歌山県,印南町議会,蓄尿袋,0,,https://ssp.kaigiroku.net/tenant/inami/MinuteSearch.html,2026-09-22
iwami,鳥取県,岩美町議会,ストーマ,3,,https://ssp.kaigiroku.net/tenant/iwami/MinuteSearch.html,2026-09-22
iwami,鳥取県,岩美町議会,オストメイト,12,,https://ssp.kaigiroku.net/tenant/iwami/MinuteSearch.html,2026-09-22
iwami,鳥取県,岩美町議会,蓄便袋,0,,https://ssp.kaigiroku.net/tenant/iwami/MinuteSearch.html,2026-09-22
iwami,鳥取県,岩美町議会,蓄尿袋,0,,https://ssp.kaigiroku.net/tenant/iwami/MinuteSearch.html,2026-09-22
matsue,島根県,松江市議会,ストーマ,2,,https://ssp.kaigiroku.net/tenant/matsue/MinuteSearch.html,2026-09-22
matsue,島根県,松江市議会,オストメイト,4,,https://ssp.kaigiroku.net/tenant/matsue/MinuteSearch.html,2026-09-22
matsue,島根県,松江市議会,蓄便袋,0,,https://ssp.kaigiroku.net/tenant/matsue/MinuteSearch.html,2026-09-22
matsue,島根県,松江市議会,蓄尿袋,0,,https://ssp.kaigiroku.net/tenant/matsue/MinuteSearch.html,2026-09-22
hamada,島根県,浜田市議会,ストーマ,4,,https://ssp.kaigiroku.net/tenant/hamada/MinuteSearch.html,2026-09-22
hamada,島根県,浜田市議会,オストメイト,2,,https://ssp.kaigiroku.net/tenant/hamada/MinuteSearch.html,2026-09-22
hamada,島根県,浜田市議会,蓄便袋,0,,https://ssp.kaigiroku.net/tenant/hamada/MinuteSearch.html,2026-09-22
hamada,島根県,浜田市議会,蓄尿袋,0,,https://ssp.kaigiroku.net/tenant/hamada/MinuteSearch.html,2026-09-22
masuda,島根県,益田市議会,ストーマ,2,,https://ssp.kaigiroku.net/tenant/masuda/MinuteSearch.html,2026-09-22
masuda,島根県,益田市議会,オストメイト,24,,https://ssp.kaigiroku.net/tenant/masuda/MinuteSearch.html,2026-09-22
masuda,島根県,益田市議会,蓄便袋,0,,https://ssp.kaigiroku.net/tenant/masuda/MinuteSearch.html,2026-09-22
masuda,島根県,益田市議会,蓄尿袋,0,,https://ssp.kaigiroku.net/tenant/masuda/MinuteSearch.html,2026-09-22
yasugi,島根県,安来市議会,ストーマ,1,,https://ssp.kaigiroku.net/tenant/yasugi/MinuteSearch.html,2026-09-22
yasugi,島根県,安来市議会,オストメイト,3,,https://ssp.kaigiroku.net/tenant/yasugi/MinuteSearch.html,2026-09-22
yasugi,島根県,安来市議会,蓄便袋,0,,https://ssp.kaigiroku.net/tenant/yasugi/MinuteSearch.html,2026-09-22
yasugi,島根県,安来市議会,蓄尿袋,0,,https://ssp.kaigiroku.net/tenant/yasugi/MinuteSearch.html,2026-09-22
gotsu,島根県,江津市議会,ストーマ,0,,https://ssp.kaigiroku.net/tenant/gotsu/MinuteSearch.html,2026-09-22
gotsu,島根県,江津市議会,オストメイト,0,,https://ssp.kaigiroku.net/tenant/gotsu/MinuteSearch.html,2026-09-22
gotsu,島根県,江津市議会,蓄便袋,0,,https://ssp.kaigiroku.net/tenant/gotsu/MinuteSearch.html,2026-09-22
gotsu,島根県,江津市議会,蓄尿袋,0,,https://ssp.kaigiroku.net/tenant/gotsu/MinuteSearch.html,2026-09-22
prefokayama,岡山県,岡山県議会,ストーマ,5,,https://ssp.kaigiroku.net/tenant/prefokayama/MinuteSearch.html,2026-09-22
prefokayama,岡山県,岡山県議会,オストメイト,6,,https://ssp.kaigiroku.net/tenant/prefokayama/MinuteSearch.html,2026-09-22
prefokayama,岡山県,岡山県議会,蓄便袋,0,,https://ssp.kaigiroku.net/tenant/prefokayama/MinuteSearch.html,2026-09-22
prefokayama,岡山県,岡山県議会,蓄尿袋,0,,https://ssp.kaigiroku.net/tenant/prefokayama/MinuteSearch.html,2026-09-22
okayama,岡山県,岡山市議会,ストーマ,9,,https://ssp.kaigiroku.net/tenant/okayama/MinuteSearch.html,2026-09-22
okayama,岡山県,岡山市議会,オストメイト,18,,https://ssp.kaigiroku.net/tenant/okayama/MinuteSearch.html,2026-09-22
okayama,岡山県,岡山市議会,蓄便袋,0,,https://ssp.kaigiroku.net/tenant/okayama/MinuteSearch.html,2026-09-22
okayama,岡山県,岡山市議会,蓄尿袋,0,,https://ssp.kaigiroku.net/tenant/okayama/MinuteSearch.html,2026-09-22
kurashiki,岡山県,倉敷市議会,ストーマ,3,,https://ssp.kaigiroku.net/tenant/kurashiki/MinuteSearch.html,2026-09-22
kurashiki,岡山県,倉敷市議会,オストメイト,20,,https://ssp.kaigiroku.net/tenant/kurashiki/MinuteSearch.html,2026-09-22
kurashiki,岡山県,倉敷市議会,蓄便袋,0,,https://ssp.kaigiroku.net/tenant/kurashiki/MinuteSearch.html,2026-09-22
kurashiki,岡山県,倉敷市議会,蓄尿袋,0,,https://ssp.kaigiroku.net/tenant/kurashiki/MinuteSearch.html,2026-09-22
tsuyama,岡山県,津山市議会,ストーマ,0,,https://ssp.kaigiroku.net/tenant/tsuyama/MinuteSearch.html,2026-09-22
tsuyama,岡山県,津山市議会,オストメイト,0,,https://ssp.kaigiroku.net/tenant/tsuyama/MinuteSearch.html,2026-09-22
tsuyama,岡山県,津山市議会,蓄便袋,0,,https://ssp.kaigiroku.net/tenant/tsuyama/MinuteSearch.html,2026-09-22
tsuyama,岡山県,津山市議会,蓄尿袋,0,,https://ssp.kaigiroku.net/tenant/tsuyama/MinuteSearch.html,2026-09-22
tamano,岡山県,玉野市議会,ストーマ,9,,https://ssp.kaigiroku.net/tenant/tamano/MinuteSearch.html,2026-09-22
tamano,岡山県,玉野市議会,オストメイト,5,,https://ssp.kaigiroku.net/tenant/tamano/MinuteSearch.html,2026-09-22
tamano,岡山県,玉野市議会,蓄便袋,0,,https://ssp.kaigiroku.net/tenant/tamano/MinuteSearch.html,2026-09-22
tamano,岡山県,玉野市議会,蓄尿袋,0,,https://ssp.kaigiroku.net/tenant/tamano/MinuteSearch.html,2026-09-22
kasaoka,岡山県,笠岡市議会,ストーマ,0,,https://ssp.kaigiroku.net/tenant/kasaoka/MinuteSearch.html,2026-09-22
kasaoka,岡山県,笠岡市議会,オストメイト,7,,https://ssp.kaigiroku.net/tenant/kasaoka/MinuteSearch.html,2026-09-22
kasaoka,岡山県,笠岡市議会,蓄便袋,1,,https://ssp.kaigiroku.net/tenant/kasaoka/MinuteSearch.html,2026-09-22
kasaoka,岡山県,笠岡市議会,蓄尿袋,1,,https://ssp.kaigiroku.net/tenant/kasaoka/MinuteSearch.html,2026-09-22
ibara,岡山県,井原市議会,ストーマ,2,,https://ssp.kaigiroku.net/tenant/ibara/MinuteSearch.html,2026-09-22
ibara,岡山県,井原市議会,オストメイト,5,,https://ssp.kaigiroku.net/tenant/ibara/MinuteSearch.html,2026-09-22
ibara,岡山県,井原市議会,蓄便袋,0,,https://ssp.kaigiroku.net/tenant/ibara/MinuteSearch.html,2026-09-22
ibara,岡山県,井原市議会,蓄尿袋,0,,https://ssp.kaigiroku.net/tenant/ibara/MinuteSearch.html,2026-09-22
soja,岡山県,総社市議会,ストーマ,1,,https://ssp.kaigiroku.net/tenant/soja/MinuteSearch.html,2026-09-22
soja,岡山県,総社市議会,オストメイト,7,,https://ssp.kaigiroku.net/tenant/soja/MinuteSearch.html,2026-09-22
soja,岡山県,総社市議会,蓄便袋,0,,https://ssp.kaigiroku.net/tenant/soja/MinuteSearch.html,2026-09-22
soja,岡山県,総社市議会,蓄尿袋,0,,https://ssp.kaigiroku.net/tenant/soja/MinuteSearch.html,2026-09-22
takahashi,岡山県,高梁市議会,ストーマ,1,,https://ssp.kaigiroku.net/tenant/takahashi/MinuteSearch.html,2026-09-22
takahashi,岡山県,高梁市議会,オストメイト,3,,https://ssp.kaigiroku.net/tenant/takahashi/MinuteSearch.html,2026-09-22
takahashi,岡山県,高梁市議会,蓄便袋,0,,https://ssp.kaigiroku.net/tenant/takahashi/MinuteSearch.html,2026-09-22
takahashi,岡山県,高梁市議会,蓄尿袋,0,,https://ssp.kaigiroku.net/tenant/takahashi/MinuteSearch.html,2026-09-22
bizen,岡山県,備前市議会,ストーマ,0,,https://ssp.kaigiroku.net/tenant/bizen/MinuteSearch.html,2026-09-22
bizen,岡山県,備前市議会,オストメイト,0,,https://ssp.kaigiroku.net/tenant/bizen/MinuteSearch.html,2026-09-22
bizen,岡山県,備前市議会,蓄便袋,0,,https://ssp.kaigiroku.net/tenant/bizen/MinuteSearch.html,2026-09-22
bizen,岡山県,備前市議会,蓄尿袋,0,,https://ssp.kaigiroku.net/tenant/bizen/MinuteSearch.html,2026-09-22
setouchi,岡山県,瀬戸内市議会,ストーマ,0,,https://ssp.kaigiroku.net/tenant/setouchi/MinuteSearch.html,2026-09-22
setouchi,岡山県,瀬戸内市議会,オストメイト,2,,https://ssp.kaigiroku.net/tenant/setouchi/MinuteSearch.html,2026-09-22
setouchi,岡山県,瀬戸内市議会,蓄便袋,0,,https://ssp.kaigiroku.net/tenant/setouchi/MinuteSearch.html,2026-09-22
setouchi,岡山県,瀬戸内市議会,蓄尿袋,0,,https://ssp.kaigiroku.net/tenant/setouchi/MinuteSearch.html,2026-09-22
akaiwa,岡山県,赤磐市議会,ストーマ,0,,https://ssp.kaigiroku.net/tenant/akaiwa/MinuteSearch.html,2026-09-22
akaiwa,岡山県,赤磐市議会,オストメイト,0,,https://ssp.kaigiroku.net/tenant/akaiwa/MinuteSearch.html,2026-09-22
akaiwa,岡山県,赤磐市議会,蓄便袋,0,,https://ssp.kaigiroku.net/tenant/akaiwa/MinuteSearch.html,2026-09-22
akaiwa,岡山県,赤磐市議会,蓄尿袋,0,,https://ssp.kaigiroku.net/tenant/akaiwa/MinuteSearch.html,2026-09-22
maniwa,岡山県,真庭市議会,ストーマ,3,,https://ssp.kaigiroku.net/tenant/maniwa/MinuteSearch.html,2026-09-22
maniwa,岡山県,真庭市議会,オストメイト,1,,https://ssp.kaigiroku.net/tenant/maniwa/MinuteSearch.html,2026-09-22
maniwa,岡山県,真庭市議会,蓄便袋,0,,https://ssp.kaigiroku.net/tenant/maniwa/MinuteSearch.html,2026-09-22
maniwa,岡山県,真庭市議会,蓄尿袋,0,,https://ssp.kaigiroku.net/tenant/maniwa/MinuteSearch.html,2026-09-22
asakuchi,岡山県,浅口市議会,ストーマ,0,,https://ssp.kaigiroku.net/tenant/asakuchi/MinuteSearch.html,2026-09-22
asakuchi,岡山県,浅口市議会,オストメイト,1,,https://ssp.kaigiroku.net/tenant/asakuchi/MinuteSearch.html,2026-09-22
asakuchi,岡山県,浅口市議会,蓄便袋,0,,https://ssp.kaigiroku.net/tenant/asakuchi/MinuteSearch.html,2026-09-22
asakuchi,岡山県,浅口市議会,蓄尿袋,0,,https://ssp.kaigiroku.net/tenant/asakuchi/MinuteSearch.html,2026-09-22
hayashima,岡山県,早島町議会,ストーマ,2,,https://ssp.kaigiroku.net/tenant/hayashima/MinuteSearch.html,2026-09-22
hayashima,岡山県,早島町議会,オストメイト,5,,https://ssp.kaigiroku.net/tenant/hayashima/MinuteSearch.html,2026-09-22
hayashima,岡山県,早島町議会,蓄便袋,0,,https://ssp.kaigiroku.net/tenant/hayashima/MinuteSearch.html,2026-09-22
hayashima,岡山県,早島町議会,蓄尿袋,0,,https://ssp.kaigiroku.net/tenant/hayashima/MinuteSearch.html,2026-09-22
satosho,岡山県,里庄町議会,ストーマ,0,,https://ssp.kaigiroku.net/tenant/satosho/MinuteSearch.html,2026-09-22
satosho,岡山県,里庄町議会,オストメイト,0,,https://ssp.kaigiroku.net/tenant/satosho/MinuteSearch.html,2026-09-22
satosho,岡山県,里庄町議会,蓄便袋,0,,https://ssp.kaigiroku.net/tenant/satosho/MinuteSearch.html,2026-09-22
satosho,岡山県,里庄町議会,蓄尿袋,0,,https://ssp.kaigiroku.net/tenant/satosho/MinuteSearch.html,2026-09-22
kagamino,岡山県,鏡野町議会,ストーマ,0,,https://ssp.kaigiroku.net/tenant/kagamino/MinuteSearch.html,2026-09-22
kagamino,岡山県,鏡野町議会,オストメイト,0,,https://ssp.kaigiroku.net/tenant/kagamino/MinuteSearch.html,2026-09-22
kagamino,岡山県,鏡野町議会,蓄便袋,0,,https://ssp.kaigiroku.net/tenant/kagamino/MinuteSearch.html,2026-09-22
kagamino,岡山県,鏡野町議会,蓄尿袋,0,,https://ssp.kaigiroku.net/tenant/kagamino/MinuteSearch.html,2026-09-22
misaki,岡山県,美咲町議会,ストーマ,0,,https://ssp.kaigiroku.net/tenant/misaki/MinuteSearch.html,2026-09-22
misaki,岡山県,美咲町議会,オストメイト,0,,https://ssp.kaigiroku.net/tenant/misaki/MinuteSearch.html,2026-09-22
misaki,岡山県,美咲町議会,蓄便袋,0,,https://ssp.kaigiroku.net/tenant/misaki/MinuteSearch.html,2026-09-22
misaki,岡山県,美咲町議会,蓄尿袋,0,,https://ssp.kaigiroku.net/tenant/misaki/MinuteSearch.html,2026-09-22
kure,広島県,呉市議会,ストーマ,14,,https://ssp.kaigiroku.net/tenant/kure/MinuteSearch.html,2026-09-22
kure,広島県,呉市議会,オストメイト,49,,https://ssp.kaigiroku.net/tenant/kure/MinuteSearch.html,2026-09-22
kure,広島県,呉市議会,蓄便袋,0,,https://ssp.kaigiroku.net/tenant/kure/MinuteSearch.html,2026-09-22
kure,広島県,呉市議会,蓄尿袋,0,,https://ssp.kaigiroku.net/tenant/kure/MinuteSearch.html,2026-09-22
mihara,広島県,三原市議会,ストーマ,7,,https://ssp.kaigiroku.net/tenant/mihara/MinuteSearch.html,2026-09-22
mihara,広島県,三原市議会,オストメイト,5,,https://ssp.kaigiroku.net/tenant/mihara/MinuteSearch.html,2026-09-22
mihara,広島県,三原市議会,蓄便袋,2,,https://ssp.kaigiroku.net/tenant/mihara/MinuteSearch.html,2026-09-22
mihara,広島県,三原市議会,蓄尿袋,4,,https://ssp.kaigiroku.net/tenant/mihara/MinuteSearch.html,2026-09-22
onomichi,広島県,尾道市議会,ストーマ,10,,https://ssp.kaigiroku.net/tenant/onomichi/MinuteSearch.html,2026-09-22
onomichi,広島県,尾道市議会,オストメイト,19,,https://ssp.kaigiroku.net/tenant/onomichi/MinuteSearch.html,2026-09-22
onomichi,広島県,尾道市議会,蓄便袋,1,,https://ssp.kaigiroku.net/tenant/onomichi/MinuteSearch.html,2026-09-22
onomichi,広島県,尾道市議会,蓄尿袋,1,,https://ssp.kaigiroku.net/tenant/onomichi/MinuteSearch.html,2026-09-22
fukuyama,広島県,福山市議会,ストーマ,1,,https://ssp.kaigiroku.net/tenant/fukuyama/MinuteSearch.html,2026-09-22
fukuyama,広島県,福山市議会,オストメイト,52,,https://ssp.kaigiroku.net/tenant/fukuyama/MinuteSearch.html,2026-09-22
fukuyama,広島県,福山市議会,蓄便袋,0,,https://ssp.kaigiroku.net/tenant/fukuyama/MinuteSearch.html,2026-09-22
fukuyama,広島県,福山市議会,蓄尿袋,0,,https://ssp.kaigiroku.net/tenant/fukuyama/MinuteSearch.html,2026-09-22
shobara,広島県,庄原市議会,ストーマ,0,,https://ssp.kaigiroku.net/tenant/shobara/MinuteSearch.html,2026-09-22
shobara,広島県,庄原市議会,オストメイト,3,,https://ssp.kaigiroku.net/tenant/shobara/MinuteSearch.html,2026-09-22
shobara,広島県,庄原市議会,蓄便袋,0,,https://ssp.kaigiroku.net/tenant/shobara/MinuteSearch.html,2026-09-22
shobara,広島県,庄原市議会,蓄尿袋,0,,https://ssp.kaigiroku.net/tenant/shobara/MinuteSearch.html,2026-09-22
higashihiroshima,広島県,東広島市議会,ストーマ,0,,https://ssp.kaigiroku.net/tenant/higashihiroshima/MinuteSearch.html,2026-09-22
higashihiroshima,広島県,東広島市議会,オストメイト,10,,https://ssp.kaigiroku.net/tenant/higashihiroshima/MinuteSearch.html,2026-09-22
higashihiroshima,広島県,東広島市議会,蓄便袋,0,,https://ssp.kaigiroku.net/tenant/higashihiroshima/MinuteSearch.html,2026-09-22
higashihiroshima,広島県,東広島市議会,蓄尿袋,0,,https://ssp.kaigiroku.net/tenant/higashihiroshima/MinuteSearch.html,2026-09-22
jinsekikougen,広島県,神石高原町議会,ストーマ,0,,https://ssp.kaigiroku.net/tenant/jinsekikougen/MinuteSearch.html,2026-09-22
jinsekikougen,広島県,神石高原町議会,オストメイト,1,,https://ssp.kaigiroku.net/tenant/jinsekikougen/MinuteSearch.html,2026-09-22
jinsekikougen,広島県,神石高原町議会,蓄便袋,0,,https://ssp.kaigiroku.net/tenant/jinsekikougen/MinuteSearch.html,2026-09-22
jinsekikougen,広島県,神石高原町議会,蓄尿袋,0,,https://ssp.kaigiroku.net/tenant/jinsekikougen/MinuteSearch.html,2026-09-22
prefyamaguchi,山口県,山口県議会,ストーマ,7,,https://ssp.kaigiroku.net/tenant/prefyamaguchi/MinuteSearch.html,2026-09-22
prefyamaguchi,山口県,山口県議会,オストメイト,5,,https://ssp.kaigiroku.net/tenant/prefyamaguchi/MinuteSearch.html,2026-09-22
prefyamaguchi,山口県,山口県議会,蓄便袋,0,,https://ssp.kaigiroku.net/tenant/prefyamaguchi/MinuteSearch.html,2026-09-22
prefyamaguchi,山口県,山口県議会,蓄尿袋,0,,https://ssp.kaigiroku.net/tenant/prefyamaguchi/MinuteSearch.html,2026-09-22
shimonoseki,山口県,下関市議会,ストーマ,8,,https://ssp.kaigiroku.net/tenant/shimonoseki/MinuteSearch.html,2026-09-22
shimonoseki,山口県,下関市議会,オストメイト,91,,https://ssp.kaigiroku.net/tenant/shimonoseki/MinuteSearch.html,2026-09-22
shimonoseki,山口県,下関市議会,蓄便袋,4,,https://ssp.kaigiroku.net/tenant/shimonoseki/MinuteSearch.html,2026-09-22
shimonoseki,山口県,下関市議会,蓄尿袋,4,,https://ssp.kaigiroku.net/tenant/shimonoseki/MinuteSearch.html,2026-09-22
ube,山口県,宇部市議会,ストーマ,7,,https://ssp.kaigiroku.net/tenant/ube/MinuteSearch.html,2026-09-22
ube,山口県,宇部市議会,オストメイト,31,,https://ssp.kaigiroku.net/tenant/ube/MinuteSearch.html,2026-09-22
ube,山口県,宇部市議会,蓄便袋,1,,https://ssp.kaigiroku.net/tenant/ube/MinuteSearch.html,2026-09-22
ube,山口県,宇部市議会,蓄尿袋,1,,https://ssp.kaigiroku.net/tenant/ube/MinuteSearch.html,2026-09-22
hagi,山口県,萩市議会,ストーマ,18,,https://ssp.kaigiroku.net/tenant/hagi/MinuteSearch.html,2026-09-22
hagi,山口県,萩市議会,オストメイト,19,,https://ssp.kaigiroku.net/tenant/hagi/MinuteSearch.html,2026-09-22
hagi,山口県,萩市議会,蓄便袋,0,,https://ssp.kaigiroku.net/tenant/hagi/MinuteSearch.html,2026-09-22
hagi,山口県,萩市議会,蓄尿袋,0,,https://ssp.kaigiroku.net/tenant/hagi/MinuteSearch.html,2026-09-22
hofu,山口県,防府市議会,ストーマ,5,,https://ssp.kaigiroku.net/tenant/hofu/MinuteSearch.html,2026-09-22
hofu,山口県,防府市議会,オストメイト,25,,https://ssp.kaigiroku.net/tenant/hofu/MinuteSearch.html,2026-09-22
hofu,山口県,防府市議会,蓄便袋,1,,https://ssp.kaigiroku.net/tenant/hofu/MinuteSearch.html,2026-09-22
hofu,山口県,防府市議会,蓄尿袋,1,,https://ssp.kaigiroku.net/tenant/hofu/MinuteSearch.html,2026-09-22
kudamatsu,山口県,下松市議会,ストーマ,27,,https://ssp.kaigiroku.net/tenant/kudamatsu/MinuteSearch.html,2026-09-22
kudamatsu,山口県,下松市議会,オストメイト,54,,https://ssp.kaigiroku.net/tenant/kudamatsu/MinuteSearch.html,2026-09-22
kudamatsu,山口県,下松市議会,蓄便袋,0,,https://ssp.kaigiroku.net/tenant/kudamatsu/MinuteSearch.html,2026-09-22
kudamatsu,山口県,下松市議会,蓄尿袋,0,,https://ssp.kaigiroku.net/tenant/kudamatsu/MinuteSearch.html,2026-09-22
iwakuni,山口県,岩国市議会,ストーマ,8,,https://ssp.kaigiroku.net/tenant/iwakuni/MinuteSearch.html,2026-09-22
iwakuni,山口県,岩国市議会,オストメイト,10,,https://ssp.kaigiroku.net/tenant/iwakuni/MinuteSearch.html,2026-09-22
iwakuni,山口県,岩国市議会,蓄便袋,0,,https://ssp.kaigiroku.net/tenant/iwakuni/MinuteSearch.html,2026-09-22
iwakuni,山口県,岩国市議会,蓄尿袋,0,,https://ssp.kaigiroku.net/tenant/iwakuni/MinuteSearch.html,2026-09-22
nagato,山口県,長門市議会,ストーマ,8,,https://ssp.kaigiroku.net/tenant/nagato/MinuteSearch.html,2026-09-22
nagato,山口県,長門市議会,オストメイト,34,,https://ssp.kaigiroku.net/tenant/nagato/MinuteSearch.html,2026-09-22
nagato,山口県,長門市議会,蓄便袋,1,,https://ssp.kaigiroku.net/tenant/nagato/MinuteSearch.html,2026-09-22
nagato,山口県,長門市議会,蓄尿袋,1,,https://ssp.kaigiroku.net/tenant/nagato/MinuteSearch.html,2026-09-22
yanai,山口県,柳井市議会,ストーマ,1,,https://ssp.kaigiroku.net/tenant/yanai/MinuteSearch.html,2026-09-22
yanai,山口県,柳井市議会,オストメイト,2,,https://ssp.kaigiroku.net/tenant/yanai/MinuteSearch.html,2026-09-22
yanai,山口県,柳井市議会,蓄便袋,0,,https://ssp.kaigiroku.net/tenant/yanai/MinuteSearch.html,2026-09-22
yanai,山口県,柳井市議会,蓄尿袋,0,,https://ssp.kaigiroku.net/tenant/yanai/MinuteSearch.html,2026-09-22
shunan,山口県,周南市議会,ストーマ,15,,https://ssp.kaigiroku.net/tenant/shunan/MinuteSearch.html,2026-09-22
shunan,山口県,周南市議会,オストメイト,48,,https://ssp.kaigiroku.net/tenant/shunan/MinuteSearch.html,2026-09-22
shunan,山口県,周南市議会,蓄便袋,0,,https://ssp.kaigiroku.net/tenant/shunan/MinuteSearch.html,2026-09-22
shunan,山口県,周南市議会,蓄尿袋,0,,https://ssp.kaigiroku.net/tenant/shunan/MinuteSearch.html,2026-09-22
sanyoonoda,山口県,山陽小野田市議会,ストーマ,9,,https://ssp.kaigiroku.net/tenant/sanyoonoda/MinuteSearch.html,2026-09-22
sanyoonoda,山口県,山陽小野田市議会,オストメイト,37,,https://ssp.kaigiroku.net/tenant/sanyoonoda/MinuteSearch.html,2026-09-22
sanyoonoda,山口県,山陽小野田市議会,蓄便袋,1,,https://ssp.kaigiroku.net/tenant/sanyoonoda/MinuteSearch.html,2026-09-22
sanyoonoda,山口県,山陽小野田市議会,蓄尿袋,1,,https://ssp.kaigiroku.net/tenant/sanyoonoda/MinuteSearch.html,2026-09-22
tokushimapref,徳島県,徳島県議会,ストーマ,2,,https://ssp.kaigiroku.net/tenant/tokushimapref/MinuteSearch.html,2026-09-22
tokushimapref,徳島県,徳島県議会,オストメイト,13,,https://ssp.kaigiroku.net/tenant/tokushimapref/MinuteSearch.html,2026-09-22
tokushimapref,徳島県,徳島県議会,蓄便袋,0,,https://ssp.kaigiroku.net/tenant/tokushimapref/MinuteSearch.html,2026-09-22
tokushimapref,徳島県,徳島県議会,蓄尿袋,0,,https://ssp.kaigiroku.net/tenant/tokushimapref/MinuteSearch.html,2026-09-22
naruto,徳島県,鳴門市議会,ストーマ,0,,https://ssp.kaigiroku.net/tenant/naruto/MinuteSearch.html,2026-09-22
naruto,徳島県,鳴門市議会,オストメイト,0,,https://ssp.kaigiroku.net/tenant/naruto/MinuteSearch.html,2026-09-22
naruto,徳島県,鳴門市議会,蓄便袋,0,,https://ssp.kaigiroku.net/tenant/naruto/MinuteSearch.html,2026-09-22
naruto,徳島県,鳴門市議会,蓄尿袋,0,,https://ssp.kaigiroku.net/tenant/naruto/MinuteSearch.html,2026-09-22
anan,徳島県,阿南市議会,ストーマ,0,,https://ssp.kaigiroku.net/tenant/anan/MinuteSearch.html,2026-09-22
anan,徳島県,阿南市議会,オストメイト,0,,https://ssp.kaigiroku.net/tenant/anan/MinuteSearch.html,2026-09-22
anan,徳島県,阿南市議会,蓄便袋,0,,https://ssp.kaigiroku.net/tenant/anan/MinuteSearch.html,2026-09-22
anan,徳島県,阿南市議会,蓄尿袋,0,,https://ssp.kaigiroku.net/tenant/anan/MinuteSearch.html,2026-09-22
tmiyoshi,徳島県,三好市議会,ストーマ,0,,https://ssp.kaigiroku.net/tenant/tmiyoshi/MinuteSearch.html,2026-09-22
tmiyoshi,徳島県,三好市議会,オストメイト,0,,https://ssp.kaigiroku.net/tenant/tmiyoshi/MinuteSearch.html,2026-09-22
tmiyoshi,徳島県,三好市議会,蓄便袋,0,,https://ssp.kaigiroku.net/tenant/tmiyoshi/MinuteSearch.html,2026-09-22
tmiyoshi,徳島県,三好市議会,蓄尿袋,0,,https://ssp.kaigiroku.net/tenant/tmiyoshi/MinuteSearch.html,2026-09-22
ishii,徳島県,石井町議会,ストーマ,0,,https://ssp.kaigiroku.net/tenant/ishii/MinuteSearch.html,2026-09-22
ishii,徳島県,石井町議会,オストメイト,0,,https://ssp.kaigiroku.net/tenant/ishii/MinuteSearch.html,2026-09-22
ishii,徳島県,石井町議会,蓄便袋,0,,https://ssp.kaigiroku.net/tenant/ishii/MinuteSearch.html,2026-09-22
ishii,徳島県,石井町議会,蓄尿袋,0,,https://ssp.kaigiroku.net/tenant/ishii/MinuteSearch.html,2026-09-22
naka,徳島県,那賀町議会,ストーマ,0,,https://ssp.kaigiroku.net/tenant/naka/MinuteSearch.html,2026-09-22
naka,徳島県,那賀町議会,オストメイト,1,,https://ssp.kaigiroku.net/tenant/naka/MinuteSearch.html,2026-09-22
naka,徳島県,那賀町議会,蓄便袋,0,,https://ssp.kaigiroku.net/tenant/naka/MinuteSearch.html,2026-09-22
naka,徳島県,那賀町議会,蓄尿袋,0,,https://ssp.kaigiroku.net/tenant/naka/MinuteSearch.html,2026-09-22
takamatsu,香川県,高松市議会,ストーマ,3,,https://ssp.kaigiroku.net/tenant/takamatsu/MinuteSearch.html,2026-09-22
takamatsu,香川県,高松市議会,オストメイト,19,,https://ssp.kaigiroku.net/tenant/takamatsu/MinuteSearch.html,2026-09-22
takamatsu,香川県,高松市議会,蓄便袋,0,,https://ssp.kaigiroku.net/tenant/takamatsu/MinuteSearch.html,2026-09-22
takamatsu,香川県,高松市議会,蓄尿袋,0,,https://ssp.kaigiroku.net/tenant/takamatsu/MinuteSearch.html,2026-09-22
marugame,香川県,丸亀市議会,ストーマ,5,,https://ssp.kaigiroku.net/tenant/marugame/MinuteSearch.html,2026-09-22
marugame,香川県,丸亀市議会,オストメイト,5,,https://ssp.kaigiroku.net/tenant/marugame/MinuteSearch.html,2026-09-22
marugame,香川県,丸亀市議会,蓄便袋,0,,https://ssp.kaigiroku.net/tenant/marugame/MinuteSearch.html,2026-09-22
marugame,香川県,丸亀市議会,蓄尿袋,0,,https://ssp.kaigiroku.net/tenant/marugame/MinuteSearch.html,2026-09-22
sakaide,香川県,坂出市議会,ストーマ,1,,https://ssp.kaigiroku.net/tenant/sakaide/MinuteSearch.html,2026-09-22
sakaide,香川県,坂出市議会,オストメイト,2,,https://ssp.kaigiroku.net/tenant/sakaide/MinuteSearch.html,2026-09-22
sakaide,香川県,坂出市議会,蓄便袋,0,,https://ssp.kaigiroku.net/tenant/sakaide/MinuteSearch.html,2026-09-22
sakaide,香川県,坂出市議会,蓄尿袋,0,,https://ssp.kaigiroku.net/tenant/sakaide/MinuteSearch.html,2026-09-22
zentsuji,香川県,善通寺市議会,ストーマ,4,,https://ssp.kaigiroku.net/tenant/zentsuji/MinuteSearch.html,2026-09-22
zentsuji,香川県,善通寺市議会,オストメイト,9,,https://ssp.kaigiroku.net/tenant/zentsuji/MinuteSearch.html,2026-09-22
zentsuji,香川県,善通寺市議会,蓄便袋,0,,https://ssp.kaigiroku.net/tenant/zentsuji/MinuteSearch.html,2026-09-22
zentsuji,香川県,善通寺市議会,蓄尿袋,0,,https://ssp.kaigiroku.net/tenant/zentsuji/MinuteSearch.html,2026-09-22
kanonji,香川県,観音寺市議会,ストーマ,0,,https://ssp.kaigiroku.net/tenant/kanonji/MinuteSearch.html,2026-09-22
kanonji,香川県,観音寺市議会,オストメイト,3,,https://ssp.kaigiroku.net/tenant/kanonji/MinuteSearch.html,2026-09-22
kanonji,香川県,観音寺市議会,蓄便袋,0,,https://ssp.kaigiroku.net/tenant/kanonji/MinuteSearch.html,2026-09-22
kanonji,香川県,観音寺市議会,蓄尿袋,0,,https://ssp.kaigiroku.net/tenant/kanonji/MinuteSearch.html,2026-09-22
matsuyama,愛媛県,松山市議会,ストーマ,18,,https://ssp.kaigiroku.net/tenant/matsuyama/MinuteSearch.html,2026-09-22
matsuyama,愛媛県,松山市議会,オストメイト,32,,https://ssp.kaigiroku.net/tenant/matsuyama/MinuteSearch.html,2026-09-22
matsuyama,愛媛県,松山市議会,蓄便袋,0,,https://ssp.kaigiroku.net/tenant/matsuyama/MinuteSearch.html,2026-09-22
matsuyama,愛媛県,松山市議会,蓄尿袋,0,,https://ssp.kaigiroku.net/tenant/matsuyama/MinuteSearch.html,2026-09-22
uwajima,愛媛県,宇和島市議会,ストーマ,6,,https://ssp.kaigiroku.net/tenant/uwajima/MinuteSearch.html,2026-09-22
uwajima,愛媛県,宇和島市議会,オストメイト,25,,https://ssp.kaigiroku.net/tenant/uwajima/MinuteSearch.html,2026-09-22
uwajima,愛媛県,宇和島市議会,蓄便袋,0,,https://ssp.kaigiroku.net/tenant/uwajima/MinuteSearch.html,2026-09-22
uwajima,愛媛県,宇和島市議会,蓄尿袋,0,,https://ssp.kaigiroku.net/tenant/uwajima/MinuteSearch.html,2026-09-22
saijo,愛媛県,西条市議会,ストーマ,1,,https://ssp.kaigiroku.net/tenant/saijo/MinuteSearch.html,2026-09-22
saijo,愛媛県,西条市議会,オストメイト,12,,https://ssp.kaigiroku.net/tenant/saijo/MinuteSearch.html,2026-09-22
saijo,愛媛県,西条市議会,蓄便袋,0,,https://ssp.kaigiroku.net/tenant/saijo/MinuteSearch.html,2026-09-22
saijo,愛媛県,西条市議会,蓄尿袋,0,,https://ssp.kaigiroku.net/tenant/saijo/MinuteSearch.html,2026-09-22
iyo,愛媛県,伊予市議会,ストーマ,5,,https://ssp.kaigiroku.net/tenant/iyo/MinuteSearch.html,2026-09-22
iyo,愛媛県,伊予市議会,オストメイト,36,,https://ssp.kaigiroku.net/tenant/iyo/MinuteSearch.html,2026-09-22
iyo,愛媛県,伊予市議会,蓄便袋,0,,https://ssp.kaigiroku.net/tenant/iyo/MinuteSearch.html,2026-09-22
iyo,愛媛県,伊予市議会,蓄尿袋,0,,https://ssp.kaigiroku.net/tenant/iyo/MinuteSearch.html,2026-09-22
shikokuchuo,愛媛県,四国中央市  議会,ストーマ,1,,https://ssp.kaigiroku.net/tenant/shikokuchuo/MinuteSearch.html,2026-09-22
shikokuchuo,愛媛県,四国中央市  議会,オストメイト,9,,https://ssp.kaigiroku.net/tenant/shikokuchuo/MinuteSearch.html,2026-09-22
shikokuchuo,愛媛県,四国中央市  議会,蓄便袋,1,,https://ssp.kaigiroku.net/tenant/shikokuchuo/MinuteSearch.html,2026-09-22
shikokuchuo,愛媛県,四国中央市  議会,蓄尿袋,1,,https://ssp.kaigiroku.net/tenant/shikokuchuo/MinuteSearch.html,2026-09-22
toon,愛媛県,東温市議会,ストーマ,4,,https://ssp.kaigiroku.net/tenant/toon/MinuteSearch.html,2026-09-22
toon,愛媛県,東温市議会,オストメイト,20,,https://ssp.kaigiroku.net/tenant/toon/MinuteSearch.html,2026-09-22
toon,愛媛県,東温市議会,蓄便袋,0,,https://ssp.kaigiroku.net/tenant/toon/MinuteSearch.html,2026-09-22
toon,愛媛県,東温市議会,蓄尿袋,0,,https://ssp.kaigiroku.net/tenant/toon/MinuteSearch.html,2026-09-22
prefkochi,高知県,高知県議会,ストーマ,3,,https://ssp.kaigiroku.net/tenant/prefkochi/MinuteSearch.html,2026-09-22
prefkochi,高知県,高知県議会,オストメイト,10,,https://ssp.kaigiroku.net/tenant/prefkochi/MinuteSearch.html,2026-09-22
prefkochi,高知県,高知県議会,蓄便袋,0,,https://ssp.kaigiroku.net/tenant/prefkochi/MinuteSearch.html,2026-09-22
prefkochi,高知県,高知県議会,蓄尿袋,0,,https://ssp.kaigiroku.net/tenant/prefkochi/MinuteSearch.html,2026-09-22
kochi,高知県,高知市議会,ストーマ,14,,https://ssp.kaigiroku.net/tenant/kochi/MinuteSearch.html,2026-09-22
kochi,高知県,高知市議会,オストメイト,11,,https://ssp.kaigiroku.net/tenant/kochi/MinuteSearch.html,2026-09-22
kochi,高知県,高知市議会,蓄便袋,0,,https://ssp.kaigiroku.net/tenant/kochi/MinuteSearch.html,2026-09-22
kochi,高知県,高知市議会,蓄尿袋,0,,https://ssp.kaigiroku.net/tenant/kochi/MinuteSearch.html,2026-09-22
tosa,高知県,土佐市議会,ストーマ,0,,https://ssp.kaigiroku.net/tenant/tosa/MinuteSearch.html,2026-09-22
tosa,高知県,土佐市議会,オストメイト,2,,https://ssp.kaigiroku.net/tenant/tosa/MinuteSearch.html,2026-09-22
tosa,高知県,土佐市議会,蓄便袋,0,,https://ssp.kaigiroku.net/tenant/tosa/MinuteSearch.html,2026-09-22
tosa,高知県,土佐市議会,蓄尿袋,0,,https://ssp.kaigiroku.net/tenant/tosa/MinuteSearch.html,2026-09-22
shimanto,高知県,四万十市議会,ストーマ,0,,https://ssp.kaigiroku.net/tenant/shimanto/MinuteSearch.html,2026-09-22
shimanto,高知県,四万十市議会,オストメイト,0,,https://ssp.kaigiroku.net/tenant/shimanto/MinuteSearch.html,2026-09-22
shimanto,高知県,四万十市議会,蓄便袋,0,,https://ssp.kaigiroku.net/tenant/shimanto/MinuteSearch.html,2026-09-22
shimanto,高知県,四万十市議会,蓄尿袋,0,,https://ssp.kaigiroku.net/tenant/shimanto/MinuteSearch.html,2026-09-22
ino,高知県,いの町議会,ストーマ,4,,https://ssp.kaigiroku.net/tenant/ino/MinuteSearch.html,2026-09-22
ino,高知県,いの町議会,オストメイト,8,,https://ssp.kaigiroku.net/tenant/ino/MinuteSearch.html,2026-09-22
ino,高知県,いの町議会,蓄便袋,0,,https://ssp.kaigiroku.net/tenant/ino/MinuteSearch.html,2026-09-22
ino,高知県,いの町議会,蓄尿袋,0,,https://ssp.kaigiroku.net/tenant/ino/MinuteSearch.html,2026-09-22
kitakyushu,福岡県,北九州市議会,ストーマ,9,,https://ssp.kaigiroku.net/tenant/kitakyushu/MinuteSearch.html,2026-09-22
kitakyushu,福岡県,北九州市議会,オストメイト,21,,https://ssp.kaigiroku.net/tenant/kitakyushu/MinuteSearch.html,2026-09-22
kitakyushu,福岡県,北九州市議会,蓄便袋,2,,https://ssp.kaigiroku.net/tenant/kitakyushu/MinuteSearch.html,2026-09-22
kitakyushu,福岡県,北九州市議会,蓄尿袋,2,,https://ssp.kaigiroku.net/tenant/kitakyushu/MinuteSearch.html,2026-09-22
omuta,福岡県,大牟田市議会,ストーマ,3,,https://ssp.kaigiroku.net/tenant/omuta/MinuteSearch.html,2026-09-22
omuta,福岡県,大牟田市議会,オストメイト,8,,https://ssp.kaigiroku.net/tenant/omuta/MinuteSearch.html,2026-09-22
omuta,福岡県,大牟田市議会,蓄便袋,0,,https://ssp.kaigiroku.net/tenant/omuta/MinuteSearch.html,2026-09-22
omuta,福岡県,大牟田市議会,蓄尿袋,0,,https://ssp.kaigiroku.net/tenant/omuta/MinuteSearch.html,2026-09-22
chikugo,福岡県,筑後市議会,ストーマ,9,,https://ssp.kaigiroku.net/tenant/chikugo/MinuteSearch.html,2026-09-22
chikugo,福岡県,筑後市議会,オストメイト,33,,https://ssp.kaigiroku.net/tenant/chikugo/MinuteSearch.html,2026-09-22
chikugo,福岡県,筑後市議会,蓄便袋,1,,https://ssp.kaigiroku.net/tenant/chikugo/MinuteSearch.html,2026-09-22
chikugo,福岡県,筑後市議会,蓄尿袋,1,,https://ssp.kaigiroku.net/tenant/chikugo/MinuteSearch.html,2026-09-22
yukuhashi,福岡県,行橋市議会,ストーマ,8,,https://ssp.kaigiroku.net/tenant/yukuhashi/MinuteSearch.html,2026-09-22
yukuhashi,福岡県,行橋市議会,オストメイト,46,,https://ssp.kaigiroku.net/tenant/yukuhashi/MinuteSearch.html,2026-09-22
yukuhashi,福岡県,行橋市議会,蓄便袋,1,,https://ssp.kaigiroku.net/tenant/yukuhashi/MinuteSearch.html,2026-09-22
yukuhashi,福岡県,行橋市議会,蓄尿袋,1,,https://ssp.kaigiroku.net/tenant/yukuhashi/MinuteSearch.html,2026-09-22
ogori,福岡県,小郡市議会,ストーマ,-1,input_not_found,https://ssp.kaigiroku.net/tenant/ogori/MinuteSearch.html,2026-09-22
ogori,福岡県,小郡市議会,オストメイト,-1,input_not_found,https://ssp.kaigiroku.net/tenant/ogori/MinuteSearch.html,2026-09-22
ogori,福岡県,小郡市議会,蓄便袋,-1,input_not_found,https://ssp.kaigiroku.net/tenant/ogori/MinuteSearch.html,2026-09-22
ogori,福岡県,小郡市議会,蓄尿袋,-1,input_not_found,https://ssp.kaigiroku.net/tenant/ogori/MinuteSearch.html,2026-09-22
fukutsu,福岡県,福津市議会,ストーマ,10,,https://ssp.kaigiroku.net/tenant/fukutsu/MinuteSearch.html,2026-09-22
fukutsu,福岡県,福津市議会,オストメイト,22,,https://ssp.kaigiroku.net/tenant/fukutsu/MinuteSearch.html,2026-09-22
fukutsu,福岡県,福津市議会,蓄便袋,4,,https://ssp.kaigiroku.net/tenant/fukutsu/MinuteSearch.html,2026-09-22
fukutsu,福岡県,福津市議会,蓄尿袋,4,,https://ssp.kaigiroku.net/tenant/fukutsu/MinuteSearch.html,2026-09-22
nakagawa,福岡県,那珂川市議会,ストーマ,5,,https://ssp.kaigiroku.net/tenant/nakagawa/MinuteSearch.html,2026-09-22
nakagawa,福岡県,那珂川市議会,オストメイト,16,,https://ssp.kaigiroku.net/tenant/nakagawa/MinuteSearch.html,2026-09-22
nakagawa,福岡県,那珂川市議会,蓄便袋,1,,https://ssp.kaigiroku.net/tenant/nakagawa/MinuteSearch.html,2026-09-22
nakagawa,福岡県,那珂川市議会,蓄尿袋,0,,https://ssp.kaigiroku.net/tenant/nakagawa/MinuteSearch.html,2026-09-22
shime,福岡県,志免町議会,ストーマ,3,,https://ssp.kaigiroku.net/tenant/shime/MinuteSearch.html,2026-09-22
shime,福岡県,志免町議会,オストメイト,8,,https://ssp.kaigiroku.net/tenant/shime/MinuteSearch.html,2026-09-22
shime,福岡県,志免町議会,蓄便袋,0,,https://ssp.kaigiroku.net/tenant/shime/MinuteSearch.html,2026-09-22
shime,福岡県,志免町議会,蓄尿袋,0,,https://ssp.kaigiroku.net/tenant/shime/MinuteSearch.html,2026-09-22
okagaki,福岡県,岡垣町議会,ストーマ,0,,https://ssp.kaigiroku.net/tenant/okagaki/MinuteSearch.html,2026-09-22
okagaki,福岡県,岡垣町議会,オストメイト,5,,https://ssp.kaigiroku.net/tenant/okagaki/MinuteSearch.html,2026-09-22
okagaki,福岡県,岡垣町議会,蓄便袋,0,,https://ssp.kaigiroku.net/tenant/okagaki/MinuteSearch.html,2026-09-22
okagaki,福岡県,岡垣町議会,蓄尿袋,0,,https://ssp.kaigiroku.net/tenant/okagaki/MinuteSearch.html,2026-09-22
kanda,福岡県,苅田町議会,ストーマ,20,,https://ssp.kaigiroku.net/tenant/kanda/MinuteSearch.html,2026-09-22
kanda,福岡県,苅田町議会,オストメイト,51,,https://ssp.kaigiroku.net/tenant/kanda/MinuteSearch.html,2026-09-22
kanda,福岡県,苅田町議会,蓄便袋,0,,https://ssp.kaigiroku.net/tenant/kanda/MinuteSearch.html,2026-09-22
kanda,福岡県,苅田町議会,蓄尿袋,0,,https://ssp.kaigiroku.net/tenant/kanda/MinuteSearch.html,2026-09-22
miyakomachi,福岡県,みやこ町議会,ストーマ,1,,https://ssp.kaigiroku.net/tenant/miyakomachi/MinuteSearch.html,2026-09-22
miyakomachi,福岡県,みやこ町議会,オストメイト,6,,https://ssp.kaigiroku.net/tenant/miyakomachi/MinuteSearch.html,2026-09-22
miyakomachi,福岡県,みやこ町議会,蓄便袋,0,,https://ssp.kaigiroku.net/tenant/miyakomachi/MinuteSearch.html,2026-09-22
miyakomachi,福岡県,みやこ町議会,蓄尿袋,0,,https://ssp.kaigiroku.net/tenant/miyakomachi/MinuteSearch.html,2026-09-22
karatsu,佐賀県,唐津市議会,ストーマ,7,,https://ssp.kaigiroku.net/tenant/karatsu/MinuteSearch.html,2026-09-22
karatsu,佐賀県,唐津市議会,オストメイト,12,,https://ssp.kaigiroku.net/tenant/karatsu/MinuteSearch.html,2026-09-22
karatsu,佐賀県,唐津市議会,蓄便袋,0,,https://ssp.kaigiroku.net/tenant/karatsu/MinuteSearch.html,2026-09-22
karatsu,佐賀県,唐津市議会,蓄尿袋,0,,https://ssp.kaigiroku.net/tenant/karatsu/MinuteSearch.html,2026-09-22
tosu,佐賀県,鳥栖市議会,ストーマ,3,,https://ssp.kaigiroku.net/tenant/tosu/MinuteSearch.html,2026-09-22
tosu,佐賀県,鳥栖市議会,オストメイト,16,,https://ssp.kaigiroku.net/tenant/tosu/MinuteSearch.html,2026-09-22
tosu,佐賀県,鳥栖市議会,蓄便袋,0,,https://ssp.kaigiroku.net/tenant/tosu/MinuteSearch.html,2026-09-22
tosu,佐賀県,鳥栖市議会,蓄尿袋,0,,https://ssp.kaigiroku.net/tenant/tosu/MinuteSearch.html,2026-09-22
taku,佐賀県,多久市議会,ストーマ,2,,https://ssp.kaigiroku.net/tenant/taku/MinuteSearch.html,2026-09-22
taku,佐賀県,多久市議会,オストメイト,6,,https://ssp.kaigiroku.net/tenant/taku/MinuteSearch.html,2026-09-22
taku,佐賀県,多久市議会,蓄便袋,0,,https://ssp.kaigiroku.net/tenant/taku/MinuteSearch.html,2026-09-22
taku,佐賀県,多久市議会,蓄尿袋,0,,https://ssp.kaigiroku.net/tenant/taku/MinuteSearch.html,2026-09-22
imari,佐賀県,伊万里市議会,ストーマ,3,,https://ssp.kaigiroku.net/tenant/imari/MinuteSearch.html,2026-09-22
imari,佐賀県,伊万里市議会,オストメイト,13,,https://ssp.kaigiroku.net/tenant/imari/MinuteSearch.html,2026-09-22
imari,佐賀県,伊万里市議会,蓄便袋,0,,https://ssp.kaigiroku.net/tenant/imari/MinuteSearch.html,2026-09-22
imari,佐賀県,伊万里市議会,蓄尿袋,0,,https://ssp.kaigiroku.net/tenant/imari/MinuteSearch.html,2026-09-22
prefnagasaki,長崎県,長崎県議会,ストーマ,1,,https://ssp.kaigiroku.net/tenant/prefnagasaki/MinuteSearch.html,2026-09-22
prefnagasaki,長崎県,長崎県議会,オストメイト,19,,https://ssp.kaigiroku.net/tenant/prefnagasaki/MinuteSearch.html,2026-09-22
prefnagasaki,長崎県,長崎県議会,蓄便袋,0,,https://ssp.kaigiroku.net/tenant/prefnagasaki/MinuteSearch.html,2026-09-22
prefnagasaki,長崎県,長崎県議会,蓄尿袋,0,,https://ssp.kaigiroku.net/tenant/prefnagasaki/MinuteSearch.html,2026-09-22
sasebo,長崎県,佐世保市議会,ストーマ,-1,timeout,https://ssp.kaigiroku.net/tenant/sasebo/MinuteSearch.html,2026-09-22
sasebo,長崎県,佐世保市議会,オストメイト,-1,"Page.goto: Timeout 20000ms exceeded.
Call log:
  - navigating to ""https://ssp.kaigiroku.net/tenant/s",https://ssp.kaigiroku.net/tenant/sasebo/MinuteSearch.html,2026-09-22
sasebo,長崎県,佐世保市議会,蓄便袋,-1,"Page.goto: Timeout 20000ms exceeded.
Call log:
  - navigating to ""https://ssp.kaigiroku.net/tenant/s",https://ssp.kaigiroku.net/tenant/sasebo/MinuteSearch.html,2026-09-22
sasebo,長崎県,佐世保市議会,蓄尿袋,-1,"Page.goto: Timeout 20000ms exceeded.
Call log:
  - navigating to ""https://ssp.kaigiroku.net/tenant/s",https://ssp.kaigiroku.net/tenant/sasebo/MinuteSearch.html,2026-09-22
omura,長崎県,大村市議会,ストーマ,-1,Page.goto: net::ERR_INTERNET_DISCONNECTED at https://ssp.kaigiroku.net/tenant/omura/MinuteSearch.htm,https://ssp.kaigiroku.net/tenant/omura/MinuteSearch.html,2026-09-22
omura,長崎県,大村市議会,オストメイト,-1,Page.goto: net::ERR_INTERNET_DISCONNECTED at https://ssp.kaigiroku.net/tenant/omura/MinuteSearch.htm,https://ssp.kaigiroku.net/tenant/omura/MinuteSearch.html,2026-09-22
omura,長崎県,大村市議会,蓄便袋,-1,Page.goto: net::ERR_INTERNET_DISCONNECTED at https://ssp.kaigiroku.net/tenant/omura/MinuteSearch.htm,https://ssp.kaigiroku.net/tenant/omura/MinuteSearch.html,2026-09-22
omura,長崎県,大村市議会,蓄尿袋,-1,Page.goto: net::ERR_INTERNET_DISCONNECTED at https://ssp.kaigiroku.net/tenant/omura/MinuteSearch.htm,https://ssp.kaigiroku.net/tenant/omura/MinuteSearch.html,2026-09-22
hirado,長崎県,平戸市議会,ストーマ,-1,Page.goto: net::ERR_INTERNET_DISCONNECTED at https://ssp.kaigiroku.net/tenant/hirado/MinuteSearch.ht,https://ssp.kaigiroku.net/tenant/hirado/MinuteSearch.html,2026-09-22
hirado,長崎県,平戸市議会,オストメイト,-1,Page.goto: net::ERR_INTERNET_DISCONNECTED at https://ssp.kaigiroku.net/tenant/hirado/MinuteSearch.ht,https://ssp.kaigiroku.net/tenant/hirado/MinuteSearch.html,2026-09-22
hirado,長崎県,平戸市議会,蓄便袋,-1,Page.goto: net::ERR_INTERNET_DISCONNECTED at https://ssp.kaigiroku.net/tenant/hirado/MinuteSearch.ht,https://ssp.kaigiroku.net/tenant/hirado/MinuteSearch.html,2026-09-22
hirado,長崎県,平戸市議会,蓄尿袋,-1,Page.goto: net::ERR_INTERNET_DISCONNECTED at https://ssp.kaigiroku.net/tenant/hirado/MinuteSearch.ht,https://ssp.kaigiroku.net/tenant/hirado/MinuteSearch.html,2026-09-22
tsushima,長崎県,対馬市議会,ストーマ,-1,Page.goto: net::ERR_INTERNET_DISCONNECTED at https://ssp.kaigiroku.net/tenant/tsushima/MinuteSearch.,https://ssp.kaigiroku.net/tenant/tsushima/MinuteSearch.html,2026-09-22
tsushima,長崎県,対馬市議会,オストメイト,-1,Page.goto: net::ERR_INTERNET_DISCONNECTED at https://ssp.kaigiroku.net/tenant/tsushima/MinuteSearch.,https://ssp.kaigiroku.net/tenant/tsushima/MinuteSearch.html,2026-09-22
tsushima,長崎県,対馬市議会,蓄便袋,-1,Page.goto: net::ERR_INTERNET_DISCONNECTED at https://ssp.kaigiroku.net/tenant/tsushima/MinuteSearch.,https://ssp.kaigiroku.net/tenant/tsushima/MinuteSearch.html,2026-09-22
tsushima,長崎県,対馬市議会,蓄尿袋,-1,Page.goto: net::ERR_INTERNET_DISCONNECTED at https://ssp.kaigiroku.net/tenant/tsushima/MinuteSearch.,https://ssp.kaigiroku.net/tenant/tsushima/MinuteSearch.html,2026-09-22
goto,長崎県,五島市議会,ストーマ,-1,Page.goto: net::ERR_INTERNET_DISCONNECTED at https://ssp.kaigiroku.net/tenant/goto/MinuteSearch.html,https://ssp.kaigiroku.net/tenant/goto/MinuteSearch.html,2026-09-22
goto,長崎県,五島市議会,オストメイト,-1,Page.goto: net::ERR_INTERNET_DISCONNECTED at https://ssp.kaigiroku.net/tenant/goto/MinuteSearch.html,https://ssp.kaigiroku.net/tenant/goto/MinuteSearch.html,2026-09-22
goto,長崎県,五島市議会,蓄便袋,-1,Page.goto: net::ERR_INTERNET_DISCONNECTED at https://ssp.kaigiroku.net/tenant/goto/MinuteSearch.html,https://ssp.kaigiroku.net/tenant/goto/MinuteSearch.html,2026-09-22
goto,長崎県,五島市議会,蓄尿袋,-1,Page.goto: net::ERR_INTERNET_DISCONNECTED at https://ssp.kaigiroku.net/tenant/goto/MinuteSearch.html,https://ssp.kaigiroku.net/tenant/goto/MinuteSearch.html,2026-09-22
saikai,長崎県,西海市議会,ストーマ,-1,Page.goto: net::ERR_INTERNET_DISCONNECTED at https://ssp.kaigiroku.net/tenant/saikai/MinuteSearch.ht,https://ssp.kaigiroku.net/tenant/saikai/MinuteSearch.html,2026-09-22
saikai,長崎県,西海市議会,オストメイト,-1,Page.goto: net::ERR_INTERNET_DISCONNECTED at https://ssp.kaigiroku.net/tenant/saikai/MinuteSearch.ht,https://ssp.kaigiroku.net/tenant/saikai/MinuteSearch.html,2026-09-22
saikai,長崎県,西海市議会,蓄便袋,-1,Page.goto: net::ERR_INTERNET_DISCONNECTED at https://ssp.kaigiroku.net/tenant/saikai/MinuteSearch.ht,https://ssp.kaigiroku.net/tenant/saikai/MinuteSearch.html,2026-09-22
saikai,長崎県,西海市議会,蓄尿袋,-1,Page.goto: net::ERR_INTERNET_DISCONNECTED at https://ssp.kaigiroku.net/tenant/saikai/MinuteSearch.ht,https://ssp.kaigiroku.net/tenant/saikai/MinuteSearch.html,2026-09-22
unzen,長崎県,雲仙市議会,ストーマ,-1,Page.goto: net::ERR_INTERNET_DISCONNECTED at https://ssp.kaigiroku.net/tenant/unzen/MinuteSearch.htm,https://ssp.kaigiroku.net/tenant/unzen/MinuteSearch.html,2026-09-22
unzen,長崎県,雲仙市議会,オストメイト,-1,Page.goto: net::ERR_INTERNET_DISCONNECTED at https://ssp.kaigiroku.net/tenant/unzen/MinuteSearch.htm,https://ssp.kaigiroku.net/tenant/unzen/MinuteSearch.html,2026-09-22
unzen,長崎県,雲仙市議会,蓄便袋,-1,Page.goto: net::ERR_INTERNET_DISCONNECTED at https://ssp.kaigiroku.net/tenant/unzen/MinuteSearch.htm,https://ssp.kaigiroku.net/tenant/unzen/MinuteSearch.html,2026-09-22
unzen,長崎県,雲仙市議会,蓄尿袋,-1,Page.goto: net::ERR_INTERNET_DISCONNECTED at https://ssp.kaigiroku.net/tenant/unzen/MinuteSearch.htm,https://ssp.kaigiroku.net/tenant/unzen/MinuteSearch.html,2026-09-22
minamishimabara,長崎県,南島原市議会,ストーマ,-1,Page.goto: net::ERR_INTERNET_DISCONNECTED at https://ssp.kaigiroku.net/tenant/minamishimabara/Minute,https://ssp.kaigiroku.net/tenant/minamishimabara/MinuteSearch.html,2026-09-22
minamishimabara,長崎県,南島原市議会,オストメイト,-1,Page.goto: net::ERR_INTERNET_DISCONNECTED at https://ssp.kaigiroku.net/tenant/minamishimabara/Minute,https://ssp.kaigiroku.net/tenant/minamishimabara/MinuteSearch.html,2026-09-22
minamishimabara,長崎県,南島原市議会,蓄便袋,-1,Page.goto: net::ERR_INTERNET_DISCONNECTED at https://ssp.kaigiroku.net/tenant/minamishimabara/Minute,https://ssp.kaigiroku.net/tenant/minamishimabara/MinuteSearch.html,2026-09-22
minamishimabara,長崎県,南島原市議会,蓄尿袋,-1,Page.goto: net::ERR_INTERNET_DISCONNECTED at https://ssp.kaigiroku.net/tenant/minamishimabara/Minute,https://ssp.kaigiroku.net/tenant/minamishimabara/MinuteSearch.html,2026-09-22
prefkumamoto,熊本県,熊本県議会,ストーマ,-1,Page.goto: net::ERR_INTERNET_DISCONNECTED at https://ssp.kaigiroku.net/tenant/prefkumamoto/MinuteSea,https://ssp.kaigiroku.net/tenant/prefkumamoto/MinuteSearch.html,2026-09-22
prefkumamoto,熊本県,熊本県議会,オストメイト,-1,Page.goto: net::ERR_INTERNET_DISCONNECTED at https://ssp.kaigiroku.net/tenant/prefkumamoto/MinuteSea,https://ssp.kaigiroku.net/tenant/prefkumamoto/MinuteSearch.html,2026-09-22
prefkumamoto,熊本県,熊本県議会,蓄便袋,-1,Page.goto: net::ERR_INTERNET_DISCONNECTED at https://ssp.kaigiroku.net/tenant/prefkumamoto/MinuteSea,https://ssp.kaigiroku.net/tenant/prefkumamoto/MinuteSearch.html,2026-09-22
prefkumamoto,熊本県,熊本県議会,蓄尿袋,-1,Page.goto: net::ERR_INTERNET_DISCONNECTED at https://ssp.kaigiroku.net/tenant/prefkumamoto/MinuteSea,https://ssp.kaigiroku.net/tenant/prefkumamoto/MinuteSearch.html,2026-09-22
uto,熊本県,宇土市議会,ストーマ,-1,"Page.goto: net::ERR_INTERNET_DISCONNECTED at https://ssp.kaigiroku.net/tenant/uto/MinuteSearch.html
",https://ssp.kaigiroku.net/tenant/uto/MinuteSearch.html,2026-09-22
uto,熊本県,宇土市議会,オストメイト,-1,"Page.goto: net::ERR_INTERNET_DISCONNECTED at https://ssp.kaigiroku.net/tenant/uto/MinuteSearch.html
",https://ssp.kaigiroku.net/tenant/uto/MinuteSearch.html,2026-09-22
uto,熊本県,宇土市議会,蓄便袋,-1,"Page.goto: net::ERR_INTERNET_DISCONNECTED at https://ssp.kaigiroku.net/tenant/uto/MinuteSearch.html
",https://ssp.kaigiroku.net/tenant/uto/MinuteSearch.html,2026-09-22
uto,熊本県,宇土市議会,蓄尿袋,-1,"Page.goto: net::ERR_INTERNET_DISCONNECTED at https://ssp.kaigiroku.net/tenant/uto/MinuteSearch.html
",https://ssp.kaigiroku.net/tenant/uto/MinuteSearch.html,2026-09-22
uki,熊本県,宇城市議会,ストーマ,-1,"Page.goto: net::ERR_INTERNET_DISCONNECTED at https://ssp.kaigiroku.net/tenant/uki/MinuteSearch.html
",https://ssp.kaigiroku.net/tenant/uki/MinuteSearch.html,2026-09-22
uki,熊本県,宇城市議会,オストメイト,-1,"Page.goto: net::ERR_INTERNET_DISCONNECTED at https://ssp.kaigiroku.net/tenant/uki/MinuteSearch.html
",https://ssp.kaigiroku.net/tenant/uki/MinuteSearch.html,2026-09-22
uki,熊本県,宇城市議会,蓄便袋,-1,"Page.goto: net::ERR_INTERNET_DISCONNECTED at https://ssp.kaigiroku.net/tenant/uki/MinuteSearch.html
",https://ssp.kaigiroku.net/tenant/uki/MinuteSearch.html,2026-09-22
uki,熊本県,宇城市議会,蓄尿袋,-1,"Page.goto: net::ERR_INTERNET_DISCONNECTED at https://ssp.kaigiroku.net/tenant/uki/MinuteSearch.html
",https://ssp.kaigiroku.net/tenant/uki/MinuteSearch.html,2026-09-22
amakusa,熊本県,天草市議会,ストーマ,-1,Page.goto: net::ERR_INTERNET_DISCONNECTED at https://ssp.kaigiroku.net/tenant/amakusa/MinuteSearch.h,https://ssp.kaigiroku.net/tenant/amakusa/MinuteSearch.html,2026-09-22
amakusa,熊本県,天草市議会,オストメイト,-1,Page.goto: net::ERR_INTERNET_DISCONNECTED at https://ssp.kaigiroku.net/tenant/amakusa/MinuteSearch.h,https://ssp.kaigiroku.net/tenant/amakusa/MinuteSearch.html,2026-09-22
amakusa,熊本県,天草市議会,蓄便袋,-1,Page.goto: net::ERR_INTERNET_DISCONNECTED at https://ssp.kaigiroku.net/tenant/amakusa/MinuteSearch.h,https://ssp.kaigiroku.net/tenant/amakusa/MinuteSearch.html,2026-09-22
amakusa,熊本県,天草市議会,蓄尿袋,-1,Page.goto: net::ERR_INTERNET_DISCONNECTED at https://ssp.kaigiroku.net/tenant/amakusa/MinuteSearch.h,https://ssp.kaigiroku.net/tenant/amakusa/MinuteSearch.html,2026-09-22
koshi,熊本県,合志市議会,ストーマ,-1,Page.goto: net::ERR_INTERNET_DISCONNECTED at https://ssp.kaigiroku.net/tenant/koshi/MinuteSearch.htm,https://ssp.kaigiroku.net/tenant/koshi/MinuteSearch.html,2026-09-22
koshi,熊本県,合志市議会,オストメイト,-1,Page.goto: net::ERR_INTERNET_DISCONNECTED at https://ssp.kaigiroku.net/tenant/koshi/MinuteSearch.htm,https://ssp.kaigiroku.net/tenant/koshi/MinuteSearch.html,2026-09-22
koshi,熊本県,合志市議会,蓄便袋,-1,Page.goto: net::ERR_INTERNET_DISCONNECTED at https://ssp.kaigiroku.net/tenant/koshi/MinuteSearch.htm,https://ssp.kaigiroku.net/tenant/koshi/MinuteSearch.html,2026-09-22
koshi,熊本県,合志市議会,蓄尿袋,-1,Page.goto: net::ERR_INTERNET_DISCONNECTED at https://ssp.kaigiroku.net/tenant/koshi/MinuteSearch.htm,https://ssp.kaigiroku.net/tenant/koshi/MinuteSearch.html,2026-09-22
prefoita,大分県,大分県議会,ストーマ,-1,Page.goto: net::ERR_INTERNET_DISCONNECTED at https://ssp.kaigiroku.net/tenant/prefoita/MinuteSearch.,https://ssp.kaigiroku.net/tenant/prefoita/MinuteSearch.html,2026-09-22
prefoita,大分県,大分県議会,オストメイト,-1,Page.goto: net::ERR_INTERNET_DISCONNECTED at https://ssp.kaigiroku.net/tenant/prefoita/MinuteSearch.,https://ssp.kaigiroku.net/tenant/prefoita/MinuteSearch.html,2026-09-22
prefoita,大分県,大分県議会,蓄便袋,-1,Page.goto: net::ERR_INTERNET_DISCONNECTED at https://ssp.kaigiroku.net/tenant/prefoita/MinuteSearch.,https://ssp.kaigiroku.net/tenant/prefoita/MinuteSearch.html,2026-09-22
prefoita,大分県,大分県議会,蓄尿袋,-1,Page.goto: net::ERR_INTERNET_DISCONNECTED at https://ssp.kaigiroku.net/tenant/prefoita/MinuteSearch.,https://ssp.kaigiroku.net/tenant/prefoita/MinuteSearch.html,2026-09-22
nakatsu,大分県,中津市議会,ストーマ,-1,Page.goto: net::ERR_INTERNET_DISCONNECTED at https://ssp.kaigiroku.net/tenant/nakatsu/MinuteSearch.h,https://ssp.kaigiroku.net/tenant/nakatsu/MinuteSearch.html,2026-09-22
nakatsu,大分県,中津市議会,オストメイト,-1,Page.goto: net::ERR_INTERNET_DISCONNECTED at https://ssp.kaigiroku.net/tenant/nakatsu/MinuteSearch.h,https://ssp.kaigiroku.net/tenant/nakatsu/MinuteSearch.html,2026-09-22
nakatsu,大分県,中津市議会,蓄便袋,-1,Page.goto: net::ERR_INTERNET_DISCONNECTED at https://ssp.kaigiroku.net/tenant/nakatsu/MinuteSearch.h,https://ssp.kaigiroku.net/tenant/nakatsu/MinuteSearch.html,2026-09-22
nakatsu,大分県,中津市議会,蓄尿袋,-1,Page.goto: net::ERR_INTERNET_DISCONNECTED at https://ssp.kaigiroku.net/tenant/nakatsu/MinuteSearch.h,https://ssp.kaigiroku.net/tenant/nakatsu/MinuteSearch.html,2026-09-22
hita,大分県,日田市議会,ストーマ,-1,Page.goto: net::ERR_INTERNET_DISCONNECTED at https://ssp.kaigiroku.net/tenant/hita/MinuteSearch.html,https://ssp.kaigiroku.net/tenant/hita/MinuteSearch.html,2026-09-22
hita,大分県,日田市議会,オストメイト,-1,Page.goto: net::ERR_INTERNET_DISCONNECTED at https://ssp.kaigiroku.net/tenant/hita/MinuteSearch.html,https://ssp.kaigiroku.net/tenant/hita/MinuteSearch.html,2026-09-22
hita,大分県,日田市議会,蓄便袋,-1,Page.goto: net::ERR_INTERNET_DISCONNECTED at https://ssp.kaigiroku.net/tenant/hita/MinuteSearch.html,https://ssp.kaigiroku.net/tenant/hita/MinuteSearch.html,2026-09-22
hita,大分県,日田市議会,蓄尿袋,-1,Page.goto: net::ERR_INTERNET_DISCONNECTED at https://ssp.kaigiroku.net/tenant/hita/MinuteSearch.html,https://ssp.kaigiroku.net/tenant/hita/MinuteSearch.html,2026-09-22
usuki,大分県,臼杵市議会,ストーマ,-1,Page.goto: net::ERR_INTERNET_DISCONNECTED at https://ssp.kaigiroku.net/tenant/usuki/MinuteSearch.htm,https://ssp.kaigiroku.net/tenant/usuki/MinuteSearch.html,2026-09-22
usuki,大分県,臼杵市議会,オストメイト,-1,Page.goto: net::ERR_INTERNET_DISCONNECTED at https://ssp.kaigiroku.net/tenant/usuki/MinuteSearch.htm,https://ssp.kaigiroku.net/tenant/usuki/MinuteSearch.html,2026-09-22
usuki,大分県,臼杵市議会,蓄便袋,-1,Page.goto: net::ERR_INTERNET_DISCONNECTED at https://ssp.kaigiroku.net/tenant/usuki/MinuteSearch.htm,https://ssp.kaigiroku.net/tenant/usuki/MinuteSearch.html,2026-09-22
usuki,大分県,臼杵市議会,蓄尿袋,-1,Page.goto: net::ERR_INTERNET_DISCONNECTED at https://ssp.kaigiroku.net/tenant/usuki/MinuteSearch.htm,https://ssp.kaigiroku.net/tenant/usuki/MinuteSearch.html,2026-09-22
taketa,大分県,竹田市議会,ストーマ,-1,Page.goto: net::ERR_INTERNET_DISCONNECTED at https://ssp.kaigiroku.net/tenant/taketa/MinuteSearch.ht,https://ssp.kaigiroku.net/tenant/taketa/MinuteSearch.html,2026-09-22
taketa,大分県,竹田市議会,オストメイト,-1,Page.goto: net::ERR_INTERNET_DISCONNECTED at https://ssp.kaigiroku.net/tenant/taketa/MinuteSearch.ht,https://ssp.kaigiroku.net/tenant/taketa/MinuteSearch.html,2026-09-22
taketa,大分県,竹田市議会,蓄便袋,-1,Page.goto: net::ERR_INTERNET_DISCONNECTED at https://ssp.kaigiroku.net/tenant/taketa/MinuteSearch.ht,https://ssp.kaigiroku.net/tenant/taketa/MinuteSearch.html,2026-09-22
taketa,大分県,竹田市議会,蓄尿袋,-1,Page.goto: net::ERR_INTERNET_DISCONNECTED at https://ssp.kaigiroku.net/tenant/taketa/MinuteSearch.ht,https://ssp.kaigiroku.net/tenant/taketa/MinuteSearch.html,2026-09-22
bungotakada,大分県,豊後高田市議会,ストーマ,-1,Page.goto: net::ERR_INTERNET_DISCONNECTED at https://ssp.kaigiroku.net/tenant/bungotakada/MinuteSear,https://ssp.kaigiroku.net/tenant/bungotakada/MinuteSearch.html,2026-09-22
bungotakada,大分県,豊後高田市議会,オストメイト,-1,Page.goto: net::ERR_INTERNET_DISCONNECTED at https://ssp.kaigiroku.net/tenant/bungotakada/MinuteSear,https://ssp.kaigiroku.net/tenant/bungotakada/MinuteSearch.html,2026-09-22
bungotakada,大分県,豊後高田市議会,蓄便袋,-1,Page.goto: net::ERR_INTERNET_DISCONNECTED at https://ssp.kaigiroku.net/tenant/bungotakada/MinuteSear,https://ssp.kaigiroku.net/tenant/bungotakada/MinuteSearch.html,2026-09-22
bungotakada,大分県,豊後高田市議会,蓄尿袋,-1,Page.goto: net::ERR_INTERNET_DISCONNECTED at https://ssp.kaigiroku.net/tenant/bungotakada/MinuteSear,https://ssp.kaigiroku.net/tenant/bungotakada/MinuteSearch.html,2026-09-22
kitsuki,大分県,杵築市議会,ストーマ,-1,Page.goto: net::ERR_INTERNET_DISCONNECTED at https://ssp.kaigiroku.net/tenant/kitsuki/MinuteSearch.h,https://ssp.kaigiroku.net/tenant/kitsuki/MinuteSearch.html,2026-09-22
kitsuki,大分県,杵築市議会,オストメイト,-1,Page.goto: net::ERR_INTERNET_DISCONNECTED at https://ssp.kaigiroku.net/tenant/kitsuki/MinuteSearch.h,https://ssp.kaigiroku.net/tenant/kitsuki/MinuteSearch.html,2026-09-22
kitsuki,大分県,杵築市議会,蓄便袋,-1,Page.goto: net::ERR_INTERNET_DISCONNECTED at https://ssp.kaigiroku.net/tenant/kitsuki/MinuteSearch.h,https://ssp.kaigiroku.net/tenant/kitsuki/MinuteSearch.html,2026-09-22
kitsuki,大分県,杵築市議会,蓄尿袋,-1,Page.goto: net::ERR_INTERNET_DISCONNECTED at https://ssp.kaigiroku.net/tenant/kitsuki/MinuteSearch.h,https://ssp.kaigiroku.net/tenant/kitsuki/MinuteSearch.html,2026-09-22
bungoohno,大分県,豊後大野市議会,ストーマ,-1,Page.goto: net::ERR_INTERNET_DISCONNECTED at https://ssp.kaigiroku.net/tenant/bungoohno/MinuteSearch,https://ssp.kaigiroku.net/tenant/bungoohno/MinuteSearch.html,2026-09-22
bungoohno,大分県,豊後大野市議会,オストメイト,-1,Page.goto: net::ERR_INTERNET_DISCONNECTED at https://ssp.kaigiroku.net/tenant/bungoohno/MinuteSearch,https://ssp.kaigiroku.net/tenant/bungoohno/MinuteSearch.html,2026-09-22
bungoohno,大分県,豊後大野市議会,蓄便袋,-1,Page.goto: net::ERR_INTERNET_DISCONNECTED at https://ssp.kaigiroku.net/tenant/bungoohno/MinuteSearch,https://ssp.kaigiroku.net/tenant/bungoohno/MinuteSearch.html,2026-09-22
bungoohno,大分県,豊後大野市議会,蓄尿袋,-1,Page.goto: net::ERR_INTERNET_DISCONNECTED at https://ssp.kaigiroku.net/tenant/bungoohno/MinuteSearch,https://ssp.kaigiroku.net/tenant/bungoohno/MinuteSearch.html,2026-09-22
kunisaki,大分県,国東市議会,ストーマ,-1,Page.goto: net::ERR_INTERNET_DISCONNECTED at https://ssp.kaigiroku.net/tenant/kunisaki/MinuteSearch.,https://ssp.kaigiroku.net/tenant/kunisaki/MinuteSearch.html,2026-09-22
kunisaki,大分県,国東市議会,オストメイト,-1,Page.goto: net::ERR_INTERNET_DISCONNECTED at https://ssp.kaigiroku.net/tenant/kunisaki/MinuteSearch.,https://ssp.kaigiroku.net/tenant/kunisaki/MinuteSearch.html,2026-09-22
kunisaki,大分県,国東市議会,蓄便袋,-1,Page.goto: net::ERR_INTERNET_DISCONNECTED at https://ssp.kaigiroku.net/tenant/kunisaki/MinuteSearch.,https://ssp.kaigiroku.net/tenant/kunisaki/MinuteSearch.html,2026-09-22
kunisaki,大分県,国東市議会,蓄尿袋,-1,Page.goto: net::ERR_INTERNET_DISCONNECTED at https://ssp.kaigiroku.net/tenant/kunisaki/MinuteSearch.,https://ssp.kaigiroku.net/tenant/kunisaki/MinuteSearch.html,2026-09-22
kokonoe,大分県,九重町議会,ストーマ,-1,Page.goto: net::ERR_INTERNET_DISCONNECTED at https://ssp.kaigiroku.net/tenant/kokonoe/MinuteSearch.h,https://ssp.kaigiroku.net/tenant/kokonoe/MinuteSearch.html,2026-09-22
kokonoe,大分県,九重町議会,オストメイト,-1,Page.goto: net::ERR_INTERNET_DISCONNECTED at https://ssp.kaigiroku.net/tenant/kokonoe/MinuteSearch.h,https://ssp.kaigiroku.net/tenant/kokonoe/MinuteSearch.html,2026-09-22
kokonoe,大分県,九重町議会,蓄便袋,-1,Page.goto: net::ERR_INTERNET_DISCONNECTED at https://ssp.kaigiroku.net/tenant/kokonoe/MinuteSearch.h,https://ssp.kaigiroku.net/tenant/kokonoe/MinuteSearch.html,2026-09-22
kokonoe,大分県,九重町議会,蓄尿袋,-1,Page.goto: net::ERR_INTERNET_DISCONNECTED at https://ssp.kaigiroku.net/tenant/kokonoe/MinuteSearch.h,https://ssp.kaigiroku.net/tenant/kokonoe/MinuteSearch.html,2026-09-22
miyazakipref,宮崎県,宮崎県議会,ストーマ,-1,Page.goto: net::ERR_INTERNET_DISCONNECTED at https://ssp.kaigiroku.net/tenant/miyazakipref/MinuteSea,https://ssp.kaigiroku.net/tenant/miyazakipref/MinuteSearch.html,2026-09-22
miyazakipref,宮崎県,宮崎県議会,オストメイト,-1,Page.goto: net::ERR_INTERNET_DISCONNECTED at https://ssp.kaigiroku.net/tenant/miyazakipref/MinuteSea,https://ssp.kaigiroku.net/tenant/miyazakipref/MinuteSearch.html,2026-09-22
miyazakipref,宮崎県,宮崎県議会,蓄便袋,-1,Page.goto: net::ERR_INTERNET_DISCONNECTED at https://ssp.kaigiroku.net/tenant/miyazakipref/MinuteSea,https://ssp.kaigiroku.net/tenant/miyazakipref/MinuteSearch.html,2026-09-22
miyazakipref,宮崎県,宮崎県議会,蓄尿袋,-1,Page.goto: net::ERR_INTERNET_DISCONNECTED at https://ssp.kaigiroku.net/tenant/miyazakipref/MinuteSea,https://ssp.kaigiroku.net/tenant/miyazakipref/MinuteSearch.html,2026-09-22
kobayashi,宮崎県,小林市議会,ストーマ,-1,Page.goto: net::ERR_INTERNET_DISCONNECTED at https://ssp.kaigiroku.net/tenant/kobayashi/MinuteSearch,https://ssp.kaigiroku.net/tenant/kobayashi/MinuteSearch.html,2026-09-22
kobayashi,宮崎県,小林市議会,オストメイト,-1,Page.goto: net::ERR_INTERNET_DISCONNECTED at https://ssp.kaigiroku.net/tenant/kobayashi/MinuteSearch,https://ssp.kaigiroku.net/tenant/kobayashi/MinuteSearch.html,2026-09-22
kobayashi,宮崎県,小林市議会,蓄便袋,-1,Page.goto: net::ERR_INTERNET_DISCONNECTED at https://ssp.kaigiroku.net/tenant/kobayashi/MinuteSearch,https://ssp.kaigiroku.net/tenant/kobayashi/MinuteSearch.html,2026-09-22
kobayashi,宮崎県,小林市議会,蓄尿袋,-1,Page.goto: net::ERR_INTERNET_DISCONNECTED at https://ssp.kaigiroku.net/tenant/kobayashi/MinuteSearch,https://ssp.kaigiroku.net/tenant/kobayashi/MinuteSearch.html,2026-09-22
hyuga,宮崎県,日向市議会,ストーマ,-1,Page.goto: net::ERR_INTERNET_DISCONNECTED at https://ssp.kaigiroku.net/tenant/hyuga/MinuteSearch.htm,https://ssp.kaigiroku.net/tenant/hyuga/MinuteSearch.html,2026-09-22
hyuga,宮崎県,日向市議会,オストメイト,-1,Page.goto: net::ERR_INTERNET_DISCONNECTED at https://ssp.kaigiroku.net/tenant/hyuga/MinuteSearch.htm,https://ssp.kaigiroku.net/tenant/hyuga/MinuteSearch.html,2026-09-22
hyuga,宮崎県,日向市議会,蓄便袋,-1,Page.goto: net::ERR_INTERNET_DISCONNECTED at https://ssp.kaigiroku.net/tenant/hyuga/MinuteSearch.htm,https://ssp.kaigiroku.net/tenant/hyuga/MinuteSearch.html,2026-09-22
hyuga,宮崎県,日向市議会,蓄尿袋,-1,Page.goto: net::ERR_INTERNET_DISCONNECTED at https://ssp.kaigiroku.net/tenant/hyuga/MinuteSearch.htm,https://ssp.kaigiroku.net/tenant/hyuga/MinuteSearch.html,2026-09-22
saito,宮崎県,西都市議会,ストーマ,-1,Page.goto: net::ERR_INTERNET_DISCONNECTED at https://ssp.kaigiroku.net/tenant/saito/MinuteSearch.htm,https://ssp.kaigiroku.net/tenant/saito/MinuteSearch.html,2026-09-22
saito,宮崎県,西都市議会,オストメイト,-1,Page.goto: net::ERR_INTERNET_DISCONNECTED at https://ssp.kaigiroku.net/tenant/saito/MinuteSearch.htm,https://ssp.kaigiroku.net/tenant/saito/MinuteSearch.html,2026-09-22
saito,宮崎県,西都市議会,蓄便袋,-1,Page.goto: net::ERR_INTERNET_DISCONNECTED at https://ssp.kaigiroku.net/tenant/saito/MinuteSearch.htm,https://ssp.kaigiroku.net/tenant/saito/MinuteSearch.html,2026-09-22
saito,宮崎県,西都市議会,蓄尿袋,-1,Page.goto: net::ERR_INTERNET_DISCONNECTED at https://ssp.kaigiroku.net/tenant/saito/MinuteSearch.htm,https://ssp.kaigiroku.net/tenant/saito/MinuteSearch.html,2026-09-22
aya,宮崎県,綾町議会,ストーマ,-1,"Page.goto: net::ERR_INTERNET_DISCONNECTED at https://ssp.kaigiroku.net/tenant/aya/MinuteSearch.html
",https://ssp.kaigiroku.net/tenant/aya/MinuteSearch.html,2026-09-22
aya,宮崎県,綾町議会,オストメイト,-1,"Page.goto: net::ERR_INTERNET_DISCONNECTED at https://ssp.kaigiroku.net/tenant/aya/MinuteSearch.html
",https://ssp.kaigiroku.net/tenant/aya/MinuteSearch.html,2026-09-22
aya,宮崎県,綾町議会,蓄便袋,-1,"Page.goto: net::ERR_INTERNET_DISCONNECTED at https://ssp.kaigiroku.net/tenant/aya/MinuteSearch.html
",https://ssp.kaigiroku.net/tenant/aya/MinuteSearch.html,2026-09-22
aya,宮崎県,綾町議会,蓄尿袋,-1,"Page.goto: net::ERR_INTERNET_DISCONNECTED at https://ssp.kaigiroku.net/tenant/aya/MinuteSearch.html
",https://ssp.kaigiroku.net/tenant/aya/MinuteSearch.html,2026-09-22
shintomi,宮崎県,新富町議会,ストーマ,-1,Page.goto: net::ERR_INTERNET_DISCONNECTED at https://ssp.kaigiroku.net/tenant/shintomi/MinuteSearch.,https://ssp.kaigiroku.net/tenant/shintomi/MinuteSearch.html,2026-09-22
shintomi,宮崎県,新富町議会,オストメイト,-1,Page.goto: net::ERR_INTERNET_DISCONNECTED at https://ssp.kaigiroku.net/tenant/shintomi/MinuteSearch.,https://ssp.kaigiroku.net/tenant/shintomi/MinuteSearch.html,2026-09-22
shintomi,宮崎県,新富町議会,蓄便袋,-1,Page.goto: net::ERR_INTERNET_DISCONNECTED at https://ssp.kaigiroku.net/tenant/shintomi/MinuteSearch.,https://ssp.kaigiroku.net/tenant/shintomi/MinuteSearch.html,2026-09-22
shintomi,宮崎県,新富町議会,蓄尿袋,-1,Page.goto: net::ERR_INTERNET_DISCONNECTED at https://ssp.kaigiroku.net/tenant/shintomi/MinuteSearch.,https://ssp.kaigiroku.net/tenant/shintomi/MinuteSearch.html,2026-09-22
kadogawa,宮崎県,門川町議会,ストーマ,-1,Page.goto: net::ERR_INTERNET_DISCONNECTED at https://ssp.kaigiroku.net/tenant/kadogawa/MinuteSearch.,https://ssp.kaigiroku.net/tenant/kadogawa/MinuteSearch.html,2026-09-22
kadogawa,宮崎県,門川町議会,オストメイト,-1,Page.goto: net::ERR_INTERNET_DISCONNECTED at https://ssp.kaigiroku.net/tenant/kadogawa/MinuteSearch.,https://ssp.kaigiroku.net/tenant/kadogawa/MinuteSearch.html,2026-09-22
kadogawa,宮崎県,門川町議会,蓄便袋,-1,Page.goto: net::ERR_INTERNET_DISCONNECTED at https://ssp.kaigiroku.net/tenant/kadogawa/MinuteSearch.,https://ssp.kaigiroku.net/tenant/kadogawa/MinuteSearch.html,2026-09-22
kadogawa,宮崎県,門川町議会,蓄尿袋,-1,Page.goto: net::ERR_INTERNET_DISCONNECTED at https://ssp.kaigiroku.net/tenant/kadogawa/MinuteSearch.,https://ssp.kaigiroku.net/tenant/kadogawa/MinuteSearch.html,2026-09-22
kagoshima,鹿児島県,鹿児島市議会,ストーマ,-1,Page.goto: net::ERR_INTERNET_DISCONNECTED at https://ssp.kaigiroku.net/tenant/kagoshima/MinuteSearch,https://ssp.kaigiroku.net/tenant/kagoshima/MinuteSearch.html,2026-09-22
kagoshima,鹿児島県,鹿児島市議会,オストメイト,-1,Page.goto: net::ERR_INTERNET_DISCONNECTED at https://ssp.kaigiroku.net/tenant/kagoshima/MinuteSearch,https://ssp.kaigiroku.net/tenant/kagoshima/MinuteSearch.html,2026-09-22
kagoshima,鹿児島県,鹿児島市議会,蓄便袋,-1,Page.goto: net::ERR_INTERNET_DISCONNECTED at https://ssp.kaigiroku.net/tenant/kagoshima/MinuteSearch,https://ssp.kaigiroku.net/tenant/kagoshima/MinuteSearch.html,2026-09-22
kagoshima,鹿児島県,鹿児島市議会,蓄尿袋,-1,Page.goto: net::ERR_INTERNET_DISCONNECTED at https://ssp.kaigiroku.net/tenant/kagoshima/MinuteSearch,https://ssp.kaigiroku.net/tenant/kagoshima/MinuteSearch.html,2026-09-22
kanoya,鹿児島県,鹿屋市議会,ストーマ,-1,Page.goto: net::ERR_INTERNET_DISCONNECTED at https://ssp.kaigiroku.net/tenant/kanoya/MinuteSearch.ht,https://ssp.kaigiroku.net/tenant/kanoya/MinuteSearch.html,2026-09-22
kanoya,鹿児島県,鹿屋市議会,オストメイト,-1,Page.goto: net::ERR_INTERNET_DISCONNECTED at https://ssp.kaigiroku.net/tenant/kanoya/MinuteSearch.ht,https://ssp.kaigiroku.net/tenant/kanoya/MinuteSearch.html,2026-09-22
kanoya,鹿児島県,鹿屋市議会,蓄便袋,-1,Page.goto: net::ERR_INTERNET_DISCONNECTED at https://ssp.kaigiroku.net/tenant/kanoya/MinuteSearch.ht,https://ssp.kaigiroku.net/tenant/kanoya/MinuteSearch.html,2026-09-22
kanoya,鹿児島県,鹿屋市議会,蓄尿袋,-1,Page.goto: net::ERR_INTERNET_DISCONNECTED at https://ssp.kaigiroku.net/tenant/kanoya/MinuteSearch.ht,https://ssp.kaigiroku.net/tenant/kanoya/MinuteSearch.html,2026-09-22
satsumasendai,鹿児島県,薩摩川内市議会,ストーマ,-1,Page.goto: net::ERR_INTERNET_DISCONNECTED at https://ssp.kaigiroku.net/tenant/satsumasendai/MinuteSe,https://ssp.kaigiroku.net/tenant/satsumasendai/MinuteSearch.html,2026-09-22
satsumasendai,鹿児島県,薩摩川内市議会,オストメイト,-1,Page.goto: net::ERR_INTERNET_DISCONNECTED at https://ssp.kaigiroku.net/tenant/satsumasendai/MinuteSe,https://ssp.kaigiroku.net/tenant/satsumasendai/MinuteSearch.html,2026-09-22
satsumasendai,鹿児島県,薩摩川内市議会,蓄便袋,-1,Page.goto: net::ERR_INTERNET_DISCONNECTED at https://ssp.kaigiroku.net/tenant/satsumasendai/MinuteSe,https://ssp.kaigiroku.net/tenant/satsumasendai/MinuteSearch.html,2026-09-22
satsumasendai,鹿児島県,薩摩川内市議会,蓄尿袋,-1,Page.goto: net::ERR_INTERNET_DISCONNECTED at https://ssp.kaigiroku.net/tenant/satsumasendai/MinuteSe,https://ssp.kaigiroku.net/tenant/satsumasendai/MinuteSearch.html,2026-09-22
soo,鹿児島県,曽於市議会,ストーマ,-1,"Page.goto: net::ERR_INTERNET_DISCONNECTED at https://ssp.kaigiroku.net/tenant/soo/MinuteSearch.html
",https://ssp.kaigiroku.net/tenant/soo/MinuteSearch.html,2026-09-22
soo,鹿児島県,曽於市議会,オストメイト,-1,"Page.goto: net::ERR_INTERNET_DISCONNECTED at https://ssp.kaigiroku.net/tenant/soo/MinuteSearch.html
",https://ssp.kaigiroku.net/tenant/soo/MinuteSearch.html,2026-09-22
soo,鹿児島県,曽於市議会,蓄便袋,-1,"Page.goto: net::ERR_INTERNET_DISCONNECTED at https://ssp.kaigiroku.net/tenant/soo/MinuteSearch.html
",https://ssp.kaigiroku.net/tenant/soo/MinuteSearch.html,2026-09-22
soo,鹿児島県,曽於市議会,蓄尿袋,-1,"Page.goto: net::ERR_INTERNET_DISCONNECTED at https://ssp.kaigiroku.net/tenant/soo/MinuteSearch.html
",https://ssp.kaigiroku.net/tenant/soo/MinuteSearch.html,2026-09-22
minamikyushu,鹿児島県,南九州市議会,ストーマ,-1,Page.goto: net::ERR_INTERNET_DISCONNECTED at https://ssp.kaigiroku.net/tenant/minamikyushu/MinuteSea,https://ssp.kaigiroku.net/tenant/minamikyushu/MinuteSearch.html,2026-09-22
minamikyushu,鹿児島県,南九州市議会,オストメイト,-1,Page.goto: net::ERR_INTERNET_DISCONNECTED at https://ssp.kaigiroku.net/tenant/minamikyushu/MinuteSea,https://ssp.kaigiroku.net/tenant/minamikyushu/MinuteSearch.html,2026-09-22
minamikyushu,鹿児島県,南九州市議会,蓄便袋,-1,Page.goto: net::ERR_INTERNET_DISCONNECTED at https://ssp.kaigiroku.net/tenant/minamikyushu/MinuteSea,https://ssp.kaigiroku.net/tenant/minamikyushu/MinuteSearch.html,2026-09-22
minamikyushu,鹿児島県,南九州市議会,蓄尿袋,-1,Page.goto: net::ERR_INTERNET_DISCONNECTED at https://ssp.kaigiroku.net/tenant/minamikyushu/MinuteSea,https://ssp.kaigiroku.net/tenant/minamikyushu/MinuteSearch.html,2026-09-22
aira,鹿児島県,姶良市議会,ストーマ,-1,Page.goto: net::ERR_INTERNET_DISCONNECTED at https://ssp.kaigiroku.net/tenant/aira/MinuteSearch.html,https://ssp.kaigiroku.net/tenant/aira/MinuteSearch.html,2026-09-22
aira,鹿児島県,姶良市議会,オストメイト,-1,Page.goto: net::ERR_INTERNET_DISCONNECTED at https://ssp.kaigiroku.net/tenant/aira/MinuteSearch.html,https://ssp.kaigiroku.net/tenant/aira/MinuteSearch.html,2026-09-22
aira,鹿児島県,姶良市議会,蓄便袋,-1,Page.goto: net::ERR_INTERNET_DISCONNECTED at https://ssp.kaigiroku.net/tenant/aira/MinuteSearch.html,https://ssp.kaigiroku.net/tenant/aira/MinuteSearch.html,2026-09-22
aira,鹿児島県,姶良市議会,蓄尿袋,-1,Page.goto: net::ERR_INTERNET_DISCONNECTED at https://ssp.kaigiroku.net/tenant/aira/MinuteSearch.html,https://ssp.kaigiroku.net/tenant/aira/MinuteSearch.html,2026-09-22
kimotsuki,鹿児島県,肝付町議会,ストーマ,-1,Page.goto: net::ERR_INTERNET_DISCONNECTED at https://ssp.kaigiroku.net/tenant/kimotsuki/MinuteSearch,https://ssp.kaigiroku.net/tenant/kimotsuki/MinuteSearch.html,2026-09-22
kimotsuki,鹿児島県,肝付町議会,オストメイト,-1,Page.goto: net::ERR_INTERNET_DISCONNECTED at https://ssp.kaigiroku.net/tenant/kimotsuki/MinuteSearch,https://ssp.kaigiroku.net/tenant/kimotsuki/MinuteSearch.html,2026-09-22
kimotsuki,鹿児島県,肝付町議会,蓄便袋,-1,Page.goto: net::ERR_INTERNET_DISCONNECTED at https://ssp.kaigiroku.net/tenant/kimotsuki/MinuteSearch,https://ssp.kaigiroku.net/tenant/kimotsuki/MinuteSearch.html,2026-09-22
kimotsuki,鹿児島県,肝付町議会,蓄尿袋,-1,Page.goto: net::ERR_INTERNET_DISCONNECTED at https://ssp.kaigiroku.net/tenant/kimotsuki/MinuteSearch,https://ssp.kaigiroku.net/tenant/kimotsuki/MinuteSearch.html,2026-09-22
ginowan,沖縄県,宜野湾市議会,ストーマ,-1,Page.goto: net::ERR_INTERNET_DISCONNECTED at https://ssp.kaigiroku.net/tenant/ginowan/MinuteSearch.h,https://ssp.kaigiroku.net/tenant/ginowan/MinuteSearch.html,2026-09-22
ginowan,沖縄県,宜野湾市議会,オストメイト,-1,Page.goto: net::ERR_INTERNET_DISCONNECTED at https://ssp.kaigiroku.net/tenant/ginowan/MinuteSearch.h,https://ssp.kaigiroku.net/tenant/ginowan/MinuteSearch.html,2026-09-22
ginowan,沖縄県,宜野湾市議会,蓄便袋,-1,Page.goto: net::ERR_INTERNET_DISCONNECTED at https://ssp.kaigiroku.net/tenant/ginowan/MinuteSearch.h,https://ssp.kaigiroku.net/tenant/ginowan/MinuteSearch.html,2026-09-22
ginowan,沖縄県,宜野湾市議会,蓄尿袋,-1,Page.goto: net::ERR_INTERNET_DISCONNECTED at https://ssp.kaigiroku.net/tenant/ginowan/MinuteSearch.h,https://ssp.kaigiroku.net/tenant/ginowan/MinuteSearch.html,2026-09-22
ishigaki,沖縄県,石垣市議会,ストーマ,-1,Page.goto: net::ERR_INTERNET_DISCONNECTED at https://ssp.kaigiroku.net/tenant/ishigaki/MinuteSearch.,https://ssp.kaigiroku.net/tenant/ishigaki/MinuteSearch.html,2026-09-22
ishigaki,沖縄県,石垣市議会,オストメイト,-1,Page.goto: net::ERR_INTERNET_DISCONNECTED at https://ssp.kaigiroku.net/tenant/ishigaki/MinuteSearch.,https://ssp.kaigiroku.net/tenant/ishigaki/MinuteSearch.html,2026-09-22
ishigaki,沖縄県,石垣市議会,蓄便袋,-1,Page.goto: net::ERR_INTERNET_DISCONNECTED at https://ssp.kaigiroku.net/tenant/ishigaki/MinuteSearch.,https://ssp.kaigiroku.net/tenant/ishigaki/MinuteSearch.html,2026-09-22
ishigaki,沖縄県,石垣市議会,蓄尿袋,-1,Page.goto: net::ERR_INTERNET_DISCONNECTED at https://ssp.kaigiroku.net/tenant/ishigaki/MinuteSearch.,https://ssp.kaigiroku.net/tenant/ishigaki/MinuteSearch.html,2026-09-22
urasoe,沖縄県,浦添市議会,ストーマ,-1,Page.goto: net::ERR_INTERNET_DISCONNECTED at https://ssp.kaigiroku.net/tenant/urasoe/MinuteSearch.ht,https://ssp.kaigiroku.net/tenant/urasoe/MinuteSearch.html,2026-09-22
urasoe,沖縄県,浦添市議会,オストメイト,-1,Page.goto: net::ERR_INTERNET_DISCONNECTED at https://ssp.kaigiroku.net/tenant/urasoe/MinuteSearch.ht,https://ssp.kaigiroku.net/tenant/urasoe/MinuteSearch.html,2026-09-22
urasoe,沖縄県,浦添市議会,蓄便袋,-1,Page.goto: net::ERR_INTERNET_DISCONNECTED at https://ssp.kaigiroku.net/tenant/urasoe/MinuteSearch.ht,https://ssp.kaigiroku.net/tenant/urasoe/MinuteSearch.html,2026-09-22
urasoe,沖縄県,浦添市議会,蓄尿袋,-1,Page.goto: net::ERR_INTERNET_DISCONNECTED at https://ssp.kaigiroku.net/tenant/urasoe/MinuteSearch.ht,https://ssp.kaigiroku.net/tenant/urasoe/MinuteSearch.html,2026-09-22
nago,沖縄県,名護市議会,ストーマ,-1,Page.goto: net::ERR_INTERNET_DISCONNECTED at https://ssp.kaigiroku.net/tenant/nago/MinuteSearch.html,https://ssp.kaigiroku.net/tenant/nago/MinuteSearch.html,2026-09-22
nago,沖縄県,名護市議会,オストメイト,-1,Page.goto: net::ERR_INTERNET_DISCONNECTED at https://ssp.kaigiroku.net/tenant/nago/MinuteSearch.html,https://ssp.kaigiroku.net/tenant/nago/MinuteSearch.html,2026-09-22
nago,沖縄県,名護市議会,蓄便袋,-1,Page.goto: net::ERR_INTERNET_DISCONNECTED at https://ssp.kaigiroku.net/tenant/nago/MinuteSearch.html,https://ssp.kaigiroku.net/tenant/nago/MinuteSearch.html,2026-09-22
nago,沖縄県,名護市議会,蓄尿袋,-1,Page.goto: net::ERR_INTERNET_DISCONNECTED at https://ssp.kaigiroku.net/tenant/nago/MinuteSearch.html,https://ssp.kaigiroku.net/tenant/nago/MinuteSearch.html,2026-09-22
itoman,沖縄県,糸満市議会,ストーマ,-1,Page.goto: net::ERR_INTERNET_DISCONNECTED at https://ssp.kaigiroku.net/tenant/itoman/MinuteSearch.ht,https://ssp.kaigiroku.net/tenant/itoman/MinuteSearch.html,2026-09-22
itoman,沖縄県,糸満市議会,オストメイト,-1,Page.goto: net::ERR_INTERNET_DISCONNECTED at https://ssp.kaigiroku.net/tenant/itoman/MinuteSearch.ht,https://ssp.kaigiroku.net/tenant/itoman/MinuteSearch.html,2026-09-22
itoman,沖縄県,糸満市議会,蓄便袋,-1,Page.goto: net::ERR_INTERNET_DISCONNECTED at https://ssp.kaigiroku.net/tenant/itoman/MinuteSearch.ht,https://ssp.kaigiroku.net/tenant/itoman/MinuteSearch.html,2026-09-22
itoman,沖縄県,糸満市議会,蓄尿袋,-1,Page.goto: net::ERR_INTERNET_DISCONNECTED at https://ssp.kaigiroku.net/tenant/itoman/MinuteSearch.ht,https://ssp.kaigiroku.net/tenant/itoman/MinuteSearch.html,2026-09-22
okinawa,沖縄県,沖縄市議会,ストーマ,-1,Page.goto: net::ERR_INTERNET_DISCONNECTED at https://ssp.kaigiroku.net/tenant/okinawa/MinuteSearch.h,https://ssp.kaigiroku.net/tenant/okinawa/MinuteSearch.html,2026-09-22
okinawa,沖縄県,沖縄市議会,オストメイト,-1,Page.goto: net::ERR_INTERNET_DISCONNECTED at https://ssp.kaigiroku.net/tenant/okinawa/MinuteSearch.h,https://ssp.kaigiroku.net/tenant/okinawa/MinuteSearch.html,2026-09-22
okinawa,沖縄県,沖縄市議会,蓄便袋,-1,Page.goto: net::ERR_INTERNET_DISCONNECTED at https://ssp.kaigiroku.net/tenant/okinawa/MinuteSearch.h,https://ssp.kaigiroku.net/tenant/okinawa/MinuteSearch.html,2026-09-22
okinawa,沖縄県,沖縄市議会,蓄尿袋,-1,Page.goto: net::ERR_INTERNET_DISCONNECTED at https://ssp.kaigiroku.net/tenant/okinawa/MinuteSearch.h,https://ssp.kaigiroku.net/tenant/okinawa/MinuteSearch.html,2026-09-22
tomigusuku,沖縄県,豊見城市議会,ストーマ,-1,Page.goto: net::ERR_INTERNET_DISCONNECTED at https://ssp.kaigiroku.net/tenant/tomigusuku/MinuteSearc,https://ssp.kaigiroku.net/tenant/tomigusuku/MinuteSearch.html,2026-09-22
tomigusuku,沖縄県,豊見城市議会,オストメイト,-1,Page.goto: net::ERR_INTERNET_DISCONNECTED at https://ssp.kaigiroku.net/tenant/tomigusuku/MinuteSearc,https://ssp.kaigiroku.net/tenant/tomigusuku/MinuteSearch.html,2026-09-22
tomigusuku,沖縄県,豊見城市議会,蓄便袋,-1,Page.goto: net::ERR_INTERNET_DISCONNECTED at https://ssp.kaigiroku.net/tenant/tomigusuku/MinuteSearc,https://ssp.kaigiroku.net/tenant/tomigusuku/MinuteSearch.html,2026-09-22
tomigusuku,沖縄県,豊見城市議会,蓄尿袋,-1,Page.goto: net::ERR_INTERNET_DISCONNECTED at https://ssp.kaigiroku.net/tenant/tomigusuku/MinuteSearc,https://ssp.kaigiroku.net/tenant/tomigusuku/MinuteSearch.html,2026-09-22
uruma,沖縄県,うるま市議会,ストーマ,-1,Page.goto: net::ERR_INTERNET_DISCONNECTED at https://ssp.kaigiroku.net/tenant/uruma/MinuteSearch.htm,https://ssp.kaigiroku.net/tenant/uruma/MinuteSearch.html,2026-09-22
uruma,沖縄県,うるま市議会,オストメイト,-1,Page.goto: net::ERR_INTERNET_DISCONNECTED at https://ssp.kaigiroku.net/tenant/uruma/MinuteSearch.htm,https://ssp.kaigiroku.net/tenant/uruma/MinuteSearch.html,2026-09-22
uruma,沖縄県,うるま市議会,蓄便袋,-1,Page.goto: net::ERR_INTERNET_DISCONNECTED at https://ssp.kaigiroku.net/tenant/uruma/MinuteSearch.htm,https://ssp.kaigiroku.net/tenant/uruma/MinuteSearch.html,2026-09-22
uruma,沖縄県,うるま市議会,蓄尿袋,-1,Page.goto: net::ERR_INTERNET_DISCONNECTED at https://ssp.kaigiroku.net/tenant/uruma/MinuteSearch.htm,https://ssp.kaigiroku.net/tenant/uruma/MinuteSearch.html,2026-09-22
miyakojima,沖縄県,宮古島市議会,ストーマ,-1,Page.goto: net::ERR_INTERNET_DISCONNECTED at https://ssp.kaigiroku.net/tenant/miyakojima/MinuteSearc,https://ssp.kaigiroku.net/tenant/miyakojima/MinuteSearch.html,2026-09-22
miyakojima,沖縄県,宮古島市議会,オストメイト,-1,Page.goto: net::ERR_INTERNET_DISCONNECTED at https://ssp.kaigiroku.net/tenant/miyakojima/MinuteSearc,https://ssp.kaigiroku.net/tenant/miyakojima/MinuteSearch.html,2026-09-22
miyakojima,沖縄県,宮古島市議会,蓄便袋,-1,Page.goto: net::ERR_INTERNET_DISCONNECTED at https://ssp.kaigiroku.net/tenant/miyakojima/MinuteSearc,https://ssp.kaigiroku.net/tenant/miyakojima/MinuteSearch.html,2026-09-22
miyakojima,沖縄県,宮古島市議会,蓄尿袋,-1,Page.goto: net::ERR_INTERNET_DISCONNECTED at https://ssp.kaigiroku.net/tenant/miyakojima/MinuteSearc,https://ssp.kaigiroku.net/tenant/miyakojima/MinuteSearch.html,2026-09-22
nanjo,沖縄県,南城市議会,ストーマ,-1,Page.goto: net::ERR_INTERNET_DISCONNECTED at https://ssp.kaigiroku.net/tenant/nanjo/MinuteSearch.htm,https://ssp.kaigiroku.net/tenant/nanjo/MinuteSearch.html,2026-09-22
nanjo,沖縄県,南城市議会,オストメイト,-1,Page.goto: net::ERR_INTERNET_DISCONNECTED at https://ssp.kaigiroku.net/tenant/nanjo/MinuteSearch.htm,https://ssp.kaigiroku.net/tenant/nanjo/MinuteSearch.html,2026-09-22
nanjo,沖縄県,南城市議会,蓄便袋,-1,Page.goto: net::ERR_INTERNET_DISCONNECTED at https://ssp.kaigiroku.net/tenant/nanjo/MinuteSearch.htm,https://ssp.kaigiroku.net/tenant/nanjo/MinuteSearch.html,2026-09-22
nanjo,沖縄県,南城市議会,蓄尿袋,-1,Page.goto: net::ERR_INTERNET_DISCONNECTED at https://ssp.kaigiroku.net/tenant/nanjo/MinuteSearch.htm,https://ssp.kaigiroku.net/tenant/nanjo/MinuteSearch.html,2026-09-22
higashi,沖縄県,東村議会,ストーマ,-1,Page.goto: net::ERR_INTERNET_DISCONNECTED at https://ssp.kaigiroku.net/tenant/higashi/MinuteSearch.h,https://ssp.kaigiroku.net/tenant/higashi/MinuteSearch.html,2026-09-22
higashi,沖縄県,東村議会,オストメイト,-1,Page.goto: net::ERR_INTERNET_DISCONNECTED at https://ssp.kaigiroku.net/tenant/higashi/MinuteSearch.h,https://ssp.kaigiroku.net/tenant/higashi/MinuteSearch.html,2026-09-22
higashi,沖縄県,東村議会,蓄便袋,-1,Page.goto: net::ERR_INTERNET_DISCONNECTED at https://ssp.kaigiroku.net/tenant/higashi/MinuteSearch.h,https://ssp.kaigiroku.net/tenant/higashi/MinuteSearch.html,2026-09-22
higashi,沖縄県,東村議会,蓄尿袋,-1,Page.goto: net::ERR_INTERNET_DISCONNECTED at https://ssp.kaigiroku.net/tenant/higashi/MinuteSearch.h,https://ssp.kaigiroku.net/tenant/higashi/MinuteSearch.html,2026-09-22
onna,沖縄県,恩納村議会,ストーマ,-1,Page.goto: net::ERR_INTERNET_DISCONNECTED at https://ssp.kaigiroku.net/tenant/onna/MinuteSearch.html,https://ssp.kaigiroku.net/tenant/onna/MinuteSearch.html,2026-09-22
onna,沖縄県,恩納村議会,オストメイト,-1,Page.goto: net::ERR_INTERNET_DISCONNECTED at https://ssp.kaigiroku.net/tenant/onna/MinuteSearch.html,https://ssp.kaigiroku.net/tenant/onna/MinuteSearch.html,2026-09-22
onna,沖縄県,恩納村議会,蓄便袋,-1,Page.goto: net::ERR_INTERNET_DISCONNECTED at https://ssp.kaigiroku.net/tenant/onna/MinuteSearch.html,https://ssp.kaigiroku.net/tenant/onna/MinuteSearch.html,2026-09-22
onna,沖縄県,恩納村議会,蓄尿袋,-1,Page.goto: net::ERR_INTERNET_DISCONNECTED at https://ssp.kaigiroku.net/tenant/onna/MinuteSearch.html,https://ssp.kaigiroku.net/tenant/onna/MinuteSearch.html,2026-09-22
ginoza,沖縄県,宜野座村議会,ストーマ,-1,Page.goto: net::ERR_INTERNET_DISCONNECTED at https://ssp.kaigiroku.net/tenant/ginoza/MinuteSearch.ht,https://ssp.kaigiroku.net/tenant/ginoza/MinuteSearch.html,2026-09-22
ginoza,沖縄県,宜野座村議会,オストメイト,-1,Page.goto: net::ERR_INTERNET_DISCONNECTED at https://ssp.kaigiroku.net/tenant/ginoza/MinuteSearch.ht,https://ssp.kaigiroku.net/tenant/ginoza/MinuteSearch.html,2026-09-22
ginoza,沖縄県,宜野座村議会,蓄便袋,-1,Page.goto: net::ERR_INTERNET_DISCONNECTED at https://ssp.kaigiroku.net/tenant/ginoza/MinuteSearch.ht,https://ssp.kaigiroku.net/tenant/ginoza/MinuteSearch.html,2026-09-22
ginoza,沖縄県,宜野座村議会,蓄尿袋,-1,Page.goto: net::ERR_INTERNET_DISCONNECTED at https://ssp.kaigiroku.net/tenant/ginoza/MinuteSearch.ht,https://ssp.kaigiroku.net/tenant/ginoza/MinuteSearch.html,2026-09-22
kadena,沖縄県,嘉手納町議会,ストーマ,-1,Page.goto: net::ERR_INTERNET_DISCONNECTED at https://ssp.kaigiroku.net/tenant/kadena/MinuteSearch.ht,https://ssp.kaigiroku.net/tenant/kadena/MinuteSearch.html,2026-09-22
kadena,沖縄県,嘉手納町議会,オストメイト,-1,Page.goto: net::ERR_INTERNET_DISCONNECTED at https://ssp.kaigiroku.net/tenant/kadena/MinuteSearch.ht,https://ssp.kaigiroku.net/tenant/kadena/MinuteSearch.html,2026-09-22
kadena,沖縄県,嘉手納町議会,蓄便袋,-1,Page.goto: net::ERR_INTERNET_DISCONNECTED at https://ssp.kaigiroku.net/tenant/kadena/MinuteSearch.ht,https://ssp.kaigiroku.net/tenant/kadena/MinuteSearch.html,2026-09-22
kadena,沖縄県,嘉手納町議会,蓄尿袋,-1,Page.goto: net::ERR_INTERNET_DISCONNECTED at https://ssp.kaigiroku.net/tenant/kadena/MinuteSearch.ht,https://ssp.kaigiroku.net/tenant/kadena/MinuteSearch.html,2026-09-22
chatan,沖縄県,北谷町議会,ストーマ,-1,Page.goto: net::ERR_INTERNET_DISCONNECTED at https://ssp.kaigiroku.net/tenant/chatan/MinuteSearch.ht,https://ssp.kaigiroku.net/tenant/chatan/MinuteSearch.html,2026-09-22
chatan,沖縄県,北谷町議会,オストメイト,-1,Page.goto: net::ERR_INTERNET_DISCONNECTED at https://ssp.kaigiroku.net/tenant/chatan/MinuteSearch.ht,https://ssp.kaigiroku.net/tenant/chatan/MinuteSearch.html,2026-09-22
chatan,沖縄県,北谷町議会,蓄便袋,-1,Page.goto: net::ERR_INTERNET_DISCONNECTED at https://ssp.kaigiroku.net/tenant/chatan/MinuteSearch.ht,https://ssp.kaigiroku.net/tenant/chatan/MinuteSearch.html,2026-09-22
chatan,沖縄県,北谷町議会,蓄尿袋,-1,Page.goto: net::ERR_INTERNET_DISCONNECTED at https://ssp.kaigiroku.net/tenant/chatan/MinuteSearch.ht,https://ssp.kaigiroku.net/tenant/chatan/MinuteSearch.html,2026-09-22
nishihara,沖縄県,西原町議会,ストーマ,-1,Page.goto: net::ERR_INTERNET_DISCONNECTED at https://ssp.kaigiroku.net/tenant/nishihara/MinuteSearch,https://ssp.kaigiroku.net/tenant/nishihara/MinuteSearch.html,2026-09-22
nishihara,沖縄県,西原町議会,オストメイト,-1,Page.goto: net::ERR_INTERNET_DISCONNECTED at https://ssp.kaigiroku.net/tenant/nishihara/MinuteSearch,https://ssp.kaigiroku.net/tenant/nishihara/MinuteSearch.html,2026-09-22
nishihara,沖縄県,西原町議会,蓄便袋,-1,Page.goto: net::ERR_INTERNET_DISCONNECTED at https://ssp.kaigiroku.net/tenant/nishihara/MinuteSearch,https://ssp.kaigiroku.net/tenant/nishihara/MinuteSearch.html,2026-09-22
nishihara,沖縄県,西原町議会,蓄尿袋,-1,Page.goto: net::ERR_INTERNET_DISCONNECTED at https://ssp.kaigiroku.net/tenant/nishihara/MinuteSearch,https://ssp.kaigiroku.net/tenant/nishihara/MinuteSearch.html,2026-09-22
yonabaru,沖縄県,与那原町議会,ストーマ,-1,Page.goto: net::ERR_INTERNET_DISCONNECTED at https://ssp.kaigiroku.net/tenant/yonabaru/MinuteSearch.,https://ssp.kaigiroku.net/tenant/yonabaru/MinuteSearch.html,2026-09-22
yonabaru,沖縄県,与那原町議会,オストメイト,-1,Page.goto: net::ERR_INTERNET_DISCONNECTED at https://ssp.kaigiroku.net/tenant/yonabaru/MinuteSearch.,https://ssp.kaigiroku.net/tenant/yonabaru/MinuteSearch.html,2026-09-22
yonabaru,沖縄県,与那原町議会,蓄便袋,-1,Page.goto: net::ERR_INTERNET_DISCONNECTED at https://ssp.kaigiroku.net/tenant/yonabaru/MinuteSearch.,https://ssp.kaigiroku.net/tenant/yonabaru/MinuteSearch.html,2026-09-22
yonabaru,沖縄県,与那原町議会,蓄尿袋,-1,Page.goto: net::ERR_INTERNET_DISCONNECTED at https://ssp.kaigiroku.net/tenant/yonabaru/MinuteSearch.,https://ssp.kaigiroku.net/tenant/yonabaru/MinuteSearch.html,2026-09-22
kumejima,沖縄県,久米島町議会,ストーマ,-1,Page.goto: net::ERR_INTERNET_DISCONNECTED at https://ssp.kaigiroku.net/tenant/kumejima/MinuteSearch.,https://ssp.kaigiroku.net/tenant/kumejima/MinuteSearch.html,2026-09-22
kumejima,沖縄県,久米島町議会,オストメイト,-1,Page.goto: net::ERR_INTERNET_DISCONNECTED at https://ssp.kaigiroku.net/tenant/kumejima/MinuteSearch.,https://ssp.kaigiroku.net/tenant/kumejima/MinuteSearch.html,2026-09-22
kumejima,沖縄県,久米島町議会,蓄便袋,-1,Page.goto: net::ERR_INTERNET_DISCONNECTED at https://ssp.kaigiroku.net/tenant/kumejima/MinuteSearch.,https://ssp.kaigiroku.net/tenant/kumejima/MinuteSearch.html,2026-09-22
kumejima,沖縄県,久米島町議会,蓄尿袋,-1,Page.goto: net::ERR_INTERNET_DISCONNECTED at https://ssp.kaigiroku.net/tenant/kumejima/MinuteSearch.,https://ssp.kaigiroku.net/tenant/kumejima/MinuteSearch.html,2026-09-22
taketomi,沖縄県,竹富町議会,ストーマ,-1,Page.goto: net::ERR_INTERNET_DISCONNECTED at https://ssp.kaigiroku.net/tenant/taketomi/MinuteSearch.,https://ssp.kaigiroku.net/tenant/taketomi/MinuteSearch.html,2026-09-22
taketomi,沖縄県,竹富町議会,オストメイト,-1,Page.goto: net::ERR_INTERNET_DISCONNECTED at https://ssp.kaigiroku.net/tenant/taketomi/MinuteSearch.,https://ssp.kaigiroku.net/tenant/taketomi/MinuteSearch.html,2026-09-22
taketomi,沖縄県,竹富町議会,蓄便袋,-1,Page.goto: net::ERR_INTERNET_DISCONNECTED at https://ssp.kaigiroku.net/tenant/taketomi/MinuteSearch.,https://ssp.kaigiroku.net/tenant/taketomi/MinuteSearch.html,2026-09-22
taketomi,沖縄県,竹富町議会,蓄尿袋,-1,Page.goto: net::ERR_INTERNET_DISCONNECTED at https://ssp.kaigiroku.net/tenant/taketomi/MinuteSearch.,https://ssp.kaigiroku.net/tenant/taketomi/MinuteSearch.html,2026-09-22
