tenant,keyword,meeting,date,hits_in_meeting,minute_url
muroran,ストーマ,令和　２年　第１回定例会一般会計予算審査特別委員会,03月17日－03号,2,https://ssp.kaigiroku.net/tenant/muroran/MinuteView.html?council_id=422&schedule_id=4&is_search=true
muroran,オストメイト,令和　５年　第１回定例会,03月03日－02号,1,https://ssp.kaigiroku.net/tenant/muroran/MinuteView.html?council_id=480&schedule_id=3&is_search=true
tomakomai,オストメイト,令和　８年　安全・安心及び市民文化ホールに関する特別委員会,06月18日－01号,2,https://ssp.kaigiroku.net/tenant/tomakomai/MinuteView.html?council_id=289&schedule_id=2&is_search=true
ashibetsu,ストーマ,平成３０年　第２回定例会,03月13日－03号,2,https://ssp.kaigiroku.net/tenant/ashibetsu/MinuteView.html?council_id=144&schedule_id=4&is_search=true
ashibetsu,オストメイト,令和元年　一般・各特別会計決算審査特別委員会会議録,11月13日－03号,2,https://ssp.kaigiroku.net/tenant/ashibetsu/MinuteView.html?council_id=314&schedule_id=3&is_search=true
chitose,ストーマ,令和　７年　第１回定例会,03月13日－05号,1,https://ssp.kaigiroku.net/tenant/chitose/MinuteView.html?council_id=561&schedule_id=6&is_search=true
chitose,オストメイト,令和　７年　第３回定例会,09月30日－03号,1,https://ssp.kaigiroku.net/tenant/chitose/MinuteView.html?council_id=572&schedule_id=4&is_search=true
noboribetsu,ストーマ,平成１８年度　決算審査特別委員会,10月16日－03号,1,https://ssp.kaigiroku.net/tenant/noboribetsu/MinuteView.html?council_id=200&schedule_id=4&is_search=true
noboribetsu,オストメイト,令和　４年　　第４回定例会,12月08日－05号,2,https://ssp.kaigiroku.net/tenant/noboribetsu/MinuteView.html?council_id=371&schedule_id=6&is_search=true
noboribetsu,オストメイト,令和　４年　　第３回定例会,09月15日－05号,2,https://ssp.kaigiroku.net/tenant/noboribetsu/MinuteView.html?council_id=370&schedule_id=6&is_search=true
eniwa,オストメイト,令和　７年　　決算審査特別委員会,09月25日－02号,4,https://ssp.kaigiroku.net/tenant/eniwa/MinuteView.html?council_id=257&schedule_id=3&is_search=true
date,ストーマ,令和　３年　　予算決算常任委員会,09月21日－09号,1,https://ssp.kaigiroku.net/tenant/date/MinuteView.html?council_id=532&schedule_id=9&is_search=true
date,オストメイト,平成２０年　　３月定例会　資料,行政報告第１号,1,
kitahiroshima,ストーマ,令和　７年　　第４回　定例会,12月12日－03号,5,https://ssp.kaigiroku.net/tenant/kitahiroshima/MinuteView.html?council_id=528&schedule_id=4&is_search=true
kitahiroshima,オストメイト,令和　７年　　第４回　定例会,12月12日－03号,4,https://ssp.kaigiroku.net/tenant/kitahiroshima/MinuteView.html?council_id=528&schedule_id=4&is_search=true
ishikari,オストメイト,平成３０年　１２月定例会（第４回）,12月07日－一般質問－03号,1,https://ssp.kaigiroku.net/tenant/ishikari/MinuteView.html?council_id=184&schedule_id=4&is_search=true
atsuma,オストメイト,令和　６年　　３月　予算審査特別委員会,03月13日－04号,1,https://ssp.kaigiroku.net/tenant/atsuma/MinuteView.html?council_id=380&schedule_id=4&is_search=true
hakodate,オストメイト,令和　７年第２回　６月定例会,06月10日－03号,2,https://ssp.kaigiroku.net/tenant/hakodate/MinuteView.html?council_id=1321&schedule_id=4&is_search=true
hokuto,ストーマ,令和　５年　　予算審査特別委員会,03月03日－02号,1,https://ssp.kaigiroku.net/tenant/hokuto/MinuteView.html?council_id=362&schedule_id=2&is_search=true
hokuto,オストメイト,平成２２年　　決算審査特別委員会,09月14日－02号,2,https://ssp.kaigiroku.net/tenant/hokuto/MinuteView.html?council_id=51&schedule_id=2&is_search=true
hokuto,蓄便袋,令和　５年　　予算審査特別委員会,03月03日－02号,1,https://ssp.kaigiroku.net/tenant/hokuto/MinuteView.html?council_id=362&schedule_id=2&is_search=true
hokuto,蓄尿袋,令和　５年　　予算審査特別委員会,03月03日－02号,1,https://ssp.kaigiroku.net/tenant/hokuto/MinuteView.html?council_id=362&schedule_id=2&is_search=true
asahikawa,ストーマ,令和７年　決算審査特別委員会,10月15日－11号,3,https://ssp.kaigiroku.net/tenant/asahikawa/MinuteView.html?council_id=320&schedule_id=25&is_search=true
asahikawa,ストーマ,令和７年　予算等審査特別委員会,03月11日－12号,3,https://ssp.kaigiroku.net/tenant/asahikawa/MinuteView.html?council_id=326&schedule_id=46&is_search=true
asahikawa,オストメイト,令和８年　第１回定例会補正予算等審査特別委員会,02月25日－03号,1,https://ssp.kaigiroku.net/tenant/asahikawa/MinuteView.html?council_id=317&schedule_id=4&is_search=true
wakkanai,ストーマ,令和　７年　　民生文教常任委員会,10月29日－06号,1,https://ssp.kaigiroku.net/tenant/wakkanai/MinuteView.html?council_id=500&schedule_id=6&is_search=true
wakkanai,オストメイト,令和　２年　　総務経済常任委員会,10月21日－09号,1,https://ssp.kaigiroku.net/tenant/wakkanai/MinuteView.html?council_id=351&schedule_id=9&is_search=true
nayoro,ストーマ,令和　５年　　第１回定例会,03月15日－04号,1,https://ssp.kaigiroku.net/tenant/nayoro/MinuteView.html?council_id=114&schedule_id=5&is_search=true
nayoro,オストメイト,令和　５年　　第２回定例会,06月27日－04号,1,https://ssp.kaigiroku.net/tenant/nayoro/MinuteView.html?council_id=119&schedule_id=5&is_search=true
kushiro,ストーマ,令和　５年第５回１２月定例会,12月06日－01号,1,https://ssp.kaigiroku.net/tenant/kushiro/MinuteView.html?council_id=483&schedule_id=2&is_search=true
kushiro,ストーマ,令和　５年第３回　６月定例会,06月21日－01号,2,https://ssp.kaigiroku.net/tenant/kushiro/MinuteView.html?council_id=460&schedule_id=2&is_search=true
kushiro,オストメイト,令和　６年第２回　２月定例会,03月05日－05号,2,https://ssp.kaigiroku.net/tenant/kushiro/MinuteView.html?council_id=499&schedule_id=6&is_search=true
kushiro,蓄便袋,平成２６年第１回　２月定例会,03月11日－05号,3,https://ssp.kaigiroku.net/tenant/kushiro/MinuteView.html?council_id=134&schedule_id=6&is_search=true
kushiro,蓄尿袋,令和　７年第２回　２月定例会　予算決算常任委員会民生福祉分科会,03月11日－03号,1,https://ssp.kaigiroku.net/tenant/kushiro/MinuteView.html?council_id=552&schedule_id=4&is_search=true
obihiro,ストーマ,平成３０年　厚生委員会,02月15日－02号,2,https://ssp.kaigiroku.net/tenant/obihiro/MinuteView.html?council_id=281&schedule_id=2&is_search=true
obihiro,オストメイト,令和　７年第１回　２月定例会　予算審査特別委員会,03月21日－07号,1,https://ssp.kaigiroku.net/tenant/obihiro/MinuteView.html?council_id=885&schedule_id=7&is_search=true
kitami,ストーマ,平成２１年　予算審査第２特別委員会,03月24日－02号,2,https://ssp.kaigiroku.net/tenant/kitami/MinuteView.html?council_id=46&schedule_id=2&is_search=true
kitami,オストメイト,令和　２年　１２月　定例会（第４回）,12月11日－04号,2,https://ssp.kaigiroku.net/tenant/kitami/MinuteView.html?council_id=282&schedule_id=5&is_search=true
nemuro,ストーマ,令和　６年　　２月定例月議会,03月08日－03号,1,https://ssp.kaigiroku.net/tenant/nemuro/MinuteView.html?council_id=626&schedule_id=4&is_search=true
nemuro,オストメイト,令和　６年　　２月定例月議会,03月08日－03号,2,https://ssp.kaigiroku.net/tenant/nemuro/MinuteView.html?council_id=626&schedule_id=4&is_search=true
memuro,ストーマ,平成１６年　　９月　定例会（第５回）,09月15日－02号,2,https://ssp.kaigiroku.net/tenant/memuro/MinuteView.html?council_id=84&schedule_id=3&is_search=true
memuro,オストメイト,平成２３年　　３月　予算等審査特別委員会,03月10日－02号,4,https://ssp.kaigiroku.net/tenant/memuro/MinuteView.html?council_id=160&schedule_id=3&is_search=true
memuro,オストメイト,平成２３年　　３月　定例会（第２回）,03月03日－01号,1,https://ssp.kaigiroku.net/tenant/memuro/MinuteView.html?council_id=151&schedule_id=2&is_search=true
memuro,蓄便袋,平成　９年　　３月　予算等審査特別委員会,03月17日－01号,1,https://ssp.kaigiroku.net/tenant/memuro/MinuteView.html?council_id=20&schedule_id=2&is_search=true
memuro,蓄尿袋,平成　９年　　３月　予算等審査特別委員会,03月17日－01号,1,https://ssp.kaigiroku.net/tenant/memuro/MinuteView.html?council_id=20&schedule_id=2&is_search=true
towada,ストーマ,令和　８年　　６月定例会（第２回）,06月11日－一般質問－02号,7,https://ssp.kaigiroku.net/tenant/towada/MinuteView.html?council_id=214&schedule_id=3&is_search=true
towada,オストメイト,令和　８年　　６月定例会（第２回）,06月11日－一般質問－02号,8,https://ssp.kaigiroku.net/tenant/towada/MinuteView.html?council_id=214&schedule_id=3&is_search=true
mutsu,オストメイト,令和　６年　　６月　定例会,06月19日－05号,1,https://ssp.kaigiroku.net/tenant/mutsu/MinuteView.html?council_id=170&schedule_id=6&is_search=true
morioka,ストーマ,令和　８年　　６月　定例会,06月17日－02号,2,https://ssp.kaigiroku.net/tenant/morioka/MinuteView.html?council_id=875&schedule_id=3&is_search=true
morioka,オストメイト,令和　８年　　３月　予算審査特別委員会,03月19日－05号,1,https://ssp.kaigiroku.net/tenant/morioka/MinuteView.html?council_id=869&schedule_id=5&is_search=true
morioka,蓄便袋,平成２６年　１２月　教育福祉常任委員会,12月17日－01号,1,https://ssp.kaigiroku.net/tenant/morioka/MinuteView.html?council_id=589&schedule_id=1&is_search=true
miyako,ストーマ,令和　４年　　９月　定例会議,09月07日－03号,1,https://ssp.kaigiroku.net/tenant/miyako/MinuteView.html?council_id=388&schedule_id=4&is_search=true
miyako,オストメイト,令和　７年　　６月　定例会議,05月21日－02号,1,https://ssp.kaigiroku.net/tenant/miyako/MinuteView.html?council_id=437&schedule_id=3&is_search=true
ofunato,ストーマ,令和　７年　　第４回　定例会,12月19日－04号,4,https://ssp.kaigiroku.net/tenant/ofunato/MinuteView.html?council_id=461&schedule_id=5&is_search=true
ofunato,ストーマ,令和　７年　　第４回定例会　一般質問,一般質問表,1,
ofunato,オストメイト,令和　８年　　第２回　定例会,06月23日－05号,3,https://ssp.kaigiroku.net/tenant/ofunato/MinuteView.html?council_id=470&schedule_id=6&is_search=true
hanamaki,ストーマ,令和　８年　　３月　定例会（第１回）,03月03日－03号,3,https://ssp.kaigiroku.net/tenant/hanamaki/MinuteView.html?council_id=238&schedule_id=4&is_search=true
hanamaki,オストメイト,令和　８年　　６月　定例会（第２回）,06月16日－03号,2,https://ssp.kaigiroku.net/tenant/hanamaki/MinuteView.html?council_id=240&schedule_id=4&is_search=true
hanamaki,オストメイト,令和　８年　　３月　定例会（第１回）,03月03日－03号,4,https://ssp.kaigiroku.net/tenant/hanamaki/MinuteView.html?council_id=238&schedule_id=4&is_search=true
kitakami,ストーマ,令和　７年度　　９月　通常会議（第３０６回）,09月19日－04号,6,https://ssp.kaigiroku.net/tenant/kitakami/MinuteView.html?council_id=307&schedule_id=5&is_search=true
kitakami,オストメイト,令和　７年度　　９月　通常会議（第３０６回）,09月19日－04号,12,https://ssp.kaigiroku.net/tenant/kitakami/MinuteView.html?council_id=307&schedule_id=5&is_search=true
kuji,ストーマ,令和　７年　第１８回定例会議（１２月）,12月16日－04号,4,https://ssp.kaigiroku.net/tenant/kuji/MinuteView.html?council_id=187&schedule_id=5&is_search=true
kuji,オストメイト,令和　７年　第１８回定例会議（１２月）,12月16日－04号,6,https://ssp.kaigiroku.net/tenant/kuji/MinuteView.html?council_id=187&schedule_id=5&is_search=true
kuji,オストメイト,令和　７年　第１４回定例会議（　６月）,06月18日－03号,1,https://ssp.kaigiroku.net/tenant/kuji/MinuteView.html?council_id=181&schedule_id=4&is_search=true
rikuzentakata,ストーマ,令和　７年　　第４回　定例会,12月03日－03号,3,https://ssp.kaigiroku.net/tenant/rikuzentakata/MinuteView.html?council_id=620&schedule_id=4&is_search=true
rikuzentakata,ストーマ,令和　７年　１２月　定例会　一般質問通告表,一般質問通告一覧表,1,
rikuzentakata,オストメイト,令和　７年　　第４回　定例会,12月03日－03号,8,https://ssp.kaigiroku.net/tenant/rikuzentakata/MinuteView.html?council_id=620&schedule_id=4&is_search=true
rikuzentakata,オストメイト,令和　７年　１２月　定例会　一般質問通告表,一般質問通告一覧表,1,
kamaishi,ストーマ,令和　８年　　６月　定例会（第３号）,06月24日－03号,6,https://ssp.kaigiroku.net/tenant/kamaishi/MinuteView.html?council_id=237&schedule_id=3&is_search=true
kamaishi,ストーマ,令和　８年　　３月　予算特別委員会,03月10日－02号,5,https://ssp.kaigiroku.net/tenant/kamaishi/MinuteView.html?council_id=235&schedule_id=2&is_search=true
kamaishi,オストメイト,令和　８年　　６月　定例会（第３号）,06月24日－03号,1,https://ssp.kaigiroku.net/tenant/kamaishi/MinuteView.html?council_id=237&schedule_id=3&is_search=true
kamaishi,オストメイト,令和　８年　　３月　予算特別委員会,03月10日－02号,5,https://ssp.kaigiroku.net/tenant/kamaishi/MinuteView.html?council_id=235&schedule_id=2&is_search=true
kamaishi,オストメイト,令和　８年　　３月　定例会（第２号）,03月06日－04号,1,https://ssp.kaigiroku.net/tenant/kamaishi/MinuteView.html?council_id=236&schedule_id=4&is_search=true
kamaishi,蓄便袋,令和　７年　　９月　定例会（第５号）,09月11日－03号,1,https://ssp.kaigiroku.net/tenant/kamaishi/MinuteView.html?council_id=231&schedule_id=3&is_search=true
kamaishi,蓄尿袋,令和　７年　　９月　定例会（第５号）,09月11日－03号,1,https://ssp.kaigiroku.net/tenant/kamaishi/MinuteView.html?council_id=231&schedule_id=3&is_search=true
ninohe,オストメイト,令和　７年　　３月　定例会,03月06日－一般質問－03号,1,https://ssp.kaigiroku.net/tenant/ninohe/MinuteView.html?council_id=189&schedule_id=4&is_search=true
ninohe,蓄便袋,平成２４年　　予算特別委員会,03月02日－02号,1,https://ssp.kaigiroku.net/tenant/ninohe/MinuteView.html?council_id=65&schedule_id=2&is_search=true
ninohe,蓄尿袋,平成２４年　　予算特別委員会,03月02日－02号,1,https://ssp.kaigiroku.net/tenant/ninohe/MinuteView.html?council_id=65&schedule_id=2&is_search=true
oshu,ストーマ,令和　７年　１２月　定例会（第４回）,12月02日－02号,4,https://ssp.kaigiroku.net/tenant/oshu/MinuteView.html?council_id=142&schedule_id=3&is_search=true
oshu,オストメイト,令和　８年　　２月　定例会（第１回）,02月04日－06号,1,https://ssp.kaigiroku.net/tenant/oshu/MinuteView.html?council_id=144&schedule_id=7&is_search=true
esashi,ストーマ,旧江刺市　平成１５年　１２月　定例会（第４回）,12月09日－03号,1,https://ssp.kaigiroku.net/tenant/esashi/MinuteView.html?council_id=19&schedule_id=4&is_search=true
esashi,オストメイト,旧江刺市　平成１５年　１２月　定例会（第４回）,12月09日－03号,2,https://ssp.kaigiroku.net/tenant/esashi/MinuteView.html?council_id=19&schedule_id=4&is_search=true
esashi,オストメイト,旧江刺市　平成１５年　１２月　定例会（第４回）,11月28日－01号,1,https://ssp.kaigiroku.net/tenant/esashi/MinuteView.html?council_id=19&schedule_id=2&is_search=true
esashi,蓄便袋,旧江刺市　平成１５年　１２月　定例会（第４回）,12月09日－03号,1,https://ssp.kaigiroku.net/tenant/esashi/MinuteView.html?council_id=19&schedule_id=4&is_search=true
esashi,蓄尿袋,旧江刺市　平成１５年　１２月　定例会（第４回）,12月09日－03号,1,https://ssp.kaigiroku.net/tenant/esashi/MinuteView.html?council_id=19&schedule_id=4&is_search=true
takizawa,ストーマ,令和　７年　１２月　定例会,12月10日－一般質問－04号,3,https://ssp.kaigiroku.net/tenant/takizawa/MinuteView.html?council_id=322&schedule_id=5&is_search=true
takizawa,オストメイト,令和　７年　１２月　定例会,12月10日－一般質問－04号,4,https://ssp.kaigiroku.net/tenant/takizawa/MinuteView.html?council_id=322&schedule_id=5&is_search=true
shiwa,ストーマ,平成２９年　　６月　定例会（６月会議）,06月09日－02号,2,https://ssp.kaigiroku.net/tenant/shiwa/MinuteView.html?council_id=193&schedule_id=3&is_search=true
shiwa,オストメイト,令和　６年　　９月　定例会（９月会議）,09月02日－02号,2,https://ssp.kaigiroku.net/tenant/shiwa/MinuteView.html?council_id=357&schedule_id=3&is_search=true
kanegasaki,ストーマ,令和　８年　　２月　定例会（第２回）,02月09日－01号,2,https://ssp.kaigiroku.net/tenant/kanegasaki/MinuteView.html?council_id=135&schedule_id=2&is_search=true
kanegasaki,オストメイト,令和　７年　１２月　定例会（第７回）,12月05日－02号,6,https://ssp.kaigiroku.net/tenant/kanegasaki/MinuteView.html?council_id=132&schedule_id=3&is_search=true
prefmiyagi,ストーマ,平成１８年　　９月　定例会（第３１０回）,09月27日－06号,3,https://ssp.kaigiroku.net/tenant/prefmiyagi/MinuteView.html?council_id=734&schedule_id=7&is_search=true
prefmiyagi,オストメイト,令和　６年　　２月　定例会（第３９１回）,02月21日－03号,1,https://ssp.kaigiroku.net/tenant/prefmiyagi/MinuteView.html?council_id=3952&schedule_id=4&is_search=true
prefmiyagi,蓄便袋,平成１８年　　９月　定例会（第３１０回）,09月27日－06号,1,https://ssp.kaigiroku.net/tenant/prefmiyagi/MinuteView.html?council_id=734&schedule_id=7&is_search=true
prefmiyagi,蓄尿袋,平成１８年　　９月　定例会（第３１０回）,09月27日－06号,1,https://ssp.kaigiroku.net/tenant/prefmiyagi/MinuteView.html?council_id=734&schedule_id=7&is_search=true
ishinomaki,ストーマ,令和　２年　第４回　定例会,12月17日－一般質問－06号,1,https://ssp.kaigiroku.net/tenant/ishinomaki/MinuteView.html?council_id=314&schedule_id=7&is_search=true
ishinomaki,オストメイト,令和　２年　第４回　定例会,12月14日－一般質問－03号,1,https://ssp.kaigiroku.net/tenant/ishinomaki/MinuteView.html?council_id=314&schedule_id=4&is_search=true
ishinomaki,オストメイト,令和　２年　　産業建設委員会,06月11日－04号,1,https://ssp.kaigiroku.net/tenant/ishinomaki/MinuteView.html?council_id=323&schedule_id=5&is_search=true
higashimatsushima,ストーマ,平成１７年　　決算審査特別委員会,10月03日－06号,1,https://ssp.kaigiroku.net/tenant/higashimatsushima/MinuteView.html?council_id=9&schedule_id=7&is_search=true
higashimatsushima,オストメイト,令和　７年　１２月定例会（第４回）,12月17日－一般質問－04号,1,https://ssp.kaigiroku.net/tenant/higashimatsushima/MinuteView.html?council_id=345&schedule_id=4&is_search=true
oosaki,ストーマ,令和　５年　　民生常任委員会,02月01日－01号,1,https://ssp.kaigiroku.net/tenant/oosaki/MinuteView.html?council_id=307&schedule_id=3&is_search=true
oosaki,オストメイト,令和　７年　　総務常任委員会,10月08日－01号,1,https://ssp.kaigiroku.net/tenant/oosaki/MinuteView.html?council_id=337&schedule_id=10&is_search=true
oosaki,蓄便袋,令和　２年　　民生常任委員会,11月19日－01号,1,https://ssp.kaigiroku.net/tenant/oosaki/MinuteView.html?council_id=237&schedule_id=11&is_search=true
oosaki,蓄尿袋,令和　２年　　民生常任委員会,11月19日－01号,1,https://ssp.kaigiroku.net/tenant/oosaki/MinuteView.html?council_id=237&schedule_id=11&is_search=true
prefakita,ストーマ,令和４年　第１回定例会,02月22日－04号,3,https://ssp.kaigiroku.net/tenant/prefakita/MinuteView.html?council_id=1813&schedule_id=5&is_search=true
prefakita,オストメイト,令和４年　第１回定例会,02月22日－04号,3,https://ssp.kaigiroku.net/tenant/prefakita/MinuteView.html?council_id=1813&schedule_id=5&is_search=true
noshiro,ストーマ,平成１８年　　９月　定例会,09月12日－03号,1,https://ssp.kaigiroku.net/tenant/noshiro/MinuteView.html?council_id=78&schedule_id=4&is_search=true
noshiro,オストメイト,平成２５年　　９月　定例会,09月20日－05号,1,https://ssp.kaigiroku.net/tenant/noshiro/MinuteView.html?council_id=120&schedule_id=6&is_search=true
oga,オストメイト,平成２５年　　９月　定例会,09月10日－02号,1,https://ssp.kaigiroku.net/tenant/oga/MinuteView.html?council_id=59&schedule_id=3&is_search=true
yuzawa,ストーマ,平成２９年　　６月　定例会（第２回）,06月09日－03号,5,https://ssp.kaigiroku.net/tenant/yuzawa/MinuteView.html?council_id=68&schedule_id=4&is_search=true
yuzawa,オストメイト,令和　４年　　９月　定例会（第３回）,09月08日－04号,1,https://ssp.kaigiroku.net/tenant/yuzawa/MinuteView.html?council_id=105&schedule_id=5&is_search=true
yurihonjo,ストーマ,令和　４年　　９月　定例会,08月30日－03号,1,https://ssp.kaigiroku.net/tenant/yurihonjo/MinuteView.html?council_id=122&schedule_id=3&is_search=true
yurihonjo,オストメイト,令和　６年　　３月　定例会,03月07日－03号,2,https://ssp.kaigiroku.net/tenant/yurihonjo/MinuteView.html?council_id=131&schedule_id=3&is_search=true
kitaakita,ストーマ,令和　７年　　９月　定例会,09月08日－03号,1,https://ssp.kaigiroku.net/tenant/kitaakita/MinuteView.html?council_id=110&schedule_id=4&is_search=true
kitaakita,オストメイト,令和　７年　　９月　定例会,09月08日－03号,3,https://ssp.kaigiroku.net/tenant/kitaakita/MinuteView.html?council_id=110&schedule_id=4&is_search=true
semboku,オストメイト,平成３０年　　９月　定例会,09月11日－02号,1,https://ssp.kaigiroku.net/tenant/semboku/MinuteView.html?council_id=87&schedule_id=3&is_search=true
tsuruoka,ストーマ,令和　　７年　　３月　予算特別委員会,03月11日－02号,1,https://ssp.kaigiroku.net/tenant/tsuruoka/MinuteView.html?council_id=298&schedule_id=3&is_search=true
tsuruoka,ストーマ,令和　　７年　　３月　定例会,03月04日－01号,1,https://ssp.kaigiroku.net/tenant/tsuruoka/MinuteView.html?council_id=291&schedule_id=2&is_search=true
tsuruoka,オストメイト,令和　　６年　１２月　定例会,12月05日－02号,3,https://ssp.kaigiroku.net/tenant/tsuruoka/MinuteView.html?council_id=283&schedule_id=3&is_search=true
tsuruoka,蓄便袋,令和　　６年　１２月　定例会,12月05日－02号,2,https://ssp.kaigiroku.net/tenant/tsuruoka/MinuteView.html?council_id=283&schedule_id=3&is_search=true
tsuruoka,蓄尿袋,令和　　６年　１２月　定例会,12月05日－02号,2,https://ssp.kaigiroku.net/tenant/tsuruoka/MinuteView.html?council_id=283&schedule_id=3&is_search=true
sakata,ストーマ,令和　８年　　３月　定例議会（第４回）,02月27日－02号,1,https://ssp.kaigiroku.net/tenant/sakata/MinuteView.html?council_id=146&schedule_id=3&is_search=true
sakata,オストメイト,平成３０年　　３月　定例会（第１回）,03月15日－05号,5,https://ssp.kaigiroku.net/tenant/sakata/MinuteView.html?council_id=83&schedule_id=6&is_search=true
murayama,ストーマ,令和　７年　　３月　予算特別委員会,03月10日－04号,1,https://ssp.kaigiroku.net/tenant/murayama/MinuteView.html?council_id=289&schedule_id=5&is_search=true
murayama,オストメイト,令和　７年　　３月　予算特別委員会,03月10日－04号,2,https://ssp.kaigiroku.net/tenant/murayama/MinuteView.html?council_id=289&schedule_id=5&is_search=true
tendo,ストーマ,令和　７年　　９月　決算特別委員会,09月10日－03号,2,https://ssp.kaigiroku.net/tenant/tendo/MinuteView.html?council_id=292&schedule_id=4&is_search=true
tendo,オストメイト,令和　２年　　３月　予算特別委員会,03月12日－04号,1,https://ssp.kaigiroku.net/tenant/tendo/MinuteView.html?council_id=222&schedule_id=5&is_search=true
shounai,ストーマ,令和　８年　　３月　定例会（第２回）,03月04日－02号,2,https://ssp.kaigiroku.net/tenant/shounai/MinuteView.html?council_id=363&schedule_id=3&is_search=true
shounai,オストメイト,令和　７年　１０月　全員協議会,10月20日－01号,1,https://ssp.kaigiroku.net/tenant/shounai/MinuteView.html?council_id=357&schedule_id=1&is_search=true
shounai,オストメイト,令和　７年　　９月　定例会（第６回）,09月05日－04号,4,https://ssp.kaigiroku.net/tenant/shounai/MinuteView.html?council_id=351&schedule_id=5&is_search=true
shounai,オストメイト,令和　７年　　３月　予算特別委員会,03月10日－02号,2,https://ssp.kaigiroku.net/tenant/shounai/MinuteView.html?council_id=342&schedule_id=3&is_search=true
fukushima,ストーマ,令和　２年　１２月　定例会,12月09日－一般質問及び質疑（一般）－04号,1,https://ssp.kaigiroku.net/tenant/fukushima/MinuteView.html?council_id=97&schedule_id=5&is_search=true
fukushima,オストメイト,令和　２年　１２月　定例会,12月09日－一般質問及び質疑（一般）－04号,1,https://ssp.kaigiroku.net/tenant/fukushima/MinuteView.html?council_id=97&schedule_id=5&is_search=true
aizuwakamatsu,ストーマ,平成２９年　１２月　定例会,12月13日－一般質問－04号,1,https://ssp.kaigiroku.net/tenant/aizuwakamatsu/MinuteView.html?council_id=92&schedule_id=5&is_search=true
aizuwakamatsu,ストーマ,平成２９年　１２月　定例会,12月07日－目次,1,
aizuwakamatsu,オストメイト,令和　８年　　２月定例会議,03月04日－一般質問－04号,1,https://ssp.kaigiroku.net/tenant/aizuwakamatsu/MinuteView.html?council_id=205&schedule_id=5&is_search=true
minamisoma,ストーマ,令和　６年　　３月　文教福祉常任委員会,03月12日－01号,1,https://ssp.kaigiroku.net/tenant/minamisoma/MinuteView.html?council_id=402&schedule_id=1&is_search=true
minamisoma,オストメイト,令和　６年　　６月　定例会（第２回）,06月19日－04号,1,https://ssp.kaigiroku.net/tenant/minamisoma/MinuteView.html?council_id=408&schedule_id=5&is_search=true
datecity,ストーマ,平成２０年　　３月　定例会（第１回）,03月11日－04号,1,https://ssp.kaigiroku.net/tenant/datecity/MinuteView.html?council_id=16&schedule_id=5&is_search=true
datecity,オストメイト,令和　６年　　９月　定例会議（第５回）,09月11日－一般質問－03号,2,https://ssp.kaigiroku.net/tenant/datecity/MinuteView.html?council_id=118&schedule_id=4&is_search=true
motomiya,ストーマ,平成１８年　　３月　定例会（第１回）,03月07日－03号,1,https://ssp.kaigiroku.net/tenant/motomiya/MinuteView.html?council_id=80&schedule_id=4&is_search=true
motomiya,オストメイト,令和　７年　　６月　定例会（第３回）,06月12日－02号,1,https://ssp.kaigiroku.net/tenant/motomiya/MinuteView.html?council_id=253&schedule_id=3&is_search=true
tanagura,ストーマ,令和　８年　　３月　予算特別委員会,03月11日－02号,1,https://ssp.kaigiroku.net/tenant/tanagura/MinuteView.html?council_id=235&schedule_id=3&is_search=true
yamatsuri,オストメイト,令和　４年　１２月　定例会（第６回）,12月16日－04号,1,https://ssp.kaigiroku.net/tenant/yamatsuri/MinuteView.html?council_id=65&schedule_id=5&is_search=true
hanawa,ストーマ,令和　７年　　９月　定例会（第４回）,09月10日－01号,1,https://ssp.kaigiroku.net/tenant/hanawa/MinuteView.html?council_id=126&schedule_id=2&is_search=true
hanawa,オストメイト,令和　５年　　３月　定例会（第１回）,03月09日－03号,1,https://ssp.kaigiroku.net/tenant/hanawa/MinuteView.html?council_id=104&schedule_id=4&is_search=true
mito,ストーマ,令和　７年　文教福祉常任委員会,03月14日－05号,2,https://ssp.kaigiroku.net/tenant/mito/MinuteView.html?council_id=185&schedule_id=5&is_search=true
mito,オストメイト,令和　６年　　９月　定例会（第３回）,09月10日－03号,1,https://ssp.kaigiroku.net/tenant/mito/MinuteView.html?council_id=177&schedule_id=4&is_search=true
mito,蓄便袋,平成１４年　　６月　定例会（第２回）,06月18日－03号,1,https://ssp.kaigiroku.net/tenant/mito/MinuteView.html?council_id=39&schedule_id=4&is_search=true
tsuchiura,ストーマ,平成１９年　第２回　定例会,06月12日－03号,1,https://ssp.kaigiroku.net/tenant/tsuchiura/MinuteView.html?council_id=32&schedule_id=4&is_search=true
tsuchiura,オストメイト,令和６年　第２回　定例会,06月11日－03号,1,https://ssp.kaigiroku.net/tenant/tsuchiura/MinuteView.html?council_id=122&schedule_id=4&is_search=true
koga,ストーマ,平成３０年　　６月　定例会（第２回）,06月12日－一般質問－03号,1,https://ssp.kaigiroku.net/tenant/koga/MinuteView.html?council_id=190&schedule_id=4&is_search=true
koga,オストメイト,令和　４年　　３月　定例会（第１回）,03月16日－一般質問－04号,1,https://ssp.kaigiroku.net/tenant/koga/MinuteView.html?council_id=250&schedule_id=5&is_search=true
koga,蓄便袋,令和　６年　　一般会計決算特別委員会,09月11日－審査事件・議案質疑－01号,1,https://ssp.kaigiroku.net/tenant/koga/MinuteView.html?council_id=280&schedule_id=2&is_search=true
koga,蓄尿袋,令和　６年　　一般会計決算特別委員会,09月11日－審査事件・議案質疑－01号,1,https://ssp.kaigiroku.net/tenant/koga/MinuteView.html?council_id=280&schedule_id=2&is_search=true
yuki,ストーマ,平成２４年第４回　定例会,12月14日－03号,1,https://ssp.kaigiroku.net/tenant/yuki/MinuteView.html?council_id=14&schedule_id=4&is_search=true
yuki,オストメイト,令和７年第４回　定例会,12月05日－03号,1,https://ssp.kaigiroku.net/tenant/yuki/MinuteView.html?council_id=164&schedule_id=4&is_search=true
yuki,蓄便袋,予算特別委員会（平成２４年）,03月09日－04号,1,https://ssp.kaigiroku.net/tenant/yuki/MinuteView.html?council_id=15&schedule_id=5&is_search=true
yuki,蓄尿袋,予算特別委員会（平成２４年）,03月09日－04号,1,https://ssp.kaigiroku.net/tenant/yuki/MinuteView.html?council_id=15&schedule_id=5&is_search=true
ryugasaki,オストメイト,令和　７年　　３月定例会（第１回）,03月07日－05号,1,https://ssp.kaigiroku.net/tenant/ryugasaki/MinuteView.html?council_id=506&schedule_id=6&is_search=true
takahagi,オストメイト,平成　２５年　１２月定例会（第４回）,12月12日－04号,2,https://ssp.kaigiroku.net/tenant/takahagi/MinuteView.html?council_id=39&schedule_id=5&is_search=true
kitaibaraki,ストーマ,令和　７年　２月定例会（第１回）,02月10日－02号,1,https://ssp.kaigiroku.net/tenant/kitaibaraki/MinuteView.html?council_id=57&schedule_id=2&is_search=true
kitaibaraki,オストメイト,令和　７年　２月定例会（第１回）,02月10日－02号,1,https://ssp.kaigiroku.net/tenant/kitaibaraki/MinuteView.html?council_id=57&schedule_id=2&is_search=true
kashima,ストーマ,令和　５年　　６月　定例会（第２回）,06月20日－一般質問－03号,1,https://ssp.kaigiroku.net/tenant/kashima/MinuteView.html?council_id=94&schedule_id=4&is_search=true
kashima,オストメイト,令和　６年　　３月　定例会（第１回）,02月28日－一般質問－03号,2,https://ssp.kaigiroku.net/tenant/kashima/MinuteView.html?council_id=97&schedule_id=4&is_search=true
hitachiomiya,ストーマ,令和　４年　　３月　定例会（第１回）,03月07日－04号,1,https://ssp.kaigiroku.net/tenant/hitachiomiya/MinuteView.html?council_id=114&schedule_id=5&is_search=true
hitachiomiya,オストメイト,令和　７年　１２月　定例会（第４回）,12月10日－03号,2,https://ssp.kaigiroku.net/tenant/hitachiomiya/MinuteView.html?council_id=132&schedule_id=4&is_search=true
hitachiomiya,蓄便袋,平成１９年　　９月　定例会（第３回）,09月13日－03号,1,https://ssp.kaigiroku.net/tenant/hitachiomiya/MinuteView.html?council_id=21&schedule_id=4&is_search=true
hitachiomiya,蓄尿袋,平成１９年　　９月　定例会（第３回）,09月13日－03号,1,https://ssp.kaigiroku.net/tenant/hitachiomiya/MinuteView.html?council_id=21&schedule_id=4&is_search=true
chikusei,ストーマ,平成３０年　　９月　定例会（第３回）,09月07日－一般質問－02号,1,https://ssp.kaigiroku.net/tenant/chikusei/MinuteView.html?council_id=68&schedule_id=3&is_search=true
chikusei,オストメイト,平成２７年　１２月　定例会（第４回）,12月04日－一般質問－02号,1,https://ssp.kaigiroku.net/tenant/chikusei/MinuteView.html?council_id=51&schedule_id=3&is_search=true
bando,オストメイト,令和　６年　　３月　定例会議（第３回～第５回）,03月14日－04号,1,https://ssp.kaigiroku.net/tenant/bando/MinuteView.html?council_id=120&schedule_id=3&is_search=true
kasumigaura,ストーマ,令和　７年　　３月　定例会（第１回）,03月13日－04号,1,https://ssp.kaigiroku.net/tenant/kasumigaura/MinuteView.html?council_id=89&schedule_id=4&is_search=true
moka,ストーマ,平成１５年　　３月　定例会（第１回）,03月05日－02号,1,https://ssp.kaigiroku.net/tenant/moka/MinuteView.html?council_id=21&schedule_id=3&is_search=true
moka,オストメイト,令和　８年　　２月　定例会（第２回）,02月25日－03号,1,https://ssp.kaigiroku.net/tenant/moka/MinuteView.html?council_id=393&schedule_id=4&is_search=true
ohtawara,オストメイト,令和　７年　　３月定例会（第２回）,02月27日－02号,1,https://ssp.kaigiroku.net/tenant/ohtawara/MinuteView.html?council_id=579&schedule_id=3&is_search=true
haga,オストメイト,平成１９年　　８月　臨時会（第６回）,08月10日－01号,2,https://ssp.kaigiroku.net/tenant/haga/MinuteView.html?council_id=65&schedule_id=2&is_search=true
mibu,ストーマ,令和　３年　　９月　定例会（第４回）,09月01日－01号,1,https://ssp.kaigiroku.net/tenant/mibu/MinuteView.html?council_id=105&schedule_id=2&is_search=true
mibu,オストメイト,令和　１年　１２月　定例会（第５回）,12月10日－02号,1,https://ssp.kaigiroku.net/tenant/mibu/MinuteView.html?council_id=94&schedule_id=3&is_search=true
nogi,オストメイト,平成３０年　　９月　定例会（第３回）,09月19日－04号,1,https://ssp.kaigiroku.net/tenant/nogi/MinuteView.html?council_id=43&schedule_id=5&is_search=true
annaka,ストーマ,平成２３年　１２月　定例会（第４回）,12月07日－02号,1,https://ssp.kaigiroku.net/tenant/annaka/MinuteView.html?council_id=35&schedule_id=3&is_search=true
annaka,オストメイト,令和　６年　　３月　定例会（第１回）,03月14日－03号,1,https://ssp.kaigiroku.net/tenant/annaka/MinuteView.html?council_id=436&schedule_id=4&is_search=true
midori,ストーマ,平成１８年　１２月　定例会（第３回）,12月05日－01号,1,https://ssp.kaigiroku.net/tenant/midori/MinuteView.html?council_id=3&schedule_id=2&is_search=true
midori,ストーマ,平成１８年　　６月　定例会（第１回）,06月26日－07号,1,https://ssp.kaigiroku.net/tenant/midori/MinuteView.html?council_id=1&schedule_id=8&is_search=true
midori,ストーマ,平成１８年　　予算特別委員会,06月16日－02号,2,https://ssp.kaigiroku.net/tenant/midori/MinuteView.html?council_id=7&schedule_id=3&is_search=true
midori,オストメイト,令和　７年　１２月　定例会（第４回）,12月10日－03号,3,https://ssp.kaigiroku.net/tenant/midori/MinuteView.html?council_id=150&schedule_id=4&is_search=true
midori,蓄便袋,平成１９年　　決算特別委員会,09月12日－01号,1,https://ssp.kaigiroku.net/tenant/midori/MinuteView.html?council_id=16&schedule_id=2&is_search=true
oizumi,オストメイト,令和　４年　１２月　定例会（第５回）,12月07日－02号,1,https://ssp.kaigiroku.net/tenant/oizumi/MinuteView.html?council_id=109&schedule_id=3&is_search=true
prefsaitama,ストーマ,平成１３年　　６月　定例会,06月29日－06号,1,https://ssp.kaigiroku.net/tenant/prefsaitama/MinuteView.html?council_id=55&schedule_id=7&is_search=true
prefsaitama,オストメイト,令和　７年　１２月　定例会,12月11日－06号,2,https://ssp.kaigiroku.net/tenant/prefsaitama/MinuteView.html?council_id=477&schedule_id=7&is_search=true
saitama,ストーマ,令和　６年　　９月　決算特別委員会,10月03日－07号,3,https://ssp.kaigiroku.net/tenant/saitama/MinuteView.html?council_id=1014&schedule_id=7&is_search=true
saitama,ストーマ,令和　６年　　９月　決算特別委員会,10月01日－06号,1,https://ssp.kaigiroku.net/tenant/saitama/MinuteView.html?council_id=1014&schedule_id=6&is_search=true
saitama,ストーマ,令和　６年　　６月　保健福祉委員会,06月17日－03号,2,https://ssp.kaigiroku.net/tenant/saitama/MinuteView.html?council_id=1000&schedule_id=3&is_search=true
saitama,ストーマ,令和　６年　　２月　定例会,02月13日－03号,1,https://ssp.kaigiroku.net/tenant/saitama/MinuteView.html?council_id=985&schedule_id=4&is_search=true
saitama,オストメイト,令和　７年　　９月　決算特別委員会,09月24日－02号,1,https://ssp.kaigiroku.net/tenant/saitama/MinuteView.html?council_id=1057&schedule_id=2&is_search=true
saitama,オストメイト,令和　７年　　６月　定例会,06月17日－04号,1,https://ssp.kaigiroku.net/tenant/saitama/MinuteView.html?council_id=1039&schedule_id=5&is_search=true
saitama,蓄便袋,令和　６年　　９月　決算特別委員会,10月03日－07号,1,https://ssp.kaigiroku.net/tenant/saitama/MinuteView.html?council_id=1014&schedule_id=7&is_search=true
saitama,蓄尿袋,平成２７年　　２月　予算委員会,02月24日－10号,4,https://ssp.kaigiroku.net/tenant/saitama/MinuteView.html?council_id=557&schedule_id=10&is_search=true
kumagaya,ストーマ,令和　６年　１０月　決算審査　市民福祉常任委員会,10月17日－01号,1,https://ssp.kaigiroku.net/tenant/kumagaya/MinuteView.html?council_id=335&schedule_id=1&is_search=true
kumagaya,オストメイト,令和　８年　　３月　定例会（第１回）,03月17日－委員長報告・質疑・討論・採決－06号,1,https://ssp.kaigiroku.net/tenant/kumagaya/MinuteView.html?council_id=373&schedule_id=7&is_search=true
kumagaya,オストメイト,令和　８年　　３月　定例会　環境産業常任委員会,03月03日－01号,1,https://ssp.kaigiroku.net/tenant/kumagaya/MinuteView.html?council_id=370&schedule_id=1&is_search=true
kumagaya,蓄便袋,平成１３年　１２月　定例会（第４回）,12月10日－一般質問－03号,1,https://ssp.kaigiroku.net/tenant/kumagaya/MinuteView.html?council_id=66&schedule_id=4&is_search=true
kawaguchi,ストーマ,令和６年９月定例会　埼玉県川口市議会,09月18日－05号,2,https://ssp.kaigiroku.net/tenant/kawaguchi/MinuteView.html?council_id=1352&schedule_id=6&is_search=true
kawaguchi,オストメイト,令和６年９月定例会　埼玉県川口市議会,09月18日－05号,2,https://ssp.kaigiroku.net/tenant/kawaguchi/MinuteView.html?council_id=1352&schedule_id=6&is_search=true
kawaguchi,蓄便袋,平成３１年３月定例会　埼玉県川口市議会,02月21日－02号,1,https://ssp.kaigiroku.net/tenant/kawaguchi/MinuteView.html?council_id=1141&schedule_id=3&is_search=true
kawaguchi,蓄尿袋,平成３１年３月定例会　埼玉県川口市議会,02月21日－02号,1,https://ssp.kaigiroku.net/tenant/kawaguchi/MinuteView.html?council_id=1141&schedule_id=3&is_search=true
gyoda,ストーマ,平成１６年　　３月　定例会,03月08日－04号,1,https://ssp.kaigiroku.net/tenant/gyoda/MinuteView.html?council_id=31&schedule_id=5&is_search=true
gyoda,オストメイト,令和　８年　　３月　定例会,02月27日－05号,1,https://ssp.kaigiroku.net/tenant/gyoda/MinuteView.html?council_id=258&schedule_id=6&is_search=true
chichibu,ストーマ,令和　５年　１２月定例会,12月06日－一般質問－03号,5,https://ssp.kaigiroku.net/tenant/chichibu/MinuteView.html?council_id=379&schedule_id=4&is_search=true
chichibu,ストーマ,令和　５年　一般質問通告一覧表,一般質問通告一覧表,1,
chichibu,オストメイト,令和　５年　１２月定例会,12月06日－一般質問－03号,1,https://ssp.kaigiroku.net/tenant/chichibu/MinuteView.html?council_id=379&schedule_id=4&is_search=true
chichibu,蓄便袋,令和　５年　１２月定例会,12月06日－一般質問－03号,1,https://ssp.kaigiroku.net/tenant/chichibu/MinuteView.html?council_id=379&schedule_id=4&is_search=true
chichibu,蓄尿袋,令和　５年　１２月定例会,12月06日－一般質問－03号,1,https://ssp.kaigiroku.net/tenant/chichibu/MinuteView.html?council_id=379&schedule_id=4&is_search=true
hanno,ストーマ,令和８年第１回定例会,03月25日－06号,1,https://ssp.kaigiroku.net/tenant/hanno/MinuteView.html?council_id=139&schedule_id=7&is_search=true
hanno,オストメイト,令和５年第３回定例会,09月06日－02号,1,https://ssp.kaigiroku.net/tenant/hanno/MinuteView.html?council_id=128&schedule_id=3&is_search=true
hanno,蓄便袋,平成２８年第３回定例会,09月20日－05号,1,https://ssp.kaigiroku.net/tenant/hanno/MinuteView.html?council_id=96&schedule_id=6&is_search=true
hanno,蓄尿袋,平成２８年第３回定例会,09月20日－05号,1,https://ssp.kaigiroku.net/tenant/hanno/MinuteView.html?council_id=96&schedule_id=6&is_search=true
kazo,ストーマ,令和　８年　第１回　定例会（　３月）,02月19日－04号,1,https://ssp.kaigiroku.net/tenant/kazo/MinuteView.html?council_id=348&schedule_id=5&is_search=true
kazo,オストメイト,令和　６年　第２回　定例会（　６月）,06月19日－03号,1,https://ssp.kaigiroku.net/tenant/kazo/MinuteView.html?council_id=311&schedule_id=4&is_search=true
kazo,蓄便袋,令和　４年　第４回　定例会（１２月）,12月06日－06号,1,https://ssp.kaigiroku.net/tenant/kazo/MinuteView.html?council_id=285&schedule_id=7&is_search=true
kazo,蓄尿袋,平成１８年　第３回　定例会（　９月）,09月21日－05号,1,https://ssp.kaigiroku.net/tenant/kazo/MinuteView.html?council_id=26&schedule_id=6&is_search=true
honjo,ストーマ,平成１９年　第２回　定例会,06月22日－05号,5,https://ssp.kaigiroku.net/tenant/honjo/MinuteView.html?council_id=22&schedule_id=6&is_search=true
honjo,オストメイト,令和　７年　第１回　定例会,02月27日－02号,1,https://ssp.kaigiroku.net/tenant/honjo/MinuteView.html?council_id=517&schedule_id=3&is_search=true
honjo,蓄便袋,平成１９年　第２回　定例会,06月22日－05号,2,https://ssp.kaigiroku.net/tenant/honjo/MinuteView.html?council_id=22&schedule_id=6&is_search=true
honjo,蓄尿袋,平成１９年　第２回　定例会,06月22日－05号,1,https://ssp.kaigiroku.net/tenant/honjo/MinuteView.html?council_id=22&schedule_id=6&is_search=true
higashimatsuyama,オストメイト,令和　７年　　３月定例会（第１回）,03月11日－04号,3,https://ssp.kaigiroku.net/tenant/higashimatsuyama/MinuteView.html?council_id=461&schedule_id=5&is_search=true
hanyu,オストメイト,平成２３年　　６月　定例会,06月16日－02号,1,https://ssp.kaigiroku.net/tenant/hanyu/MinuteView.html?council_id=74&schedule_id=3&is_search=true
kounosu,ストーマ,令和　５年　　９月　定例会,09月19日－06号,1,https://ssp.kaigiroku.net/tenant/kounosu/MinuteView.html?council_id=147&schedule_id=7&is_search=true
kounosu,オストメイト,令和　５年　　９月　定例会,09月19日－06号,1,https://ssp.kaigiroku.net/tenant/kounosu/MinuteView.html?council_id=147&schedule_id=7&is_search=true
fukaya,ストーマ,令和　７年　１２月定例会（第４回）,12月09日－04号,1,https://ssp.kaigiroku.net/tenant/fukaya/MinuteView.html?council_id=892&schedule_id=5&is_search=true
fukaya,ストーマ,令和　７年　　３月定例会（第１回）,03月17日－06号,1,https://ssp.kaigiroku.net/tenant/fukaya/MinuteView.html?council_id=869&schedule_id=7&is_search=true
fukaya,ストーマ,令和　７年　　３月定例会（第１回）,02月20日－01号,1,https://ssp.kaigiroku.net/tenant/fukaya/MinuteView.html?council_id=869&schedule_id=2&is_search=true
fukaya,オストメイト,令和　４年　　６月定例会（第２回）,06月20日－05号,1,https://ssp.kaigiroku.net/tenant/fukaya/MinuteView.html?council_id=797&schedule_id=6&is_search=true
fukaya,蓄便袋,令和　６年　　９月定例会（第３回）,09月24日－05号,1,https://ssp.kaigiroku.net/tenant/fukaya/MinuteView.html?council_id=858&schedule_id=6&is_search=true
fukaya,蓄尿袋,令和　６年　　９月定例会（第３回）,09月24日－05号,1,https://ssp.kaigiroku.net/tenant/fukaya/MinuteView.html?council_id=858&schedule_id=6&is_search=true
ageo,ストーマ,令和　８年　　予算特別委員会,02月26日－03号,1,https://ssp.kaigiroku.net/tenant/ageo/MinuteView.html?council_id=432&schedule_id=4&is_search=true
ageo,オストメイト,令和　６年　　６月　定例会,06月12日－03号,1,https://ssp.kaigiroku.net/tenant/ageo/MinuteView.html?council_id=187&schedule_id=4&is_search=true
koshigaya,ストーマ,令和　７年　　予算決算常任委員会民生分科会,09月17日－01号,2,https://ssp.kaigiroku.net/tenant/koshigaya/MinuteView.html?council_id=659&schedule_id=4&is_search=true
koshigaya,ストーマ,令和　７年　　予算決算常任委員会民生分科会,03月11日－01号,4,https://ssp.kaigiroku.net/tenant/koshigaya/MinuteView.html?council_id=659&schedule_id=1&is_search=true
koshigaya,オストメイト,令和　８年　　６月　定例会（第２回）,06月09日－04号,1,https://ssp.kaigiroku.net/tenant/koshigaya/MinuteView.html?council_id=728&schedule_id=5&is_search=true
koshigaya,蓄便袋,平成２５年　　６月　定例会（第２回）,06月06日－02号,3,https://ssp.kaigiroku.net/tenant/koshigaya/MinuteView.html?council_id=54&schedule_id=3&is_search=true
koshigaya,蓄尿袋,平成２５年　　６月　定例会（第２回）,06月06日－02号,3,https://ssp.kaigiroku.net/tenant/koshigaya/MinuteView.html?council_id=54&schedule_id=3&is_search=true
asaka,ストーマ,令和　７年　１２月　定例会（第４回）,12月12日－03号,5,https://ssp.kaigiroku.net/tenant/asaka/MinuteView.html?council_id=1104&schedule_id=4&is_search=true
asaka,オストメイト,令和　７年　　６月　定例会（第２回）,06月23日－05号,1,https://ssp.kaigiroku.net/tenant/asaka/MinuteView.html?council_id=1092&schedule_id=6&is_search=true
asaka,蓄尿袋,平成　７年　　３月　民生常任委員会,03月14日－01号,1,https://ssp.kaigiroku.net/tenant/asaka/MinuteView.html?council_id=63&schedule_id=1&is_search=true
shiki,ストーマ,令和　５年　　９月　定例会,09月21日－04号,1,https://ssp.kaigiroku.net/tenant/shiki/MinuteView.html?council_id=361&schedule_id=5&is_search=true
shiki,ストーマ,令和　５年　　３月　総務厚生常任委員会,03月06日－01号,2,https://ssp.kaigiroku.net/tenant/shiki/MinuteView.html?council_id=350&schedule_id=1&is_search=true
shiki,オストメイト,令和　７年　　５月　臨時会（第１回）,05月30日－01号,1,https://ssp.kaigiroku.net/tenant/shiki/MinuteView.html?council_id=392&schedule_id=2&is_search=true
shiki,蓄便袋,平成１８年　１２月　定例会（第４回）,12月13日－04号,1,https://ssp.kaigiroku.net/tenant/shiki/MinuteView.html?council_id=46&schedule_id=5&is_search=true
wako,ストーマ,令和　８年　　３月　予算決算文教厚生分科会,03月02日－01号,1,https://ssp.kaigiroku.net/tenant/wako/MinuteView.html?council_id=501&schedule_id=1&is_search=true
wako,オストメイト,令和　７年　　３月　定例会,03月10日－04号,1,https://ssp.kaigiroku.net/tenant/wako/MinuteView.html?council_id=470&schedule_id=5&is_search=true
wako,オストメイト,令和　７年　　３月　定例会,02月20日－01号,1,https://ssp.kaigiroku.net/tenant/wako/MinuteView.html?council_id=470&schedule_id=2&is_search=true
okegawa,ストーマ,令和　７年　　９月　定例会（第３回）,09月29日－06号,1,https://ssp.kaigiroku.net/tenant/okegawa/MinuteView.html?council_id=780&schedule_id=7&is_search=true
okegawa,ストーマ,令和　７年　　９月　民生経済常任委員会,09月10日－01号,1,https://ssp.kaigiroku.net/tenant/okegawa/MinuteView.html?council_id=782&schedule_id=1&is_search=true
okegawa,オストメイト,令和　７年　１２月　定例会（第４回）,12月17日－03号,1,https://ssp.kaigiroku.net/tenant/okegawa/MinuteView.html?council_id=785&schedule_id=4&is_search=true
okegawa,オストメイト,令和　７年　　９月　建設文教常任委員会,09月16日－01号,1,https://ssp.kaigiroku.net/tenant/okegawa/MinuteView.html?council_id=781&schedule_id=1&is_search=true
okegawa,オストメイト,令和　７年　　６月　定例会（第２回）,06月16日－03号,4,https://ssp.kaigiroku.net/tenant/okegawa/MinuteView.html?council_id=775&schedule_id=4&is_search=true
okegawa,蓄便袋,平成２４年　　９月　決算特別委員会,09月28日－02号,1,https://ssp.kaigiroku.net/tenant/okegawa/MinuteView.html?council_id=448&schedule_id=2&is_search=true
okegawa,蓄尿袋,平成２４年　　９月　決算特別委員会,09月28日－02号,1,https://ssp.kaigiroku.net/tenant/okegawa/MinuteView.html?council_id=448&schedule_id=2&is_search=true
kuki,ストーマ,令和　５年　　定例会（１１月会議）　市政に対する質問,市政に対する質問,1,
kuki,ストーマ,令和　５年　　定例会（１１月会議）　市政に対する質問,斉藤広子議員の質問,1,
kuki,ストーマ,令和　５年　　予算決算常任委員会福祉健康分科会,09月19日－03号,1,https://ssp.kaigiroku.net/tenant/kuki/MinuteView.html?council_id=823&schedule_id=4&is_search=true
kuki,オストメイト,令和　８年　　定例会（２月会議）,02月13日－06号,2,https://ssp.kaigiroku.net/tenant/kuki/MinuteView.html?council_id=925&schedule_id=7&is_search=true
kitamoto,ストーマ,平成２９年　　９月　定例会（第３回）,09月14日－04号,2,https://ssp.kaigiroku.net/tenant/kitamoto/MinuteView.html?council_id=162&schedule_id=5&is_search=true
kitamoto,オストメイト,令和　６年　　９月　予算決算常任委員会,09月24日－01号,1,https://ssp.kaigiroku.net/tenant/kitamoto/MinuteView.html?council_id=264&schedule_id=2&is_search=true
kitamoto,オストメイト,令和　６年　　９月　予算決算常任委員会健康福祉分科会,09月09日－01号,1,https://ssp.kaigiroku.net/tenant/kitamoto/MinuteView.html?council_id=265&schedule_id=1&is_search=true
kitamoto,オストメイト,令和　６年　　６月　定例会（第２回）,06月18日－04号,1,https://ssp.kaigiroku.net/tenant/kitamoto/MinuteView.html?council_id=261&schedule_id=5&is_search=true
yashio,ストーマ,平成３０年　　９月　定例会（第３回）,09月18日－03号,4,https://ssp.kaigiroku.net/tenant/yashio/MinuteView.html?council_id=89&schedule_id=4&is_search=true
yashio,オストメイト,令和　６年　　３月　定例会（第１回）,03月18日－05号,1,https://ssp.kaigiroku.net/tenant/yashio/MinuteView.html?council_id=125&schedule_id=6&is_search=true
yashio,蓄便袋,平成１４年　１２月　定例会（第４回）,12月16日－04号,1,https://ssp.kaigiroku.net/tenant/yashio/MinuteView.html?council_id=14&schedule_id=5&is_search=true
yashio,蓄尿袋,平成１４年　１２月　定例会（第４回）,12月16日－04号,1,https://ssp.kaigiroku.net/tenant/yashio/MinuteView.html?council_id=14&schedule_id=5&is_search=true
fujimi,ストーマ,平成２７年　　予算決算常任委員会,03月18日－02号,1,https://ssp.kaigiroku.net/tenant/fujimi/MinuteView.html?council_id=127&schedule_id=3&is_search=true
fujimi,オストメイト,令和　８年　　第１回　定例会,02月24日－04号,1,https://ssp.kaigiroku.net/tenant/fujimi/MinuteView.html?council_id=695&schedule_id=5&is_search=true
misato,ストーマ,令和　８年　　３月　定例会,03月16日－資料,1,
misato,ストーマ,令和　８年　　３月　定例会,03月11日－05号,2,
misato,オストメイト,令和　８年　　６月　定例会,06月10日－04号,1,https://ssp.kaigiroku.net/tenant/misato/MinuteView.html?council_id=189&schedule_id=5&is_search=true
misato,オストメイト,令和　８年　　３月　定例会,03月16日－資料,1,
misato,オストメイト,令和　８年　　３月　定例会,03月11日－05号,3,https://ssp.kaigiroku.net/tenant/misato/MinuteView.html?council_id=188&schedule_id=6&is_search=true
hasuda,ストーマ,令和　６年　　民生文教委員会,12月05日－08号,3,
hasuda,ストーマ,令和　６年　　３月　定例会,03月08日－一般質問－03号,1,
hasuda,オストメイト,令和　７年　１２月　定例会,12月10日－一般質問－04号,1,https://ssp.kaigiroku.net/tenant/hasuda/MinuteView.html?council_id=399&schedule_id=5&is_search=true
hasuda,オストメイト,令和　７年　　９月　定例会,09月24日－一般質問－04号,1,https://ssp.kaigiroku.net/tenant/hasuda/MinuteView.html?council_id=396&schedule_id=5&is_search=true
hasuda,オストメイト,令和　７年　　６月　定例会,06月13日－一般質問－04号,1,https://ssp.kaigiroku.net/tenant/hasuda/MinuteView.html?council_id=391&schedule_id=5&is_search=true
sakado,ストーマ,平成２９年　　９月定例会　予算決算常任委員会市民福祉分科会,09月06日－01号,2,https://ssp.kaigiroku.net/tenant/sakado/MinuteView.html?council_id=335&schedule_id=1&is_search=true
sakado,オストメイト,令和　８年　　６月定例会　予算決算常任委員会総務文教分科会,06月02日－01号,1,https://ssp.kaigiroku.net/tenant/sakado/MinuteView.html?council_id=868&schedule_id=1&is_search=true
sakado,蓄便袋,平成２２年　　３月定例会（第１回）,02月26日－議案質疑－02号,1,https://ssp.kaigiroku.net/tenant/sakado/MinuteView.html?council_id=105&schedule_id=3&is_search=true
sakado,蓄尿袋,平成２２年　　３月定例会（第１回）,02月26日－議案質疑－02号,1,https://ssp.kaigiroku.net/tenant/sakado/MinuteView.html?council_id=105&schedule_id=3&is_search=true
satte,ストーマ,平成２８年　第２回　定例会（６月）,06月02日－02号,2,https://ssp.kaigiroku.net/tenant/satte/MinuteView.html?council_id=70&schedule_id=3&is_search=true
satte,オストメイト,平成３０年　第２回　定例会（６月）,06月04日－02号,1,https://ssp.kaigiroku.net/tenant/satte/MinuteView.html?council_id=78&schedule_id=3&is_search=true
tsurugashima,ストーマ,令和　５年　　９月定例会（第３回）,09月19日－04号,7,https://ssp.kaigiroku.net/tenant/tsurugashima/MinuteView.html?council_id=306&schedule_id=5&is_search=true
tsurugashima,オストメイト,令和　７年　　３月定例会（第１回）,03月17日－04号,1,https://ssp.kaigiroku.net/tenant/tsurugashima/MinuteView.html?council_id=342&schedule_id=5&is_search=true
tsurugashima,蓄便袋,令和　５年　　９月定例会（第３回）,09月19日－04号,1,https://ssp.kaigiroku.net/tenant/tsurugashima/MinuteView.html?council_id=306&schedule_id=5&is_search=true
tsurugashima,蓄尿袋,令和　５年　　９月定例会（第３回）,09月19日－04号,1,https://ssp.kaigiroku.net/tenant/tsurugashima/MinuteView.html?council_id=306&schedule_id=5&is_search=true
saihidaka,ストーマ,令和　５年　　第５回　定例会,12月07日－一般質問－03号,1,https://ssp.kaigiroku.net/tenant/saihidaka/MinuteView.html?council_id=357&schedule_id=4&is_search=true
saihidaka,オストメイト,令和　７年　　第４回　定例会,12月05日－一般質問－04号,2,https://ssp.kaigiroku.net/tenant/saihidaka/MinuteView.html?council_id=377&schedule_id=5&is_search=true
saihidaka,蓄便袋,平成１８年　　第５回　定例会,12月14日－一般質問－05号,1,https://ssp.kaigiroku.net/tenant/saihidaka/MinuteView.html?council_id=37&schedule_id=6&is_search=true
saihidaka,蓄尿袋,平成１８年　　第５回　定例会,12月14日－一般質問－05号,1,https://ssp.kaigiroku.net/tenant/saihidaka/MinuteView.html?council_id=37&schedule_id=6&is_search=true
yoshikawa,ストーマ,平成３１年　　３月　定例会（第１回）,02月27日－02号,1,https://ssp.kaigiroku.net/tenant/yoshikawa/MinuteView.html?council_id=81&schedule_id=3&is_search=true
yoshikawa,ストーマ,平成３１年　　３月　定例会（第１回）,02月25日－01号,1,https://ssp.kaigiroku.net/tenant/yoshikawa/MinuteView.html?council_id=81&schedule_id=2&is_search=true
yoshikawa,オストメイト,令和　７年　１２月　定例会（第５回）,12月15日－05号,1,https://ssp.kaigiroku.net/tenant/yoshikawa/MinuteView.html?council_id=162&schedule_id=6&is_search=true
fujimino,ストーマ,平成２９年　　　６月　定例会（第２回）,06月12日－04号,1,https://ssp.kaigiroku.net/tenant/fujimino/MinuteView.html?council_id=172&schedule_id=5&is_search=true
fujimino,オストメイト,令和　７年　　　３月　定例会（第１回）,03月19日－06号,1,https://ssp.kaigiroku.net/tenant/fujimino/MinuteView.html?council_id=285&schedule_id=7&is_search=true
fujimino,蓄便袋,令和　６年　　　９月　定例会（第３回）,09月13日－03号,1,https://ssp.kaigiroku.net/tenant/fujimino/MinuteView.html?council_id=283&schedule_id=4&is_search=true
fujimino,蓄尿袋,平成２５年　　福祉・教育常任委員会,12月05日－10号,1,https://ssp.kaigiroku.net/tenant/fujimino/MinuteView.html?council_id=140&schedule_id=10&is_search=true
shiraoka,ストーマ,令和　７年　　第２回（　３月）定例会,02月26日－一般質問－03号,1,https://ssp.kaigiroku.net/tenant/shiraoka/MinuteView.html?council_id=202&schedule_id=4&is_search=true
shiraoka,オストメイト,令和　５年　　第５回（１２月）定例会,12月06日－一般質問－04号,5,https://ssp.kaigiroku.net/tenant/shiraoka/MinuteView.html?council_id=192&schedule_id=5&is_search=true
inamachi,ストーマ,令和　６年　　３月　定例会（第１回）,03月12日－05号,2,https://ssp.kaigiroku.net/tenant/inamachi/MinuteView.html?council_id=403&schedule_id=6&is_search=true
inamachi,オストメイト,令和　７年　１２月　定例会（第４回）,12月03日－03号,1,https://ssp.kaigiroku.net/tenant/inamachi/MinuteView.html?council_id=445&schedule_id=4&is_search=true
inamachi,蓄便袋,令和　６年　　３月　定例会（第１回）,03月12日－05号,1,https://ssp.kaigiroku.net/tenant/inamachi/MinuteView.html?council_id=403&schedule_id=6&is_search=true
inamachi,蓄尿袋,令和　６年　　３月　定例会（第１回）,03月12日－05号,1,https://ssp.kaigiroku.net/tenant/inamachi/MinuteView.html?council_id=403&schedule_id=6&is_search=true
miyoshi,ストーマ,令和　４年　　６月　定例会（第４回）,06月02日－一般質問－02号,1,https://ssp.kaigiroku.net/tenant/miyoshi/MinuteView.html?council_id=573&schedule_id=3&is_search=true
miyoshi,オストメイト,令和　７年　　６月　定例会（第４回）,06月05日－一般質問－02号,1,https://ssp.kaigiroku.net/tenant/miyoshi/MinuteView.html?council_id=654&schedule_id=3&is_search=true
miyoshi,蓄便袋,平成２０年　　９月　定例会（第４回）,09月11日－議案質疑－06号,1,https://ssp.kaigiroku.net/tenant/miyoshi/MinuteView.html?council_id=44&schedule_id=7&is_search=true
moroyama,ストーマ,平成２４年　　第１回（　３月）　定例会,03月23日－07号,1,https://ssp.kaigiroku.net/tenant/moroyama/MinuteView.html?council_id=87&schedule_id=8&is_search=true
moroyama,オストメイト,令和　７年　　第３回（９月）　定例会,09月01日－01号,1,https://ssp.kaigiroku.net/tenant/moroyama/MinuteView.html?council_id=155&schedule_id=2&is_search=true
moroyama,オストメイト,令和　７年　　第２回（６月）　定例会,06月06日－05号,2,https://ssp.kaigiroku.net/tenant/moroyama/MinuteView.html?council_id=153&schedule_id=6&is_search=true
moroyama,オストメイト,令和　７年　　第１回（３月）　定例会,03月06日－04号,1,https://ssp.kaigiroku.net/tenant/moroyama/MinuteView.html?council_id=151&schedule_id=5&is_search=true
ogose,ストーマ,平成２４年　　９月定例会（第３回）,09月21日－05号,1,https://ssp.kaigiroku.net/tenant/ogose/MinuteView.html?council_id=17&schedule_id=6&is_search=true
ogose,ストーマ,平成２４年　　３月定例会（第１回）,03月12日－04号,1,https://ssp.kaigiroku.net/tenant/ogose/MinuteView.html?council_id=15&schedule_id=5&is_search=true
ogose,オストメイト,令和　４年　　９月定例会（第３回）,09月06日－03号,1,https://ssp.kaigiroku.net/tenant/ogose/MinuteView.html?council_id=70&schedule_id=4&is_search=true
ogose,蓄便袋,平成２４年　　９月定例会（第３回）,09月21日－05号,1,https://ssp.kaigiroku.net/tenant/ogose/MinuteView.html?council_id=17&schedule_id=6&is_search=true
ogose,蓄尿袋,平成２９年　　９月定例会（第３回）,09月01日－01号,1,https://ssp.kaigiroku.net/tenant/ogose/MinuteView.html?council_id=44&schedule_id=2&is_search=true
ogawa,オストメイト,令和　２年　　３月　定例会（第１回）,03月06日－議案説明、質疑、委員会付託－05号,1,https://ssp.kaigiroku.net/tenant/ogawa/MinuteView.html?council_id=65&schedule_id=6&is_search=true
ogawa,蓄便袋,平成２２年　１２月　定例会（第４回）,11月30日－議案説明、質疑、討論、採決－01号,1,https://ssp.kaigiroku.net/tenant/ogawa/MinuteView.html?council_id=15&schedule_id=2&is_search=true
ogawa,蓄尿袋,平成２１年　１２月　定例会（第４回）,11月30日－議案説明、質疑、討論、採決－01号,1,https://ssp.kaigiroku.net/tenant/ogawa/MinuteView.html?council_id=8&schedule_id=2&is_search=true
kawajima,ストーマ,平成３０年　　６月　定例会（第２回）,06月13日－02号,3,https://ssp.kaigiroku.net/tenant/kawajima/MinuteView.html?council_id=77&schedule_id=3&is_search=true
kawajima,オストメイト,平成３０年　　６月　定例会（第２回）,06月13日－02号,3,https://ssp.kaigiroku.net/tenant/kawajima/MinuteView.html?council_id=77&schedule_id=3&is_search=true
yoshimi,ストーマ,平成３１年　　３月　定例会（第１回）,03月01日－一般質問－02号,4,https://ssp.kaigiroku.net/tenant/yoshimi/MinuteView.html?council_id=51&schedule_id=3&is_search=true
yoshimi,オストメイト,平成３１年　　３月　定例会（第１回）,03月01日－一般質問－02号,5,https://ssp.kaigiroku.net/tenant/yoshimi/MinuteView.html?council_id=51&schedule_id=3&is_search=true
saimisato,ストーマ,令和　３年　　９月　定例会（第３回）,09月21日－一般質問－02号,1,https://ssp.kaigiroku.net/tenant/saimisato/MinuteView.html?council_id=94&schedule_id=3&is_search=true
kamikawa,ストーマ,平成３０年　　６月　定例会（第２回）,06月06日－議案説明、一般質問－01号,1,https://ssp.kaigiroku.net/tenant/kamikawa/MinuteView.html?council_id=50&schedule_id=2&is_search=true
kamikawa,オストメイト,平成３０年　　６月　定例会（第２回）,06月06日－議案説明、一般質問－01号,2,https://ssp.kaigiroku.net/tenant/kamikawa/MinuteView.html?council_id=50&schedule_id=2&is_search=true
yorii,ストーマ,平成３０年　１２月　定例会（第４回）,12月05日－02号,4,https://ssp.kaigiroku.net/tenant/yorii/MinuteView.html?council_id=72&schedule_id=3&is_search=true
yorii,オストメイト,令和　７年　　６月　定例会（第２回）,06月05日－03号,6,https://ssp.kaigiroku.net/tenant/yorii/MinuteView.html?council_id=103&schedule_id=4&is_search=true
miyashiro,ストーマ,令和　３年　　９月　定例会（第４回）,08月26日－01号,1,https://ssp.kaigiroku.net/tenant/miyashiro/MinuteView.html?council_id=100&schedule_id=2&is_search=true
miyashiro,オストメイト,平成２４年　　９月　定例会（第４回）,08月30日－01号,2,https://ssp.kaigiroku.net/tenant/miyashiro/MinuteView.html?council_id=56&schedule_id=2&is_search=true
miyashiro,オストメイト,平成２４年　　３月　定例会（第２回）,03月22日－07号,1,https://ssp.kaigiroku.net/tenant/miyashiro/MinuteView.html?council_id=54&schedule_id=8&is_search=true
miyashiro,蓄便袋,平成１６年　　９月　定例会（第６回）,09月10日－07号,1,https://ssp.kaigiroku.net/tenant/miyashiro/MinuteView.html?council_id=14&schedule_id=8&is_search=true
sugito,ストーマ,令和　３年　　３月　定例会（第２回）,03月01日－議案質疑・討論・採決－06号,1,https://ssp.kaigiroku.net/tenant/sugito/MinuteView.html?council_id=202&schedule_id=7&is_search=true
sugito,オストメイト,平成２９年　　６月　定例会（第２回）,06月05日－一般質問－02号,1,https://ssp.kaigiroku.net/tenant/sugito/MinuteView.html?council_id=83&schedule_id=3&is_search=true
choshi,オストメイト,令和　４年　１２月　定例会,12月12日－05号,1,https://ssp.kaigiroku.net/tenant/choshi/MinuteView.html?council_id=129&schedule_id=6&is_search=true
tateyama,ストーマ,令和　７年　　９月　定例会（第３回）,09月05日－03号,3,https://ssp.kaigiroku.net/tenant/tateyama/MinuteView.html?council_id=274&schedule_id=4&is_search=true
tateyama,オストメイト,令和　７年　　９月　定例会（第３回）,09月05日－03号,3,https://ssp.kaigiroku.net/tenant/tateyama/MinuteView.html?council_id=274&schedule_id=4&is_search=true
matsudo,ストーマ,令和　６年　　３月　定例会,03月25日－資料,1,
matsudo,ストーマ,令和　６年　　３月　定例会（資料）,資料,1,
matsudo,オストメイト,令和　７年　予算審査特別委員会,03月18日－02号,1,https://ssp.kaigiroku.net/tenant/matsudo/MinuteView.html?council_id=473&schedule_id=3&is_search=true
noda,ストーマ,令和　７年　　６月　定例会（第２回）,06月09日－01号,1,https://ssp.kaigiroku.net/tenant/noda/MinuteView.html?council_id=1361&schedule_id=2&is_search=true
noda,ストーマ,令和　７年　　３月　定例会（第１回）,03月21日－06号,1,https://ssp.kaigiroku.net/tenant/noda/MinuteView.html?council_id=1348&schedule_id=7&is_search=true
noda,ストーマ,令和　７年　予算審査特別委員会,03月13日－02号,1,https://ssp.kaigiroku.net/tenant/noda/MinuteView.html?council_id=1367&schedule_id=3&is_search=true
noda,ストーマ,令和　７年　　３月　定例会（第１回）,02月26日－01号,1,https://ssp.kaigiroku.net/tenant/noda/MinuteView.html?council_id=1348&schedule_id=2&is_search=true
noda,オストメイト,令和　７年　　９月　定例会（第３回）,09月10日－04号,1,https://ssp.kaigiroku.net/tenant/noda/MinuteView.html?council_id=1370&schedule_id=5&is_search=true
noda,蓄便袋,平成２７年　決算審査特別委員会,09月17日－02号,1,https://ssp.kaigiroku.net/tenant/noda/MinuteView.html?council_id=328&schedule_id=3&is_search=true
noda,蓄尿袋,平成２９年　　３月　定例会（第１回）,03月10日－04号,1,https://ssp.kaigiroku.net/tenant/noda/MinuteView.html?council_id=347&schedule_id=5&is_search=true
narita,ストーマ,平成２９年　　３月　定例会（第１回）,03月03日－04号,6,https://ssp.kaigiroku.net/tenant/narita/MinuteView.html?council_id=464&schedule_id=5&is_search=true
narita,オストメイト,平成２９年　　３月　定例会（第１回）,03月23日－資料,1,
narita,オストメイト,平成２９年　　３月　定例会（第１回）,03月03日－04号,6,https://ssp.kaigiroku.net/tenant/narita/MinuteView.html?council_id=464&schedule_id=5&is_search=true
narita,蓄便袋,平成２９年　　３月　定例会（第１回）,03月03日－04号,3,https://ssp.kaigiroku.net/tenant/narita/MinuteView.html?council_id=464&schedule_id=5&is_search=true
narita,蓄尿袋,平成２９年　　３月　定例会（第１回）,03月03日－04号,2,https://ssp.kaigiroku.net/tenant/narita/MinuteView.html?council_id=464&schedule_id=5&is_search=true
togane,ストーマ,令和　７年　　３月　定例会（第１回）,02月06日－02号,1,https://ssp.kaigiroku.net/tenant/togane/MinuteView.html?council_id=197&schedule_id=3&is_search=true
togane,オストメイト,令和　７年　　３月　定例会（第１回）,02月06日－02号,3,https://ssp.kaigiroku.net/tenant/togane/MinuteView.html?council_id=197&schedule_id=3&is_search=true
togane,蓄便袋,平成３０年　１０月　決算審査特別委員会,10月31日－02号,1,https://ssp.kaigiroku.net/tenant/togane/MinuteView.html?council_id=147&schedule_id=2&is_search=true
togane,蓄尿袋,平成３０年　１０月　決算審査特別委員会,10月31日－02号,1,https://ssp.kaigiroku.net/tenant/togane/MinuteView.html?council_id=147&schedule_id=2&is_search=true
narashino,ストーマ,平成１４年　　６月　定例会（第２回）,06月14日－03号,3,https://ssp.kaigiroku.net/tenant/narashino/MinuteView.html?council_id=54&schedule_id=4&is_search=true
narashino,オストメイト,令和　７年　　９月　定例会（第３回）,09月11日－06号,1,https://ssp.kaigiroku.net/tenant/narashino/MinuteView.html?council_id=711&schedule_id=7&is_search=true
kashiwa,ストーマ,令和　７年　　第２回定例会（６　月定例会）,06月18日－06号,1,https://ssp.kaigiroku.net/tenant/kashiwa/MinuteView.html?council_id=419&schedule_id=7&is_search=true
kashiwa,オストメイト,令和　７年　　第３回定例会（９　月定例会）,09月11日－02号,1,https://ssp.kaigiroku.net/tenant/kashiwa/MinuteView.html?council_id=423&schedule_id=3&is_search=true
kashiwa,オストメイト,令和　７年　　第１回定例会（２　月定例会）,03月11日－09号,1,https://ssp.kaigiroku.net/tenant/kashiwa/MinuteView.html?council_id=414&schedule_id=10&is_search=true
ichihara,ストーマ,令和　６年　　９月　決算審査特別委員会（教育民生分科会）,09月18日－03号,4,https://ssp.kaigiroku.net/tenant/ichihara/MinuteView.html?council_id=626&schedule_id=1&is_search=true
ichihara,ストーマ,令和　６年　　９月　定例会（第３回）,09月13日－04号,1,https://ssp.kaigiroku.net/tenant/ichihara/MinuteView.html?council_id=610&schedule_id=13&is_search=true
ichihara,オストメイト,令和　７年　　６月　定例会（第２回）,06月30日－05号,1,https://ssp.kaigiroku.net/tenant/ichihara/MinuteView.html?council_id=661&schedule_id=6&is_search=true
nagareyama,ストーマ,令和　４年　１２月　定例会（第４回）,11月29日－02号,4,https://ssp.kaigiroku.net/tenant/nagareyama/MinuteView.html?council_id=248&schedule_id=3&is_search=true
nagareyama,オストメイト,令和　６年　　予算審査特別委員会,03月07日－03号,1,https://ssp.kaigiroku.net/tenant/nagareyama/MinuteView.html?council_id=281&schedule_id=3&is_search=true
nagareyama,オストメイト,令和　６年　　都市建設常任委員会,03月04日－01号,2,https://ssp.kaigiroku.net/tenant/nagareyama/MinuteView.html?council_id=280&schedule_id=1&is_search=true
nagareyama,蓄便袋,令和　４年　１２月　定例会（第４回）,11月29日－02号,2,https://ssp.kaigiroku.net/tenant/nagareyama/MinuteView.html?council_id=248&schedule_id=3&is_search=true
nagareyama,蓄尿袋,令和　４年　１２月　定例会（第４回）,11月29日－02号,2,https://ssp.kaigiroku.net/tenant/nagareyama/MinuteView.html?council_id=248&schedule_id=3&is_search=true
yachiyo,ストーマ,令和　８年　　３月　定例会（第１回）,02月26日－03号,1,https://ssp.kaigiroku.net/tenant/yachiyo/MinuteView.html?council_id=659&schedule_id=4&is_search=true
yachiyo,オストメイト,令和　７年　　９月　定例会（第３回）,09月05日－04号,1,https://ssp.kaigiroku.net/tenant/yachiyo/MinuteView.html?council_id=645&schedule_id=5&is_search=true
yachiyo,オストメイト,令和　７年　　６月　定例会（第２回）,06月19日－04号,1,https://ssp.kaigiroku.net/tenant/yachiyo/MinuteView.html?council_id=644&schedule_id=5&is_search=true
abiko,オストメイト,令和　６年　１２月　定例会（第４回）,12月10日－03号,1,https://ssp.kaigiroku.net/tenant/abiko/MinuteView.html?council_id=1226&schedule_id=4&is_search=true
abiko,オストメイト,令和　６年　　９月　決算審査特別委員会,09月25日－03号,1,https://ssp.kaigiroku.net/tenant/abiko/MinuteView.html?council_id=1219&schedule_id=3&is_search=true
abiko,蓄便袋,平成１６年　１２月　予算審査特別委員会,12月22日－01号,1,https://ssp.kaigiroku.net/tenant/abiko/MinuteView.html?council_id=337&schedule_id=1&is_search=true
abiko,蓄尿袋,平成１６年　１２月　予算審査特別委員会,12月22日－01号,1,https://ssp.kaigiroku.net/tenant/abiko/MinuteView.html?council_id=337&schedule_id=1&is_search=true
kamagaya,ストーマ,平成２６年　　教育福祉常任委員会,12月03日－04号,1,https://ssp.kaigiroku.net/tenant/kamagaya/MinuteView.html?council_id=263&schedule_id=5&is_search=true
kamagaya,ストーマ,平成２６年　　３月　定例会（第１回）,03月07日－一般質問－03号,1,https://ssp.kaigiroku.net/tenant/kamagaya/MinuteView.html?council_id=257&schedule_id=4&is_search=true
kamagaya,オストメイト,令和　３年　　定例会（１２月会議）,12月08日－一般質問－06号,1,https://ssp.kaigiroku.net/tenant/kamagaya/MinuteView.html?council_id=345&schedule_id=7&is_search=true
kamagaya,蓄便袋,平成２０年　　９月　定例会（第３回）,09月19日－一般質問－03号,1,https://ssp.kaigiroku.net/tenant/kamagaya/MinuteView.html?council_id=186&schedule_id=4&is_search=true
kimitsu,ストーマ,平成２７年　　３月　文教民生常任委員会,03月13日－01号,1,https://ssp.kaigiroku.net/tenant/kimitsu/MinuteView.html?council_id=228&schedule_id=1&is_search=true
kimitsu,オストメイト,令和　３年　１２月　定例会（第４回）,12月01日－02号,1,https://ssp.kaigiroku.net/tenant/kimitsu/MinuteView.html?council_id=530&schedule_id=3&is_search=true
kimitsu,オストメイト,令和　３年　　３月　予算審査特別委員会,03月16日－03号,1,https://ssp.kaigiroku.net/tenant/kimitsu/MinuteView.html?council_id=539&schedule_id=4&is_search=true
kimitsu,オストメイト,令和　３年　　２月　教育福祉常任委員会,02月18日－01号,1,https://ssp.kaigiroku.net/tenant/kimitsu/MinuteView.html?council_id=536&schedule_id=1&is_search=true
urayasu,ストーマ,令和　５年　教育・民生常任委員会,03月08日－01号,2,https://ssp.kaigiroku.net/tenant/urayasu/MinuteView.html?council_id=1295&schedule_id=2&is_search=true
urayasu,オストメイト,令和　７年　　２月　定例会（第１回）,02月21日－03号,1,https://ssp.kaigiroku.net/tenant/urayasu/MinuteView.html?council_id=1279&schedule_id=4&is_search=true
urayasu,オストメイト,令和　７年　都市・経済常任委員会,02月13日－01号,3,https://ssp.kaigiroku.net/tenant/urayasu/MinuteView.html?council_id=1282&schedule_id=3&is_search=true
yotsukaido,ストーマ,令和　３年　　９月　定例会（第３回）,09月10日－05号,5,https://ssp.kaigiroku.net/tenant/yotsukaido/MinuteView.html?council_id=192&schedule_id=6&is_search=true
yotsukaido,ストーマ,令和　３年　　一般質問通告一覧表,９月定例会,1,
yotsukaido,オストメイト,令和　５年　　９月　定例会（第３回）,09月07日－03号,1,https://ssp.kaigiroku.net/tenant/yotsukaido/MinuteView.html?council_id=229&schedule_id=4&is_search=true
yotsukaido,オストメイト,令和　５年　　教育民生常任委員会,06月13日－03号,1,https://ssp.kaigiroku.net/tenant/yotsukaido/MinuteView.html?council_id=224&schedule_id=4&is_search=true
yotsukaido,蓄便袋,平成３１年　　予算審査特別委員会,03月13日－03号,1,https://ssp.kaigiroku.net/tenant/yotsukaido/MinuteView.html?council_id=129&schedule_id=4&is_search=true
sodegaura,ストーマ,平成２３年　第３回　定例会（６月招集）,06月14日－02号,5,https://ssp.kaigiroku.net/tenant/sodegaura/MinuteView.html?council_id=99&schedule_id=3&is_search=true
sodegaura,オストメイト,令和　７年　第２回　定例会（６月招集）,06月17日－03号,1,https://ssp.kaigiroku.net/tenant/sodegaura/MinuteView.html?council_id=751&schedule_id=4&is_search=true
inzai,ストーマ,平成２９年　　第４回定例会（１２月定例会）,12月05日－一般質問－04号,1,https://ssp.kaigiroku.net/tenant/inzai/MinuteView.html?council_id=399&schedule_id=5&is_search=true
inzai,ストーマ,平成２９年　　第１回定例会（　３月定例会）,02月17日－一般質問－02号,1,https://ssp.kaigiroku.net/tenant/inzai/MinuteView.html?council_id=396&schedule_id=3&is_search=true
inzai,オストメイト,令和　７年　　第２回定例会（　６月定例会）,06月10日－05号,1,https://ssp.kaigiroku.net/tenant/inzai/MinuteView.html?council_id=1134&schedule_id=6&is_search=true
inzai,オストメイト,令和　７年　　第１回定例会（　３月定例会）,02月19日－03号,1,https://ssp.kaigiroku.net/tenant/inzai/MinuteView.html?council_id=1117&schedule_id=4&is_search=true
tomisato,オストメイト,平成３０年　　３月　定例会（第１回）,02月16日－01号,1,https://ssp.kaigiroku.net/tenant/tomisato/MinuteView.html?council_id=75&schedule_id=2&is_search=true
sosa,ストーマ,平成２８年　　９月　定例会,09月07日－02号,2,https://ssp.kaigiroku.net/tenant/sosa/MinuteView.html?council_id=55&schedule_id=3&is_search=true
sosa,オストメイト,平成２２年　　９月　定例会,09月08日－03号,2,https://ssp.kaigiroku.net/tenant/sosa/MinuteView.html?council_id=23&schedule_id=4&is_search=true
katori,ストーマ,平成２１年　　９月　定例会,09月04日－02号,1,https://ssp.kaigiroku.net/tenant/katori/MinuteView.html?council_id=17&schedule_id=3&is_search=true
katori,オストメイト,平成２２年　　３月　定例会,02月26日－02号,1,https://ssp.kaigiroku.net/tenant/katori/MinuteView.html?council_id=24&schedule_id=3&is_search=true
katori,蓄便袋,平成２７年　１２月　定例会,12月09日－03号,1,https://ssp.kaigiroku.net/tenant/katori/MinuteView.html?council_id=57&schedule_id=4&is_search=true
katori,蓄尿袋,平成２７年　１２月　定例会,12月09日－03号,1,https://ssp.kaigiroku.net/tenant/katori/MinuteView.html?council_id=57&schedule_id=4&is_search=true
isumi,ストーマ,令和　７年　　３月　定例会（第１回）,02月26日－02号,2,https://ssp.kaigiroku.net/tenant/isumi/MinuteView.html?council_id=108&schedule_id=3&is_search=true
isumi,オストメイト,令和　７年　　９月　定例会（第３回）,08月28日－02号,1,https://ssp.kaigiroku.net/tenant/isumi/MinuteView.html?council_id=110&schedule_id=3&is_search=true
isumi,オストメイト,令和　７年　　３月　定例会（第１回）,02月26日－02号,6,https://ssp.kaigiroku.net/tenant/isumi/MinuteView.html?council_id=108&schedule_id=3&is_search=true
isumi,蓄便袋,令和　７年　　３月　定例会（第１回）,02月26日－02号,3,https://ssp.kaigiroku.net/tenant/isumi/MinuteView.html?council_id=108&schedule_id=3&is_search=true
isumi,蓄尿袋,令和　４年　１２月　定例会（第４回）,12月22日－03号,1,https://ssp.kaigiroku.net/tenant/isumi/MinuteView.html?council_id=95&schedule_id=4&is_search=true
shibayama,オストメイト,令和　６年　　６月　定例会（第２回）,06月18日－03号,2,https://ssp.kaigiroku.net/tenant/shibayama/MinuteView.html?council_id=50&schedule_id=3&is_search=true
shinjuku,ストーマ,令和　５年　　９月　決算特別委員会,09月28日－05号,1,https://ssp.kaigiroku.net/tenant/shinjuku/MinuteView.html?council_id=2926&schedule_id=6&is_search=true
shinjuku,ストーマ,令和　５年　　９月　決算特別委員会,09月26日－03号,1,https://ssp.kaigiroku.net/tenant/shinjuku/MinuteView.html?council_id=2926&schedule_id=4&is_search=true
shinjuku,ストーマ,令和　５年　　３月　予算特別委員会,03月02日－06号,1,https://ssp.kaigiroku.net/tenant/shinjuku/MinuteView.html?council_id=2876&schedule_id=7&is_search=true
shinjuku,オストメイト,令和　７年　　３月　環境建設委員会,03月24日－05号,2,https://ssp.kaigiroku.net/tenant/shinjuku/MinuteView.html?council_id=3069&schedule_id=3&is_search=true
shinjuku,オストメイト,令和　７年　　３月　予算特別委員会,02月28日－03号,1,https://ssp.kaigiroku.net/tenant/shinjuku/MinuteView.html?council_id=3076&schedule_id=4&is_search=true
sumida,ストーマ,令和　７年　定例会議会（９月）,09月10日－01号,1,https://ssp.kaigiroku.net/tenant/sumida/MinuteView.html?council_id=585&schedule_id=2&is_search=true
sumida,ストーマ,令和　７年　　予算特別委員会,03月07日－01号,5,https://ssp.kaigiroku.net/tenant/sumida/MinuteView.html?council_id=567&schedule_id=2&is_search=true
sumida,オストメイト,令和　８年　　子ども文教委員会,03月13日－01号,1,https://ssp.kaigiroku.net/tenant/sumida/MinuteView.html?council_id=598&schedule_id=1&is_search=true
shibuya,ストーマ,平成２９年　　６月　定例会（第２回）,06月08日－06号,2,https://ssp.kaigiroku.net/tenant/shibuya/MinuteView.html?council_id=1378&schedule_id=2&is_search=true
shibuya,オストメイト,令和　８年　　３月　予算特別委員会,03月19日－04号,1,https://ssp.kaigiroku.net/tenant/shibuya/MinuteView.html?council_id=2569&schedule_id=1&is_search=true
shibuya,オストメイト,令和　８年　　３月　予算特別委員会　都市環境分科会,03月10日－05号,3,https://ssp.kaigiroku.net/tenant/shibuya/MinuteView.html?council_id=2573&schedule_id=4&is_search=true
kita,ストーマ,令和　７年　　決算特別委員会,09月19日－02号,1,https://ssp.kaigiroku.net/tenant/kita/MinuteView.html?council_id=685&schedule_id=3&is_search=true
kita,ストーマ,令和　７年　　健康福祉委員会,02月28日－01号,1,https://ssp.kaigiroku.net/tenant/kita/MinuteView.html?council_id=671&schedule_id=2&is_search=true
kita,ストーマ,令和　７年　　２月　定例会（第１回）,02月21日－01号,1,https://ssp.kaigiroku.net/tenant/kita/MinuteView.html?council_id=676&schedule_id=2&is_search=true
kita,ストーマ,令和　７年　　全員協議会,02月14日－01号,1,https://ssp.kaigiroku.net/tenant/kita/MinuteView.html?council_id=665&schedule_id=2&is_search=true
kita,オストメイト,令和　８年　　全員協議会,02月16日－01号,1,https://ssp.kaigiroku.net/tenant/kita/MinuteView.html?council_id=701&schedule_id=2&is_search=true
arakawa,ストーマ,令和８年　予算に関する特別委員会,03月05日－05号,1,https://ssp.kaigiroku.net/tenant/arakawa/MinuteView.html?council_id=687&schedule_id=5&is_search=true
arakawa,オストメイト,令和８年　予算に関する特別委員会,02月27日－02号,1,https://ssp.kaigiroku.net/tenant/arakawa/MinuteView.html?council_id=687&schedule_id=2&is_search=true
arakawa,オストメイト,令和８年　予算に関する特別委員会,02月25日－01号,1,https://ssp.kaigiroku.net/tenant/arakawa/MinuteView.html?council_id=687&schedule_id=1&is_search=true
nerima,ストーマ,平成２９年　　９月１３日　総合・災害対策等特別委員会,09月13日－01号,2,https://ssp.kaigiroku.net/tenant/nerima/MinuteView.html?council_id=3179&schedule_id=1&is_search=true
nerima,オストメイト,令和　７年　　９月２５日　決算特別委員会,09月25日－07号,2,https://ssp.kaigiroku.net/tenant/nerima/MinuteView.html?council_id=5545&schedule_id=1&is_search=true
nerima,オストメイト,令和　７年　　７月２９日　都市整備委員会,07月29日－01号,2,https://ssp.kaigiroku.net/tenant/nerima/MinuteView.html?council_id=5517&schedule_id=1&is_search=true
nerima,蓄便袋,令和　６年　　２月２２日　予算特別委員会,02月22日－05号,1,https://ssp.kaigiroku.net/tenant/nerima/MinuteView.html?council_id=5199&schedule_id=1&is_search=true
tachikawa,ストーマ,令和　６年　　６月　定例会（第２回）,06月10日－11号,1,https://ssp.kaigiroku.net/tenant/tachikawa/MinuteView.html?council_id=2651&schedule_id=5&is_search=true
tachikawa,オストメイト,令和　８年　　５月　文教委員会,05月22日－01号,1,https://ssp.kaigiroku.net/tenant/tachikawa/MinuteView.html?council_id=2805&schedule_id=1&is_search=true
tachikawa,蓄便袋,平成２７年　１２月　定例会（第４回）,12月03日－23号,1,https://ssp.kaigiroku.net/tenant/tachikawa/MinuteView.html?council_id=1035&schedule_id=4&is_search=true
tachikawa,蓄尿袋,平成２７年　１２月　定例会（第４回）,12月03日－23号,1,https://ssp.kaigiroku.net/tenant/tachikawa/MinuteView.html?council_id=1035&schedule_id=4&is_search=true
ome,ストーマ,平成２９年定例会　１２月　定例議会,12月01日－11号,3,https://ssp.kaigiroku.net/tenant/ome/MinuteView.html?council_id=1042&schedule_id=2&is_search=true
ome,オストメイト,令和８年　予算決算委員会,03月16日－03号,1,https://ssp.kaigiroku.net/tenant/ome/MinuteView.html?council_id=1300&schedule_id=3&is_search=true
akishima,ストーマ,令和　８年　　３月　定例会（第１回）,03月03日－03号,2,https://ssp.kaigiroku.net/tenant/akishima/MinuteView.html?council_id=2335&schedule_id=6&is_search=true
akishima,オストメイト,令和　８年　　３月　定例会（第１回）,03月03日－03号,1,https://ssp.kaigiroku.net/tenant/akishima/MinuteView.html?council_id=2335&schedule_id=6&is_search=true
akishima,蓄尿袋,平成１２年　　９月　定例会（第３回）,09月01日－02号,1,https://ssp.kaigiroku.net/tenant/akishima/MinuteView.html?council_id=415&schedule_id=4&is_search=true
kodaira,ストーマ,令和　７年　　６月　定例会,06月06日－04号,6,https://ssp.kaigiroku.net/tenant/kodaira/MinuteView.html?council_id=1554&schedule_id=5&is_search=true
kodaira,ストーマ,令和　７年　　６月　定例会,06月04日－02号,1,https://ssp.kaigiroku.net/tenant/kodaira/MinuteView.html?council_id=1554&schedule_id=3&is_search=true
kodaira,オストメイト,令和　８年　　６月　定例会,06月05日－04号,1,https://ssp.kaigiroku.net/tenant/kodaira/MinuteView.html?council_id=1632&schedule_id=5&is_search=true
kiyose,ストーマ,令和　２年　　９月　定例会（第３回）,09月28日－05号,1,https://ssp.kaigiroku.net/tenant/kiyose/MinuteView.html?council_id=400&schedule_id=6&is_search=true
kiyose,ストーマ,令和　２年　　９月　福祉保健常任委員会,09月11日－01号,1,https://ssp.kaigiroku.net/tenant/kiyose/MinuteView.html?council_id=397&schedule_id=1&is_search=true
kiyose,オストメイト,令和　４年　　６月　総務文教常任委員会,06月15日－01号,1,https://ssp.kaigiroku.net/tenant/kiyose/MinuteView.html?council_id=450&schedule_id=1&is_search=true
kiyose,オストメイト,令和　４年　　６月　定例会（第２回）,06月07日－01号,3,https://ssp.kaigiroku.net/tenant/kiyose/MinuteView.html?council_id=447&schedule_id=2&is_search=true
kiyose,蓄便袋,令和　２年　　９月　福祉保健常任委員会,09月11日－01号,1,https://ssp.kaigiroku.net/tenant/kiyose/MinuteView.html?council_id=397&schedule_id=1&is_search=true
kiyose,蓄尿袋,令和　２年　　９月　福祉保健常任委員会,09月11日－01号,1,https://ssp.kaigiroku.net/tenant/kiyose/MinuteView.html?council_id=397&schedule_id=1&is_search=true
musashimurayama,ストーマ,令和　５年　１２月　定例会（第４回）,12月06日－21号,1,https://ssp.kaigiroku.net/tenant/musashimurayama/MinuteView.html?council_id=1243&schedule_id=3&is_search=true
musashimurayama,オストメイト,令和　８年　　６月　定例会（第２回）,06月12日－03号,1,https://ssp.kaigiroku.net/tenant/musashimurayama/MinuteView.html?council_id=1336&schedule_id=4&is_search=true
mizuho,ストーマ,令和　元年　１２月　定例会（第４回）,12月02日－01号,1,https://ssp.kaigiroku.net/tenant/mizuho/MinuteView.html?council_id=240&schedule_id=1&is_search=true
mizuho,オストメイト,令和　７年　　９月　定例会（第３回）,09月02日－02号,1,https://ssp.kaigiroku.net/tenant/mizuho/MinuteView.html?council_id=319&schedule_id=2&is_search=true
mizuho,オストメイト,令和　７年　　予算特別委員会,03月13日－03号,1,https://ssp.kaigiroku.net/tenant/mizuho/MinuteView.html?council_id=308&schedule_id=3&is_search=true
mizuho,蓄便袋,平成１８年　１２月　定例会（第４回）,12月08日－03号,1,https://ssp.kaigiroku.net/tenant/mizuho/MinuteView.html?council_id=43&schedule_id=3&is_search=true
prefkanagawa,ストーマ,令和　２年　第一回　定例会,03月25日－09号,1,https://ssp.kaigiroku.net/tenant/prefkanagawa/MinuteView.html?council_id=311&schedule_id=9&is_search=true
prefkanagawa,ストーマ,令和　２年　　国際文化観光・スポーツ常任委員会,03月18日－01号,1,https://ssp.kaigiroku.net/tenant/prefkanagawa/MinuteView.html?council_id=321&schedule_id=5&is_search=true
prefkanagawa,ストーマ,令和　２年　　国際文化観光・スポーツ常任委員会,03月05日－01号,1,https://ssp.kaigiroku.net/tenant/prefkanagawa/MinuteView.html?council_id=321&schedule_id=4&is_search=true
prefkanagawa,オストメイト,令和　７年　　文化スポーツ観光常任委員会,03月06日－01号,1,https://ssp.kaigiroku.net/tenant/prefkanagawa/MinuteView.html?council_id=449&schedule_id=4&is_search=true
sagamihara,ストーマ,令和　４年　１２月定例会議,12月19日－04号,2,https://ssp.kaigiroku.net/tenant/sagamihara/MinuteView.html?council_id=732&schedule_id=5&is_search=true
sagamihara,オストメイト,令和　８年　　２月　民生委員会,02月17日－01号,2,https://ssp.kaigiroku.net/tenant/sagamihara/MinuteView.html?council_id=1027&schedule_id=1&is_search=true
yokosuka,ストーマ,令和　８年　　３月定例議会　環境教育常任委員会・予算決算常任委員会環境教育分科会,03月05日－02号,2,https://ssp.kaigiroku.net/tenant/yokosuka/MinuteView.html?council_id=1809&schedule_id=2&is_search=true
yokosuka,オストメイト,令和　８年　　３月定例議会　環境教育常任委員会・予算決算常任委員会環境教育分科会,03月05日－02号,1,https://ssp.kaigiroku.net/tenant/yokosuka/MinuteView.html?council_id=1809&schedule_id=2&is_search=true
yokosuka,オストメイト,令和　８年　　３月定例議会　総務常任委員会・予算決算常任委員会総務分科会,03月05日－03号,1,https://ssp.kaigiroku.net/tenant/yokosuka/MinuteView.html?council_id=1810&schedule_id=3&is_search=true
odawara,ストーマ,令和　３年　　２月　厚生文教常任委員会,02月09日－01号,1,https://ssp.kaigiroku.net/tenant/odawara/MinuteView.html?council_id=584&schedule_id=1&is_search=true
odawara,オストメイト,令和　３年　　９月　定例会,09月16日－04号,1,https://ssp.kaigiroku.net/tenant/odawara/MinuteView.html?council_id=615&schedule_id=4&is_search=true
zushi,ストーマ,平成１４年　　９月　定例会（第３回）,10月11日－06号,1,https://ssp.kaigiroku.net/tenant/zushi/MinuteView.html?council_id=492&schedule_id=7&is_search=true
zushi,オストメイト,令和　７年　１２月　定例会（第４回）,12月11日－03号,1,https://ssp.kaigiroku.net/tenant/zushi/MinuteView.html?council_id=1593&schedule_id=4&is_search=true
ayase,ストーマ,市民福祉常任委員会（令和７年）,09月05日－05号,1,https://ssp.kaigiroku.net/tenant/ayase/MinuteView.html?council_id=278&schedule_id=5&is_search=true
ayase,ストーマ,市民福祉常任委員会（令和７年）,03月03日－01号,1,https://ssp.kaigiroku.net/tenant/ayase/MinuteView.html?council_id=278&schedule_id=1&is_search=true
ayase,オストメイト,令和５年３月定例会,03月17日－04号,1,https://ssp.kaigiroku.net/tenant/ayase/MinuteView.html?council_id=256&schedule_id=5&is_search=true
aikawa,ストーマ,令和　２年　　９月　定例会（第３回）,09月24日－06号,1,https://ssp.kaigiroku.net/tenant/aikawa/MinuteView.html?council_id=259&schedule_id=7&is_search=true
aikawa,ストーマ,令和　２年　　９月　教育民生常任委員会,09月16日－01号,6,https://ssp.kaigiroku.net/tenant/aikawa/MinuteView.html?council_id=267&schedule_id=1&is_search=true
aikawa,オストメイト,令和　２年　　９月　教育民生常任委員会,09月16日－01号,1,https://ssp.kaigiroku.net/tenant/aikawa/MinuteView.html?council_id=267&schedule_id=1&is_search=true
aikawa,蓄便袋,平成１８年　　９月　定例会（第３回）,09月06日－02号,1,https://ssp.kaigiroku.net/tenant/aikawa/MinuteView.html?council_id=47&schedule_id=3&is_search=true
aikawa,蓄尿袋,平成１３年　１２月　定例会（第４回）,12月11日－02号,1,https://ssp.kaigiroku.net/tenant/aikawa/MinuteView.html?council_id=16&schedule_id=3&is_search=true
prefniigata,オストメイト,令和　５年　　９月定例会　厚生環境委員会,10月04日－02号,1,https://ssp.kaigiroku.net/tenant/prefniigata/MinuteView.html?council_id=1078&schedule_id=3&is_search=true
tokamachi,オストメイト,平成２１年　　９月　定例会（第３回）,09月03日－議案説明、質疑－01号,1,https://ssp.kaigiroku.net/tenant/tokamachi/MinuteView.html?council_id=27&schedule_id=2&is_search=true
mitsuke,ストーマ,令和　６年　第３回（６月）定例会,06月20日－一般質問－04号,1,https://ssp.kaigiroku.net/tenant/mitsuke/MinuteView.html?council_id=367&schedule_id=5&is_search=true
mitsuke,オストメイト,平成１６年　総務文教委員会,03月15日－01号,2,https://ssp.kaigiroku.net/tenant/mitsuke/MinuteView.html?council_id=56&schedule_id=2&is_search=true
tsubame,ストーマ,令和　８年　　３月　定例会（第１回）,03月04日－議案説明・質疑・一般質問－01号,1,https://ssp.kaigiroku.net/tenant/tsubame/MinuteView.html?council_id=262&schedule_id=2&is_search=true
tsubame,オストメイト,令和　４年　　６月　定例会（第２回）,06月14日－議案説明・質疑・一般質問－01号,1,https://ssp.kaigiroku.net/tenant/tsubame/MinuteView.html?council_id=218&schedule_id=2&is_search=true
myoko,ストーマ,令和　８年　　３月定例会（第２回）,03月18日－03号,3,https://ssp.kaigiroku.net/tenant/myoko/MinuteView.html?council_id=141&schedule_id=4&is_search=true
gosen,ストーマ,平成２３年　１２月　定例会（第１１回）,12月09日－一般質問、議案説明、質疑－03号,1,https://ssp.kaigiroku.net/tenant/gosen/MinuteView.html?council_id=47&schedule_id=3&is_search=true
gosen,オストメイト,平成２０年　　３月　定例会（第２回）,03月25日－委員長報告、討論、採決－05号,1,https://ssp.kaigiroku.net/tenant/gosen/MinuteView.html?council_id=18&schedule_id=5&is_search=true
gosen,オストメイト,平成２０年　　３月　定例会（第２回）,03月06日－議案説明、質疑、討論、採決、一般質問－01号,1,https://ssp.kaigiroku.net/tenant/gosen/MinuteView.html?council_id=18&schedule_id=1&is_search=true
joetsu,ストーマ,令和　２年　　災害対策特別委員会,06月05日－02号,1,https://ssp.kaigiroku.net/tenant/joetsu/MinuteView.html?council_id=274&schedule_id=2&is_search=true
joetsu,オストメイト,令和　８年　　第２回（３月）定例会,03月24日－06号,1,https://ssp.kaigiroku.net/tenant/joetsu/MinuteView.html?council_id=393&schedule_id=7&is_search=true
joetsu,オストメイト,令和　８年　　総務常任委員会,03月12日－04号,2,https://ssp.kaigiroku.net/tenant/joetsu/MinuteView.html?council_id=391&schedule_id=4&is_search=true
aga,ストーマ,令和　４年　　３月　予算審査特別委員会,03月15日－03号,1,https://ssp.kaigiroku.net/tenant/aga/MinuteView.html?council_id=257&schedule_id=4&is_search=true
nanto,オストメイト,平成２１年　　６月　定例会（第３回）,06月15日－02号,2,https://ssp.kaigiroku.net/tenant/nanto/MinuteView.html?council_id=29&schedule_id=3&is_search=true
imizu,オストメイト,令和　４年　１２月　定例会,12月13日－04号,1,https://ssp.kaigiroku.net/tenant/imizu/MinuteView.html?council_id=95&schedule_id=5&is_search=true
imizu,オストメイト,令和　４年　　９月　定例会,09月08日－03号,1,https://ssp.kaigiroku.net/tenant/imizu/MinuteView.html?council_id=93&schedule_id=4&is_search=true
kanazawa,ストーマ,令和　７年　１２月　定例月議会,12月11日－03号,3,https://ssp.kaigiroku.net/tenant/kanazawa/MinuteView.html?council_id=3107&schedule_id=4&is_search=true
kanazawa,オストメイト,令和　８年　　４月　文教消防常任委員会,04月27日－01号,1,https://ssp.kaigiroku.net/tenant/kanazawa/MinuteView.html?council_id=3154&schedule_id=1&is_search=true
nanao,ストーマ,平成１５年　　６月　定例会（第２回）,06月17日－03号,1,https://ssp.kaigiroku.net/tenant/nanao/MinuteView.html?council_id=8&schedule_id=4&is_search=true
nanao,オストメイト,平成２６年　　６月　定例会（第２回）,06月17日－03号,1,https://ssp.kaigiroku.net/tenant/nanao/MinuteView.html?council_id=82&schedule_id=4&is_search=true
nanao,蓄尿袋,平成１５年　　６月　定例会（第２回）,06月17日－03号,1,https://ssp.kaigiroku.net/tenant/nanao/MinuteView.html?council_id=8&schedule_id=4&is_search=true
wajima,オストメイト,令和　１年　　９月　定例会（第２回）,09月11日－03号,1,https://ssp.kaigiroku.net/tenant/wajima/MinuteView.html?council_id=127&schedule_id=4&is_search=true
wajima,蓄便袋,平成２６年　　６月　定例会（第２回）,06月17日－02号,1,https://ssp.kaigiroku.net/tenant/wajima/MinuteView.html?council_id=97&schedule_id=3&is_search=true
wajima,蓄尿袋,平成１９年　　３月　定例会（第１回）,03月13日－03号,1,https://ssp.kaigiroku.net/tenant/wajima/MinuteView.html?council_id=51&schedule_id=4&is_search=true
kaga,オストメイト,令和　８年　　６月　定例会,06月19日－03号,1,https://ssp.kaigiroku.net/tenant/kaga/MinuteView.html?council_id=236&schedule_id=4&is_search=true
hakusan,オストメイト,令和　３年　　８月会議,09月08日－02号,1,https://ssp.kaigiroku.net/tenant/hakusan/MinuteView.html?council_id=189&schedule_id=3&is_search=true
nonoichi,ストーマ,令和　５年　　９月　定例会（第４回）,09月12日－02号,5,https://ssp.kaigiroku.net/tenant/nonoichi/MinuteView.html?council_id=377&schedule_id=3&is_search=true
nonoichi,オストメイト,令和　６年　　９月　教育福祉常任委員会,09月18日－01号,2,https://ssp.kaigiroku.net/tenant/nonoichi/MinuteView.html?council_id=424&schedule_id=1&is_search=true
nonoichi,蓄便袋,令和　５年　　９月　定例会（第４回）,09月12日－02号,1,https://ssp.kaigiroku.net/tenant/nonoichi/MinuteView.html?council_id=377&schedule_id=3&is_search=true
nonoichi,蓄尿袋,令和　５年　　９月　定例会（第４回）,09月12日－02号,1,https://ssp.kaigiroku.net/tenant/nonoichi/MinuteView.html?council_id=377&schedule_id=3&is_search=true
fukui,オストメイト,令和　７年　９月定例会,09月08日－02号,1,https://ssp.kaigiroku.net/tenant/fukui/MinuteView.html?council_id=1338&schedule_id=3&is_search=true
obama,ストーマ,平成１７年　　３月　定例会（第１回）,03月14日－03号,2,https://ssp.kaigiroku.net/tenant/obama/MinuteView.html?council_id=22&schedule_id=4&is_search=true
obama,オストメイト,令和　７年　　３月　定例会（第１回）,03月17日－03号,1,https://ssp.kaigiroku.net/tenant/obama/MinuteView.html?council_id=124&schedule_id=4&is_search=true
ohi,蓄便袋,令和　６年　３月定例会議,03月12日－02号,1,https://ssp.kaigiroku.net/tenant/ohi/MinuteView.html?council_id=135&schedule_id=2&is_search=true
tsuru,ストーマ,令和　３年　　９月　決算特別委員会,09月17日－02号,2,https://ssp.kaigiroku.net/tenant/tsuru/MinuteView.html?council_id=214&schedule_id=2&is_search=true
tsuru,オストメイト,令和　２年　　３月　予算特別委員会,03月16日－02号,4,https://ssp.kaigiroku.net/tenant/tsuru/MinuteView.html?council_id=189&schedule_id=2&is_search=true
yamanashi,オストメイト,平成２７年　　９月　定例会,09月02日－01号,1,https://ssp.kaigiroku.net/tenant/yamanashi/MinuteView.html?council_id=58&schedule_id=2&is_search=true
nirasaki,オストメイト,平成２３年　　６月　定例会（第２回）,06月21日－03号,2,https://ssp.kaigiroku.net/tenant/nirasaki/MinuteView.html?council_id=65&schedule_id=4&is_search=true
kai,オストメイト,平成２３年　　９月　定例会（第３回）,09月30日－06号,1,https://ssp.kaigiroku.net/tenant/kai/MinuteView.html?council_id=44&schedule_id=7&is_search=true
chuo,ストーマ,平成３０年　　３月　定例会（第１回）,03月01日－02号,1,https://ssp.kaigiroku.net/tenant/chuo/MinuteView.html?council_id=74&schedule_id=3&is_search=true
chuo,オストメイト,平成３１年　　３月　定例会（第１回）,03月19日－03号,1,https://ssp.kaigiroku.net/tenant/chuo/MinuteView.html?council_id=81&schedule_id=4&is_search=true
showa,オストメイト,平成２０年　　３月　定例会（第１回）,03月10日－01号,1,https://ssp.kaigiroku.net/tenant/showa/MinuteView.html?council_id=8&schedule_id=1&is_search=true
nagano,ストーマ,令和　７年　　３月１８日　福祉環境委員会,03月18日－06号,1,https://ssp.kaigiroku.net/tenant/nagano/MinuteView.html?council_id=1563&schedule_id=1&is_search=true
nagano,オストメイト,令和　５年　　３月　定例会,03月02日－03号,1,https://ssp.kaigiroku.net/tenant/nagano/MinuteView.html?council_id=1257&schedule_id=4&is_search=true
matsumoto,ストーマ,令和　４年　　９月　定例会,09月13日－03号,2,https://ssp.kaigiroku.net/tenant/matsumoto/MinuteView.html?council_id=3129&schedule_id=4&is_search=true
matsumoto,オストメイト,令和　７年　　３月　総務委員会,03月06日－01号,1,https://ssp.kaigiroku.net/tenant/matsumoto/MinuteView.html?council_id=90449&schedule_id=1&is_search=true
matsumoto,蓄便袋,平成　３年　　９月　定例会,09月17日－02号,1,https://ssp.kaigiroku.net/tenant/matsumoto/MinuteView.html?council_id=16&schedule_id=3&is_search=true
matsumoto,蓄尿袋,平成　３年　　９月　定例会,09月17日－02号,1,https://ssp.kaigiroku.net/tenant/matsumoto/MinuteView.html?council_id=16&schedule_id=3&is_search=true
ueda,ストーマ,令和　７年　１２月　定例会（第４回）,12月02日－一般質問－03号,3,https://ssp.kaigiroku.net/tenant/ueda/MinuteView.html?council_id=228&schedule_id=4&is_search=true
ueda,オストメイト,令和　７年　１２月　定例会（第４回）,12月02日－一般質問－03号,1,https://ssp.kaigiroku.net/tenant/ueda/MinuteView.html?council_id=228&schedule_id=4&is_search=true
okaya,ストーマ,平成１４年　　６月　定例会（第３回）,06月12日－02号,2,https://ssp.kaigiroku.net/tenant/okaya/MinuteView.html?council_id=82&schedule_id=3&is_search=true
okaya,オストメイト,平成２３年　　３月　定例会（第２回）,03月02日－04号,1,https://ssp.kaigiroku.net/tenant/okaya/MinuteView.html?council_id=146&schedule_id=5&is_search=true
iida,ストーマ,令和　６年　１２月　予算決算委員会社会文教分科会,12月16日－01号,1,https://ssp.kaigiroku.net/tenant/iida/MinuteView.html?council_id=2437&schedule_id=1&is_search=true
iida,オストメイト,令和　３年　　６月　定例会（第２回）,06月16日－03号,1,https://ssp.kaigiroku.net/tenant/iida/MinuteView.html?council_id=2051&schedule_id=4&is_search=true
iida,蓄便袋,平成　４年　１２月　社会委員会,12月14日－08号,1,https://ssp.kaigiroku.net/tenant/iida/MinuteView.html?council_id=67&schedule_id=1&is_search=true
iida,蓄便袋,平成　４年　　９月　社会委員会,09月10日－05号,1,https://ssp.kaigiroku.net/tenant/iida/MinuteView.html?council_id=64&schedule_id=1&is_search=true
iida,蓄便袋,平成　４年　　６月　社会委員会,06月18日－03号,1,https://ssp.kaigiroku.net/tenant/iida/MinuteView.html?council_id=62&schedule_id=1&is_search=true
iida,蓄尿袋,平成　４年　　９月　社会委員会,09月10日－05号,1,https://ssp.kaigiroku.net/tenant/iida/MinuteView.html?council_id=64&schedule_id=1&is_search=true
iida,蓄尿袋,平成　４年　　６月　社会委員会,06月18日－03号,2,https://ssp.kaigiroku.net/tenant/iida/MinuteView.html?council_id=62&schedule_id=1&is_search=true
suzaka,オストメイト,平成２６年　　９月　定例会,09月12日－05号,1,https://ssp.kaigiroku.net/tenant/suzaka/MinuteView.html?council_id=165&schedule_id=6&is_search=true
komoro,ストーマ,平成１８年　　３月　定例会（第１回）,03月08日－02号,2,https://ssp.kaigiroku.net/tenant/komoro/MinuteView.html?council_id=20&schedule_id=3&is_search=true
komoro,オストメイト,平成２０年　１２月　定例会（第７回）,11月25日－01号,1,https://ssp.kaigiroku.net/tenant/komoro/MinuteView.html?council_id=35&schedule_id=2&is_search=true
ina,ストーマ,令和　５年　　９月　決算特別委員会,09月11日－02号,1,https://ssp.kaigiroku.net/tenant/ina/MinuteView.html?council_id=772&schedule_id=4&is_search=true
komagane,オストメイト,令和　６年１２月　定例会（第４回）,12月11日－02号,1,https://ssp.kaigiroku.net/tenant/komagane/MinuteView.html?council_id=150&schedule_id=3&is_search=true
nakano,オストメイト,平成２３年　　３月　定例会（第３回）,03月07日－02号,1,https://ssp.kaigiroku.net/tenant/nakano/MinuteView.html?council_id=126&schedule_id=3&is_search=true
nakano,蓄尿袋,平成２０年　　３月　定例会（第１回）,03月10日－02号,1,https://ssp.kaigiroku.net/tenant/nakano/MinuteView.html?council_id=109&schedule_id=3&is_search=true
omachi,ストーマ,令和　７年　　９月　定例会,09月05日－05号,1,https://ssp.kaigiroku.net/tenant/omachi/MinuteView.html?council_id=171&schedule_id=5&is_search=true
omachi,オストメイト,令和　７年　　９月　定例会,09月05日－05号,15,https://ssp.kaigiroku.net/tenant/omachi/MinuteView.html?council_id=171&schedule_id=5&is_search=true
chino,ストーマ,令和　１年　　６月　定例会,06月14日－04号,1,https://ssp.kaigiroku.net/tenant/chino/MinuteView.html?council_id=133&schedule_id=5&is_search=true
chino,オストメイト,令和　１年　　６月　定例会,06月14日－04号,2,https://ssp.kaigiroku.net/tenant/chino/MinuteView.html?council_id=133&schedule_id=5&is_search=true
shiojiri,ストーマ,令和　４年　　３月　予算決算常任委員会,03月14日－02号,1,https://ssp.kaigiroku.net/tenant/shiojiri/MinuteView.html?council_id=156&schedule_id=2&is_search=true
shiojiri,オストメイト,令和　７年　　３月　予算決算常任委員会,03月12日－04号,1,https://ssp.kaigiroku.net/tenant/shiojiri/MinuteView.html?council_id=243&schedule_id=3&is_search=true
saku,ストーマ,令和　６年　　６月　定例会（第２回）,06月20日－04号,1,https://ssp.kaigiroku.net/tenant/saku/MinuteView.html?council_id=277&schedule_id=5&is_search=true
saku,オストメイト,令和　１年　　９月　定例会（第３回）,09月09日－03号,1,https://ssp.kaigiroku.net/tenant/saku/MinuteView.html?council_id=225&schedule_id=4&is_search=true
chikuma,オストメイト,平成２２年　　３月　定例会（第２回）,03月11日－05号,1,https://ssp.kaigiroku.net/tenant/chikuma/MinuteView.html?council_id=34&schedule_id=6&is_search=true
chikuma,オストメイト,平成２２年　　３月　定例会（第２回）,03月01日－01号,1,https://ssp.kaigiroku.net/tenant/chikuma/MinuteView.html?council_id=34&schedule_id=2&is_search=true
tomi,オストメイト,令和　７年　　９月　定例会,09月05日－02号,2,https://ssp.kaigiroku.net/tenant/tomi/MinuteView.html?council_id=118&schedule_id=2&is_search=true
tomi,蓄便袋,平成２４年　　３月　定例会（第１回）,03月06日－03号,1,https://ssp.kaigiroku.net/tenant/tomi/MinuteView.html?council_id=46&schedule_id=3&is_search=true
azumino,オストメイト,令和　８年　　３月　総務環境委員会,03月10日－01号,1,https://ssp.kaigiroku.net/tenant/azumino/MinuteView.html?council_id=453&schedule_id=1&is_search=true
sakuho,オストメイト,平成２７年　１２月　定例会（第７回）,12月09日－03号,2,https://ssp.kaigiroku.net/tenant/sakuho/MinuteView.html?council_id=24&schedule_id=3&is_search=true
karuizawa,ストーマ,令和　３年　１２月　第１回定例会（１２月会議）,12月06日－02号,1,https://ssp.kaigiroku.net/tenant/karuizawa/MinuteView.html?council_id=1186&schedule_id=3&is_search=true
karuizawa,オストメイト,令和　７年　　３月　第１回定例会（３月会議）,03月03日－02号,1,https://ssp.kaigiroku.net/tenant/karuizawa/MinuteView.html?council_id=1437&schedule_id=15&is_search=true
minowa,ストーマ,令和　７年　３月定例会,03月10日－02号,1,https://ssp.kaigiroku.net/tenant/minowa/MinuteView.html?council_id=266&schedule_id=2&is_search=true
minowa,オストメイト,平成２１年　６月臨時会,06月30日－01号,2,https://ssp.kaigiroku.net/tenant/minowa/MinuteView.html?council_id=119&schedule_id=1&is_search=true
prefgifu,オストメイト,令和　７年　　６月　定例会（第３回）,07月04日－04号,1,https://ssp.kaigiroku.net/tenant/prefgifu/MinuteView.html?council_id=1040&schedule_id=5&is_search=true
takayama,ストーマ,令和８年　予算決算特別委員会,03月16日－01号,2,https://ssp.kaigiroku.net/tenant/takayama/MinuteView.html?council_id=399&schedule_id=1&is_search=true
takayama,オストメイト,令和４年　産業建設委員会,03月17日－05号,1,https://ssp.kaigiroku.net/tenant/takayama/MinuteView.html?council_id=341&schedule_id=5&is_search=true
takayama,蓄便袋,平成１５年　　９月　定例会（第４回）,09月10日－03号,1,https://ssp.kaigiroku.net/tenant/takayama/MinuteView.html?council_id=83&schedule_id=3&is_search=true
tajimi,オストメイト,平成２４年　　７月　駅北地区公共公益施設建設特別委員会協議会,07月19日,1,https://ssp.kaigiroku.net/tenant/tajimi/MinuteView.html?council_id=673&schedule_id=1&is_search=true
seki,ストーマ,平成28年第２回定例会会議録,06月15日－09号,1,https://ssp.kaigiroku.net/tenant/seki/MinuteView.html?council_id=211&schedule_id=4&is_search=true
seki,オストメイト,令和　６年　　３月　新年度予算特別委員会,03月14日－03号,1,https://ssp.kaigiroku.net/tenant/seki/MinuteView.html?council_id=606&schedule_id=3&is_search=true
nakatsugawa,ストーマ,平成１９年第５回定例会,09月11日－03号,1,https://ssp.kaigiroku.net/tenant/nakatsugawa/MinuteView.html?council_id=200&schedule_id=4&is_search=true
nakatsugawa,オストメイト,令和５年第３回定例会,06月12日－02号,1,https://ssp.kaigiroku.net/tenant/nakatsugawa/MinuteView.html?council_id=142&schedule_id=9&is_search=true
hashima,ストーマ,平成１５年　　３月　定例会（第２回）,03月07日－03号,1,https://ssp.kaigiroku.net/tenant/hashima/MinuteView.html?council_id=1&schedule_id=4&is_search=true
hashima,オストメイト,令和　４年　　９月　定例会（第４回）,09月14日－04号,1,https://ssp.kaigiroku.net/tenant/hashima/MinuteView.html?council_id=107&schedule_id=5&is_search=true
minokamo,ストーマ,令和　４年　　６月　定例会（第２回）,06月15日－03号,7,https://ssp.kaigiroku.net/tenant/minokamo/MinuteView.html?council_id=141&schedule_id=4&is_search=true
minokamo,オストメイト,令和　４年　　６月　定例会（第２回）,06月15日－03号,9,https://ssp.kaigiroku.net/tenant/minokamo/MinuteView.html?council_id=141&schedule_id=4&is_search=true
toki,ストーマ,令和７年第５回　定例会,12月10日－02号,2,https://ssp.kaigiroku.net/tenant/toki/MinuteView.html?council_id=166&schedule_id=3&is_search=true
toki,オストメイト,令和３年第５回　定例会,12月10日－02号,1,https://ssp.kaigiroku.net/tenant/toki/MinuteView.html?council_id=146&schedule_id=3&is_search=true
toki,オストメイト,令和３年第４回　定例会,09月08日－02号,13,https://ssp.kaigiroku.net/tenant/toki/MinuteView.html?council_id=145&schedule_id=3&is_search=true
hamamatsu,オストメイト,令和　７年　　９月　大型公共施設建設特別委員会,09月18日－01号,1,https://ssp.kaigiroku.net/tenant/hamamatsu/MinuteView.html?council_id=1627&schedule_id=1&is_search=true
atami,オストメイト,平成２４年　　９月定例会,09月20日－02号,1,https://ssp.kaigiroku.net/tenant/atami/MinuteView.html?council_id=122&schedule_id=2&is_search=true
atami,オストメイト,平成２４年　　６月定例会,06月18日－02号,1,https://ssp.kaigiroku.net/tenant/atami/MinuteView.html?council_id=121&schedule_id=2&is_search=true
mishima,ストーマ,令和　７年　　５月　福祉教育委員会,05月20日－01号,1,https://ssp.kaigiroku.net/tenant/mishima/MinuteView.html?council_id=428&schedule_id=1&is_search=true
mishima,オストメイト,令和　６年　　２月　定例会,03月08日－04号,1,https://ssp.kaigiroku.net/tenant/mishima/MinuteView.html?council_id=405&schedule_id=4&is_search=true
fujinomiya,オストメイト,令和　７年　　６月　定例会（第２回）,06月20日－02号,1,https://ssp.kaigiroku.net/tenant/fujinomiya/MinuteView.html?council_id=349&schedule_id=3&is_search=true
fujinomiya,蓄便袋,平成２１年　　決算審査特別委員会,10月02日－03号,2,https://ssp.kaigiroku.net/tenant/fujinomiya/MinuteView.html?council_id=122&schedule_id=3&is_search=true
iwata,ストーマ,令和　５年　　６月　定例会,06月23日－03号,1,https://ssp.kaigiroku.net/tenant/iwata/MinuteView.html?council_id=641&schedule_id=3&is_search=true
iwata,オストメイト,令和　５年　　６月　定例会,06月23日－03号,6,https://ssp.kaigiroku.net/tenant/iwata/MinuteView.html?council_id=641&schedule_id=3&is_search=true
susono,ストーマ,令和　７年　　予算決算委員会厚生文教分科会,09月18日－08号,1,https://ssp.kaigiroku.net/tenant/susono/MinuteView.html?council_id=796&schedule_id=8&is_search=true
susono,ストーマ,令和　７年　　６月　定例会,06月19日－一般質問－04号,9,https://ssp.kaigiroku.net/tenant/susono/MinuteView.html?council_id=790&schedule_id=5&is_search=true
susono,ストーマ,令和　７年　　６月　定例会　一般質問通告書,一般質問通告書,1,
susono,オストメイト,令和　７年　　６月　定例会,06月19日－一般質問－04号,2,https://ssp.kaigiroku.net/tenant/susono/MinuteView.html?council_id=790&schedule_id=5&is_search=true
susono,オストメイト,令和　７年　　２月　定例会,03月11日－一般質問－04号,1,https://ssp.kaigiroku.net/tenant/susono/MinuteView.html?council_id=781&schedule_id=5&is_search=true
omaezaki,ストーマ,平成１７年　　６月　定例会,06月21日－04号,1,https://ssp.kaigiroku.net/tenant/omaezaki/MinuteView.html?council_id=7&schedule_id=3&is_search=true
omaezaki,オストメイト,平成１７年　　６月　定例会,06月21日－04号,2,https://ssp.kaigiroku.net/tenant/omaezaki/MinuteView.html?council_id=7&schedule_id=3&is_search=true
kikugawa,ストーマ,平成　１９年　３月定例会（第１回）,03月12日－05号,1,https://ssp.kaigiroku.net/tenant/kikugawa/MinuteView.html?council_id=15&schedule_id=6&is_search=true
kikugawa,オストメイト,令和　６年　６月定例会,06月06日－02号,3,https://ssp.kaigiroku.net/tenant/kikugawa/MinuteView.html?council_id=108&schedule_id=3&is_search=true
izunokuni,ストーマ,令和　５年　　６月　定例会（第２回）,06月09日－02号,1,https://ssp.kaigiroku.net/tenant/izunokuni/MinuteView.html?council_id=115&schedule_id=3&is_search=true
izunokuni,オストメイト,令和　６年　　３月　定例会（第１回）,03月08日－05号,1,https://ssp.kaigiroku.net/tenant/izunokuni/MinuteView.html?council_id=118&schedule_id=6&is_search=true
kannami,ストーマ,令和　５年　　６月　定例会,06月07日－02号,1,https://ssp.kaigiroku.net/tenant/kannami/MinuteView.html?council_id=82&schedule_id=3&is_search=true
kannami,オストメイト,平成２８年　　９月　定例会,10月06日－06号,1,https://ssp.kaigiroku.net/tenant/kannami/MinuteView.html?council_id=43&schedule_id=7&is_search=true
nagoya,ストーマ,令和　５年　　２月　定例会,03月03日－04号,3,https://ssp.kaigiroku.net/tenant/nagoya/MinuteView.html?council_id=601&schedule_id=5&is_search=true
nagoya,オストメイト,令和　７年　　総務環境委員会,09月25日－01号,1,https://ssp.kaigiroku.net/tenant/nagoya/MinuteView.html?council_id=639&schedule_id=26&is_search=true
nagoya,オストメイト,令和　７年　　土木交通委員会,03月14日－01号,1,https://ssp.kaigiroku.net/tenant/nagoya/MinuteView.html?council_id=651&schedule_id=10&is_search=true
toyohashi,ストーマ,令和　７年　　９月　決算特別委員会,09月19日－01号,1,https://ssp.kaigiroku.net/tenant/toyohashi/MinuteView.html?council_id=1423&schedule_id=4&is_search=true
toyohashi,オストメイト,令和　５年　　９月　定例会,09月06日－03号,6,https://ssp.kaigiroku.net/tenant/toyohashi/MinuteView.html?council_id=1318&schedule_id=4&is_search=true
toyohashi,オストメイト,令和　５年　　８月　総務委員会,08月31日－01号,3,https://ssp.kaigiroku.net/tenant/toyohashi/MinuteView.html?council_id=1315&schedule_id=1&is_search=true
okazaki,ストーマ,令和　８年　　６月　定例会,06月04日－08号,1,https://ssp.kaigiroku.net/tenant/okazaki/MinuteView.html?council_id=999&schedule_id=5&is_search=true
okazaki,オストメイト,令和　７年　　３月　建設環境常任委員会,03月06日－01号,1,https://ssp.kaigiroku.net/tenant/okazaki/MinuteView.html?council_id=948&schedule_id=2&is_search=true
ichinomiya,ストーマ,令和　３年　　３月　定例会,03月08日－03号,1,https://ssp.kaigiroku.net/tenant/ichinomiya/MinuteView.html?council_id=288&schedule_id=4&is_search=true
ichinomiya,オストメイト,令和　６年　１２月　定例会,12月10日－04号,1,https://ssp.kaigiroku.net/tenant/ichinomiya/MinuteView.html?council_id=406&schedule_id=5&is_search=true
seto,ストーマ,令和　８年　５月１４日　厚生文教委員会,05月14日－01号,1,https://ssp.kaigiroku.net/tenant/seto/MinuteView.html?council_id=2271&schedule_id=1&is_search=true
seto,オストメイト,令和　６年　６月定例会,06月14日－03号,2,https://ssp.kaigiroku.net/tenant/seto/MinuteView.html?council_id=2069&schedule_id=3&is_search=true
handa,ストーマ,平成２５年　　６月　定例会（第３回）,06月26日－02号,1,https://ssp.kaigiroku.net/tenant/handa/MinuteView.html?council_id=188&schedule_id=3&is_search=true
handa,オストメイト,平成２５年　　６月　定例会（第３回）,06月26日－02号,2,https://ssp.kaigiroku.net/tenant/handa/MinuteView.html?council_id=188&schedule_id=3&is_search=true
kasugai,ストーマ,令和　５年　１１月１３日　厚生委員会,11月13日－01号,1,https://ssp.kaigiroku.net/tenant/kasugai/MinuteView.html?council_id=723&schedule_id=1&is_search=true
kasugai,オストメイト,令和　６年　１２月　定例会（第５回）,12月12日－03号,2,https://ssp.kaigiroku.net/tenant/kasugai/MinuteView.html?council_id=823&schedule_id=3&is_search=true
toyokawa,ストーマ,平成１５年　第４回定例会（１２月）,12月03日－03号,1,https://ssp.kaigiroku.net/tenant/toyokawa/MinuteView.html?council_id=65&schedule_id=4&is_search=true
toyokawa,オストメイト,令和　３年　決算特別委員会（９月）,09月17日－04号,3,https://ssp.kaigiroku.net/tenant/toyokawa/MinuteView.html?council_id=1035&schedule_id=4&is_search=true
toyokawa,蓄尿袋,平成１９年　予算特別委員会（３月）,03月13日－01号,1,https://ssp.kaigiroku.net/tenant/toyokawa/MinuteView.html?council_id=261&schedule_id=2&is_search=true
kariya,ストーマ,令和　８年　　３月　予算審査特別委員会企画総務分科会,03月03日－01号,1,https://ssp.kaigiroku.net/tenant/kariya/MinuteView.html?council_id=1945&schedule_id=1&is_search=true
kariya,オストメイト,令和　７年　１２月　定例会,12月04日－02号,1,https://ssp.kaigiroku.net/tenant/kariya/MinuteView.html?council_id=1928&schedule_id=3&is_search=true
anjo,ストーマ,平成　８年　　９月　決算特別委員会,09月24日－02号,1,https://ssp.kaigiroku.net/tenant/anjo/MinuteView.html?council_id=279&schedule_id=2&is_search=true
anjo,オストメイト,平成１９年　１１月　議会改革検討委員会,11月27日－01号,1,https://ssp.kaigiroku.net/tenant/anjo/MinuteView.html?council_id=986&schedule_id=1&is_search=true
gamagori,ストーマ,令和　元年　　６月　定例会,06月18日－03号,1,https://ssp.kaigiroku.net/tenant/gamagori/MinuteView.html?council_id=709&schedule_id=4&is_search=true
gamagori,オストメイト,令和　４年　　５月　臨時会,05月13日－02号,2,https://ssp.kaigiroku.net/tenant/gamagori/MinuteView.html?council_id=810&schedule_id=3&is_search=true
tokoname,ストーマ,令和　５年　　３月　定例会（第１回）,03月08日－02号,1,https://ssp.kaigiroku.net/tenant/tokoname/MinuteView.html?council_id=208&schedule_id=3&is_search=true
tokoname,オストメイト,令和　７年　　９月　定例会（第３回）,09月04日－03号,1,https://ssp.kaigiroku.net/tenant/tokoname/MinuteView.html?council_id=229&schedule_id=4&is_search=true
kounan,ストーマ,令和　７年　１２月　定例会,12月03日－03号,7,https://ssp.kaigiroku.net/tenant/kounan/MinuteView.html?council_id=242&schedule_id=4&is_search=true
kounan,オストメイト,令和　７年　１２月　定例会,12月03日－03号,2,https://ssp.kaigiroku.net/tenant/kounan/MinuteView.html?council_id=242&schedule_id=4&is_search=true
kounan,オストメイト,令和　７年　　９月　定例会,09月09日－03号,1,https://ssp.kaigiroku.net/tenant/kounan/MinuteView.html?council_id=240&schedule_id=4&is_search=true
kounan,オストメイト,令和　７年　　３月　定例会,03月10日－05号,1,https://ssp.kaigiroku.net/tenant/kounan/MinuteView.html?council_id=233&schedule_id=6&is_search=true
kounan,蓄尿袋,令和　５年　　６月　定例会,06月16日－04号,1,https://ssp.kaigiroku.net/tenant/kounan/MinuteView.html?council_id=215&schedule_id=5&is_search=true
chita,ストーマ,令和　３年　　３月　定例会（第１回）,02月25日－01号,1,https://ssp.kaigiroku.net/tenant/chita/MinuteView.html?council_id=203&schedule_id=2&is_search=true
chita,オストメイト,令和　６年　　９月　定例会（第４回）,09月05日－02号,1,https://ssp.kaigiroku.net/tenant/chita/MinuteView.html?council_id=241&schedule_id=3&is_search=true
owariasahi,ストーマ,令和　５年　　３月　予算決算特別委員会福祉文教分科会,03月15日－01号,1,https://ssp.kaigiroku.net/tenant/owariasahi/MinuteView.html?council_id=710&schedule_id=1&is_search=true
owariasahi,ストーマ,令和　５年　　３月　定例会（第１回）,03月09日－04号,1,https://ssp.kaigiroku.net/tenant/owariasahi/MinuteView.html?council_id=714&schedule_id=5&is_search=true
owariasahi,オストメイト,令和　６年　　３月　定例会（第１回）,03月08日－04号,1,https://ssp.kaigiroku.net/tenant/owariasahi/MinuteView.html?council_id=757&schedule_id=5&is_search=true
nisshin,ストーマ,令和　７年　１２月　定例会（第４回）,12月02日－03号,1,https://ssp.kaigiroku.net/tenant/nisshin/MinuteView.html?council_id=520&schedule_id=4&is_search=true
nisshin,オストメイト,令和　７年　　７月３０日　総務文教委員会,07月30日－01号,2,https://ssp.kaigiroku.net/tenant/nisshin/MinuteView.html?council_id=512&schedule_id=1&is_search=true
nisshin,オストメイト,令和　７年　　６月　定例会（第２回）,06月12日－02号,2,https://ssp.kaigiroku.net/tenant/nisshin/MinuteView.html?council_id=502&schedule_id=3&is_search=true
tahara,ストーマ,平成２９年　　３月　予算決算委員会,03月13日－02号,1,https://ssp.kaigiroku.net/tenant/tahara/MinuteView.html?council_id=426&schedule_id=2&is_search=true
tahara,オストメイト,令和　７年　　３月　予算決算委員会,03月13日－03号,5,https://ssp.kaigiroku.net/tenant/tahara/MinuteView.html?council_id=731&schedule_id=3&is_search=true
kitanagoya,ストーマ,平成２９年第３回定例会（　９月）,09月07日－02号,4,https://ssp.kaigiroku.net/tenant/kitanagoya/MinuteView.html?council_id=316&schedule_id=3&is_search=true
kitanagoya,オストメイト,平成２９年第３回定例会（　９月）,09月07日－02号,2,https://ssp.kaigiroku.net/tenant/kitanagoya/MinuteView.html?council_id=316&schedule_id=3&is_search=true
toyoyama,ストーマ,令和　３年　　３月　定例会（第１回）,03月01日－01号,1,https://ssp.kaigiroku.net/tenant/toyoyama/MinuteView.html?council_id=143&schedule_id=2&is_search=true
toyoyama,オストメイト,令和　３年　　３月　総務文教常任委員会,03月12日－01号,1,https://ssp.kaigiroku.net/tenant/toyoyama/MinuteView.html?council_id=145&schedule_id=1&is_search=true
oguchi,ストーマ,令和　７年　１２月　定例会（第９回）,12月03日－03号,7,https://ssp.kaigiroku.net/tenant/oguchi/MinuteView.html?council_id=219&schedule_id=4&is_search=true
oguchi,オストメイト,令和　４年　　３月　定例会（第２回）,03月10日－03号,1,https://ssp.kaigiroku.net/tenant/oguchi/MinuteView.html?council_id=156&schedule_id=4&is_search=true
agui,オストメイト,平成２８年　１２月　定例会（第４回）,12月08日－02号,1,https://ssp.kaigiroku.net/tenant/agui/MinuteView.html?council_id=27&schedule_id=3&is_search=true
higashiura,ストーマ,令和　７年　　９月　定例会（第３回）,09月08日－02号,1,https://ssp.kaigiroku.net/tenant/higashiura/MinuteView.html?council_id=201&schedule_id=3&is_search=true
higashiura,オストメイト,令和　７年　　６月　総務委員会,06月26日－02号,1,https://ssp.kaigiroku.net/tenant/higashiura/MinuteView.html?council_id=200&schedule_id=4&is_search=true
higashiura,蓄便袋,平成３０年　　９月　定例会（第３回）,09月07日－02号,1,https://ssp.kaigiroku.net/tenant/higashiura/MinuteView.html?council_id=94&schedule_id=3&is_search=true
taketoyo,ストーマ,令和　７年　１２月　定例会（第４回）,12月23日－05号,1,https://ssp.kaigiroku.net/tenant/taketoyo/MinuteView.html?council_id=136&schedule_id=6&is_search=true
taketoyo,オストメイト,令和　６年　　９月　定例会（第３回）,09月04日－03号,1,https://ssp.kaigiroku.net/tenant/taketoyo/MinuteView.html?council_id=127&schedule_id=4&is_search=true
taketoyo,オストメイト,令和　６年　　６月　定例会（第２回）,06月04日－02号,7,https://ssp.kaigiroku.net/tenant/taketoyo/MinuteView.html?council_id=125&schedule_id=3&is_search=true
taketoyo,蓄便袋,平成３１年　　３月　定例会（第１回）,03月06日－02号,1,https://ssp.kaigiroku.net/tenant/taketoyo/MinuteView.html?council_id=82&schedule_id=3&is_search=true
tsu,ストーマ,令和　元年　１２月　定例会（第３回）,12月18日－資料,1,
tsu,ストーマ,令和　元年　１２月　定例会（第３回）,12月04日－04号,5,https://ssp.kaigiroku.net/tenant/tsu/MinuteView.html?council_id=1032&schedule_id=5&is_search=true
tsu,ストーマ,令和　元年　１２月定例会,発言通告一覧,1,
tsu,オストメイト,令和　６年　１２月　定例会（第４回）,12月04日－03号,1,https://ssp.kaigiroku.net/tenant/tsu/MinuteView.html?council_id=1273&schedule_id=4&is_search=true
tsu,蓄便袋,令和　元年　１２月　定例会（第３回）,12月04日－04号,1,https://ssp.kaigiroku.net/tenant/tsu/MinuteView.html?council_id=1032&schedule_id=5&is_search=true
ise,オストメイト,伊勢市　令和　５年　　６月　定例会,06月27日－03号,1,https://ssp.kaigiroku.net/tenant/ise/MinuteView.html?council_id=172&schedule_id=4&is_search=true
matsusaka,ストーマ,松阪市　令和　３年　１１月　定例会（第６回）,12月03日－04号,1,https://ssp.kaigiroku.net/tenant/matsusaka/MinuteView.html?council_id=657&schedule_id=5&is_search=true
matsusaka,オストメイト,松阪市　令和　６年　　６月　定例会（第２回）,06月21日－03号,4,https://ssp.kaigiroku.net/tenant/matsusaka/MinuteView.html?council_id=782&schedule_id=12&is_search=true
nabari,オストメイト,令和　４年第４０４回（　６月）定例会,06月15日－03号,2,https://ssp.kaigiroku.net/tenant/nabari/MinuteView.html?council_id=1989&schedule_id=4&is_search=true
toba,オストメイト,令和7年11月26日～12月15日会議,12月03日－15号,1,https://ssp.kaigiroku.net/tenant/toba/MinuteView.html?council_id=194&schedule_id=4&is_search=true
odai,ストーマ,令和　３年　　３月　全員協議会,03月03日－01号,1,https://ssp.kaigiroku.net/tenant/odai/MinuteView.html?council_id=250&schedule_id=1&is_search=true
odai,オストメイト,令和　４年　１１月　産業建設常任委員会,11月10日－01号,1,https://ssp.kaigiroku.net/tenant/odai/MinuteView.html?council_id=329&schedule_id=1&is_search=true
nagahama,ストーマ,平成２７年　９月２４日　決算特別委員会健康福祉分科会,09月24日－01号,1,https://ssp.kaigiroku.net/tenant/nagahama/MinuteView.html?council_id=212&schedule_id=1&is_search=true
nagahama,オストメイト,令和　７年　６月定例月議会,06月13日－04号,1,https://ssp.kaigiroku.net/tenant/nagahama/MinuteView.html?council_id=1243&schedule_id=5&is_search=true
omihachiman,ストーマ,令和　８年　３月　５日　予算常任委員会,03月05日－01号,4,https://ssp.kaigiroku.net/tenant/omihachiman/MinuteView.html?council_id=621&schedule_id=1&is_search=true
omihachiman,ストーマ,令和　８年第１回　３月定例会,03月02日－03号,1,https://ssp.kaigiroku.net/tenant/omihachiman/MinuteView.html?council_id=619&schedule_id=4&is_search=true
omihachiman,オストメイト,令和　６年　３月１２日　予算常任委員会,03月12日－01号,1,https://ssp.kaigiroku.net/tenant/omihachiman/MinuteView.html?council_id=526&schedule_id=1&is_search=true
omihachiman,蓄便袋,平成１７年第２回　６月定例会,06月16日－04号,1,https://ssp.kaigiroku.net/tenant/omihachiman/MinuteView.html?council_id=104&schedule_id=5&is_search=true
omihachiman,蓄尿袋,平成１７年第２回　６月定例会,06月16日－04号,1,https://ssp.kaigiroku.net/tenant/omihachiman/MinuteView.html?council_id=104&schedule_id=5&is_search=true
koka,ストーマ,令和　３年　１２月　定例会（第７回）,12月09日－04号,5,https://ssp.kaigiroku.net/tenant/koka/MinuteView.html?council_id=112&schedule_id=5&is_search=true
koka,オストメイト,令和　７年　１２月　定例会（第６回）,12月08日－03号,1,https://ssp.kaigiroku.net/tenant/koka/MinuteView.html?council_id=296&schedule_id=4&is_search=true
koka,オストメイト,令和　７年　　３月　定例会（第２回）,03月06日－07号,1,https://ssp.kaigiroku.net/tenant/koka/MinuteView.html?council_id=264&schedule_id=8&is_search=true
konan,オストメイト,平成２７年　　６月　定例会,06月15日－03号,1,https://ssp.kaigiroku.net/tenant/konan/MinuteView.html?council_id=77&schedule_id=4&is_search=true
takashima,ストーマ,令和　４年　　９月　定例会　一般質問通告事項,会派代表質問・個人質問,1,
takashima,ストーマ,令和　４年　　９月　定例会,09月12日－03号,4,https://ssp.kaigiroku.net/tenant/takashima/MinuteView.html?council_id=333&schedule_id=4&is_search=true
takashima,ストーマ,令和　４年　　９月　定例会,08月31日－目次,1,
takashima,オストメイト,令和　４年　　９月　定例会,09月12日－03号,1,https://ssp.kaigiroku.net/tenant/takashima/MinuteView.html?council_id=333&schedule_id=4&is_search=true
takashima,蓄尿袋,平成１９年　　３月　定例会,02月28日－01号,1,https://ssp.kaigiroku.net/tenant/takashima/MinuteView.html?council_id=25&schedule_id=2&is_search=true
maizuru,ストーマ,令和　７年　１２月　定例会,12月10日－04号,8,https://ssp.kaigiroku.net/tenant/maizuru/MinuteView.html?council_id=3672&schedule_id=5&is_search=true
maizuru,オストメイト,令和　４年　　９月　定例会,09月15日－03号,1,https://ssp.kaigiroku.net/tenant/maizuru/MinuteView.html?council_id=2735&schedule_id=4&is_search=true
maizuru,オストメイト,令和　４年　　３月　定例会,03月09日－03号,1,https://ssp.kaigiroku.net/tenant/maizuru/MinuteView.html?council_id=2655&schedule_id=4&is_search=true
uji,ストーマ,令和　７年　１０月　決算特別委員会（第４回）,10月27日－04号,1,https://ssp.kaigiroku.net/tenant/uji/MinuteView.html?council_id=2941&schedule_id=1&is_search=true
uji,ストーマ,令和　７年　　３月　予算特別委員会（第３回）,03月11日－03号,1,https://ssp.kaigiroku.net/tenant/uji/MinuteView.html?council_id=2837&schedule_id=1&is_search=true
uji,オストメイト,令和　７年　　６月　定例会,06月06日－01号,1,https://ssp.kaigiroku.net/tenant/uji/MinuteView.html?council_id=2890&schedule_id=2&is_search=true
uji,蓄便袋,平成２３年　１２月　文教福祉常任委員会（第１２回）,12月21日－12号,1,https://ssp.kaigiroku.net/tenant/uji/MinuteView.html?council_id=1260&schedule_id=1&is_search=true
prefosaka,オストメイト,令和　８年２月定例会都市住宅常任委員会,03月17日－02号,1,https://ssp.kaigiroku.net/tenant/prefosaka/MinuteView.html?council_id=2424&schedule_id=3&is_search=true
prefosaka,オストメイト,令和　７年９月定例会警察危機管理常任委員会,10月06日－01号,1,https://ssp.kaigiroku.net/tenant/prefosaka/MinuteView.html?council_id=2383&schedule_id=2&is_search=true
cityosaka,オストメイト,令和３年３月定例会常任委員会（教育こども・通常予算）,03月12日－04号,1,https://ssp.kaigiroku.net/tenant/cityosaka/MinuteView.html?council_id=3337&schedule_id=5&is_search=true
cityosaka,蓄便袋,令和７年３月定例会常任委員会（民生保健・通常予算）,03月07日－03号,1,https://ssp.kaigiroku.net/tenant/cityosaka/MinuteView.html?council_id=3634&schedule_id=4&is_search=true
cityosaka,蓄尿袋,令和７年３月定例会常任委員会（民生保健・通常予算）,03月07日－03号,1,https://ssp.kaigiroku.net/tenant/cityosaka/MinuteView.html?council_id=3634&schedule_id=4&is_search=true
izumisano,ストーマ,平成１９年　１２月　定例会,12月19日－02号,2,https://ssp.kaigiroku.net/tenant/izumisano/MinuteView.html?council_id=215&schedule_id=3&is_search=true
izumisano,オストメイト,平成１９年　１２月　定例会,12月19日－02号,8,https://ssp.kaigiroku.net/tenant/izumisano/MinuteView.html?council_id=215&schedule_id=3&is_search=true
izumisano,オストメイト,平成１９年　１２月　定例会,12月05日－目次,1,
izumisano,蓄便袋,平成１９年　１２月　定例会,12月19日－02号,1,https://ssp.kaigiroku.net/tenant/izumisano/MinuteView.html?council_id=215&schedule_id=3&is_search=true
izumisano,蓄尿袋,平成１９年　１２月　定例会,12月19日－02号,1,https://ssp.kaigiroku.net/tenant/izumisano/MinuteView.html?council_id=215&schedule_id=3&is_search=true
tondabayashi,ストーマ,令和　３年　　３月　予算決算常任委員会,03月17日－01号,1,https://ssp.kaigiroku.net/tenant/tondabayashi/MinuteView.html?council_id=658&schedule_id=2&is_search=true
tondabayashi,オストメイト,令和　７年　　６月　総務文教常任委員会,06月17日－01号,2,https://ssp.kaigiroku.net/tenant/tondabayashi/MinuteView.html?council_id=781&schedule_id=2&is_search=true
tondabayashi,オストメイト,令和　７年　　３月　予算決算常任委員会,03月17日－01号,1,https://ssp.kaigiroku.net/tenant/tondabayashi/MinuteView.html?council_id=771&schedule_id=2&is_search=true
tondabayashi,蓄便袋,平成２５年　　３月　文教厚生常任委員会（第１回）,03月14日－01号,3,https://ssp.kaigiroku.net/tenant/tondabayashi/MinuteView.html?council_id=290&schedule_id=2&is_search=true
tondabayashi,蓄尿袋,平成２５年　　３月　文教厚生常任委員会（第１回）,03月14日－01号,3,https://ssp.kaigiroku.net/tenant/tondabayashi/MinuteView.html?council_id=290&schedule_id=2&is_search=true
kawachinagano,ストーマ,平成２９年　　９月　決算常任委員会（平成２８年度決算）,09月21日－02号,3,https://ssp.kaigiroku.net/tenant/kawachinagano/MinuteView.html?council_id=642&schedule_id=3&is_search=true
kawachinagano,オストメイト,令和　６年　　３月　予算常任委員会（令和６年度予算）,03月19日－01号,2,https://ssp.kaigiroku.net/tenant/kawachinagano/MinuteView.html?council_id=834&schedule_id=2&is_search=true
kawachinagano,蓄便袋,平成　５年　　９月　定例会（第３回）,09月16日－03号,1,https://ssp.kaigiroku.net/tenant/kawachinagano/MinuteView.html?council_id=19&schedule_id=4&is_search=true
kawachinagano,蓄尿袋,平成　５年　　９月　定例会（第３回）,09月16日－03号,1,https://ssp.kaigiroku.net/tenant/kawachinagano/MinuteView.html?council_id=19&schedule_id=4&is_search=true
matsubara,ストーマ,令和　５年　　６月　福祉文教委員会,06月20日－01号,1,https://ssp.kaigiroku.net/tenant/matsubara/MinuteView.html?council_id=785&schedule_id=2&is_search=true
matsubara,オストメイト,平成２９年　　９月　決算特別委員会,09月27日－03号,2,https://ssp.kaigiroku.net/tenant/matsubara/MinuteView.html?council_id=631&schedule_id=4&is_search=true
matsubara,蓄便袋,平成２７年　　３月　予算特別委員会,03月11日－03号,1,https://ssp.kaigiroku.net/tenant/matsubara/MinuteView.html?council_id=563&schedule_id=4&is_search=true
matsubara,蓄尿袋,平成２７年　　３月　予算特別委員会,03月11日－03号,1,https://ssp.kaigiroku.net/tenant/matsubara/MinuteView.html?council_id=563&schedule_id=4&is_search=true
izumi,オストメイト,平成３１年　　１月　庁舎整備特別委員会,01月30日－01号,1,https://ssp.kaigiroku.net/tenant/izumi/MinuteView.html?council_id=635&schedule_id=2&is_search=true
minoh,ストーマ,令和　７年　１２月　民生常任委員会,12月04日－01号,4,https://ssp.kaigiroku.net/tenant/minoh/MinuteView.html?council_id=791&schedule_id=2&is_search=true
minoh,オストメイト,令和　７年　　９月　定例会（第３回）,10月15日－03号,1,https://ssp.kaigiroku.net/tenant/minoh/MinuteView.html?council_id=773&schedule_id=4&is_search=true
minoh,オストメイト,令和　７年　　６月　定例会（第２回）,06月25日－03号,2,https://ssp.kaigiroku.net/tenant/minoh/MinuteView.html?council_id=764&schedule_id=4&is_search=true
minoh,蓄便袋,令和　元年　１２月　民生常任委員会,12月04日－01号,1,https://ssp.kaigiroku.net/tenant/minoh/MinuteView.html?council_id=547&schedule_id=2&is_search=true
minoh,蓄尿袋,令和　元年　１２月　民生常任委員会,12月04日－01号,1,https://ssp.kaigiroku.net/tenant/minoh/MinuteView.html?council_id=547&schedule_id=2&is_search=true
settsu,ストーマ,平成３０年　１２月　定例会（第４回）,12月18日－02号,3,https://ssp.kaigiroku.net/tenant/settsu/MinuteView.html?council_id=920&schedule_id=3&is_search=true
settsu,オストメイト,令和　４年　　６月　定例会（第２回）,06月27日－03号,1,https://ssp.kaigiroku.net/tenant/settsu/MinuteView.html?council_id=1071&schedule_id=4&is_search=true
settsu,蓄便袋,平成１８年　１０月　民生常任委員会,10月18日－01号,1,https://ssp.kaigiroku.net/tenant/settsu/MinuteView.html?council_id=400&schedule_id=2&is_search=true
takaishi,ストーマ,令和　７年　　６月　定例会（第２回）,06月19日－03号,1,https://ssp.kaigiroku.net/tenant/takaishi/MinuteView.html?council_id=2786&schedule_id=4&is_search=true
takaishi,オストメイト,平成２９年　　６月　予算委員会,06月14日－02号,4,https://ssp.kaigiroku.net/tenant/takaishi/MinuteView.html?council_id=376&schedule_id=2&is_search=true
fujiidera,ストーマ,平成２９年　　６月　定例会（第２回）,06月20日－03号,7,https://ssp.kaigiroku.net/tenant/fujiidera/MinuteView.html?council_id=171&schedule_id=4&is_search=true
fujiidera,ストーマ,平成２９年　　６月　定例会（第２回）,06月09日－目次,1,
fujiidera,オストメイト,令和　７年　　９月　定例会（第３回）,09月11日－03号,3,https://ssp.kaigiroku.net/tenant/fujiidera/MinuteView.html?council_id=303&schedule_id=4&is_search=true
shijonawate,ストーマ,令和　４年　　９月　定例議会,09月15日－目次,1,
shijonawate,ストーマ,令和　４年　　９月　定例議会,09月15日－03号,8,https://ssp.kaigiroku.net/tenant/shijonawate/MinuteView.html?council_id=375&schedule_id=6&is_search=true
shijonawate,オストメイト,令和　８年　　３月　定例議会,03月05日－02号,2,https://ssp.kaigiroku.net/tenant/shijonawate/MinuteView.html?council_id=454&schedule_id=4&is_search=true
katano,ストーマ,平成３０年　　６月　定例会（第３回）,06月13日－03号,1,https://ssp.kaigiroku.net/tenant/katano/MinuteView.html?council_id=154&schedule_id=4&is_search=true
katano,オストメイト,令和　７年　　９月　総務文教常任委員会,09月19日－01号,2,https://ssp.kaigiroku.net/tenant/katano/MinuteView.html?council_id=326&schedule_id=2&is_search=true
katano,蓄便袋,平成　７年　１２月　定例会（第４回）,12月20日－03号,2,https://ssp.kaigiroku.net/tenant/katano/MinuteView.html?council_id=16&schedule_id=3&is_search=true
katano,蓄尿袋,平成　７年　１２月　定例会（第４回）,12月20日－03号,3,https://ssp.kaigiroku.net/tenant/katano/MinuteView.html?council_id=16&schedule_id=3&is_search=true
osakasayama,ストーマ,平成２３年　１２月　定例会（第４回）,12月12日－03号,2,https://ssp.kaigiroku.net/tenant/osakasayama/MinuteView.html?council_id=177&schedule_id=4&is_search=true
osakasayama,オストメイト,令和　３年　　３月　定例月議会,03月01日－01号,1,https://ssp.kaigiroku.net/tenant/osakasayama/MinuteView.html?council_id=369&schedule_id=2&is_search=true
hannan,ストーマ,令和　６年　　３月　予算常任委員会,03月11日－01号,1,https://ssp.kaigiroku.net/tenant/hannan/MinuteView.html?council_id=476&schedule_id=1&is_search=true
hannan,オストメイト,令和　８年　　６月　定例会（第２回）,06月02日－01号,2,https://ssp.kaigiroku.net/tenant/hannan/MinuteView.html?council_id=535&schedule_id=2&is_search=true
hannan,蓄便袋,令和　７年　　９月　決算常任委員会,09月03日－01号,1,https://ssp.kaigiroku.net/tenant/hannan/MinuteView.html?council_id=516&schedule_id=1&is_search=true
hannan,蓄尿袋,平成１８年　　６月　定例会（第２回）,06月01日－01号,2,https://ssp.kaigiroku.net/tenant/hannan/MinuteView.html?council_id=55&schedule_id=2&is_search=true
amagasaki,ストーマ,令和　８年　　３月　議会報,予算特別委員会健康福祉分科会,1,https://ssp.kaigiroku.net/tenant/amagasaki/MinuteView.html?council_id=405&schedule_id=8&is_search=true
amagasaki,オストメイト,令和　７年　　９月　定例会（第２回）,09月04日－03号,2,https://ssp.kaigiroku.net/tenant/amagasaki/MinuteView.html?council_id=400&schedule_id=4&is_search=true
amagasaki,オストメイト,令和　７年　　９月　定例会（第２回）,09月02日－目次,1,
amagasaki,オストメイト,令和　７年　　９月　議会報,決算特別委員会,1,https://ssp.kaigiroku.net/tenant/amagasaki/MinuteView.html?council_id=398&schedule_id=13&is_search=true
amagasaki,オストメイト,令和　７年　　６・７・８月　議会報,経済環境企業委員会,1,https://ssp.kaigiroku.net/tenant/amagasaki/MinuteView.html?council_id=396&schedule_id=8&is_search=true
amagasaki,オストメイト,令和　７年　　３月　議会報,予算特別委員会建設消防防災分科会,1,https://ssp.kaigiroku.net/tenant/amagasaki/MinuteView.html?council_id=392&schedule_id=8&is_search=true
amagasaki,蓄便袋,平成２５年　１月　議会報,健康福祉委員会,1,https://ssp.kaigiroku.net/tenant/amagasaki/MinuteView.html?council_id=216&schedule_id=5&is_search=true
amagasaki,蓄尿袋,平成２５年　１月　議会報,健康福祉委員会,1,https://ssp.kaigiroku.net/tenant/amagasaki/MinuteView.html?council_id=216&schedule_id=5&is_search=true
ashiya,ストーマ,令和　７年　　９月　定例会（第４回）,09月09日－03号,4,https://ssp.kaigiroku.net/tenant/ashiya/MinuteView.html?council_id=949&schedule_id=4&is_search=true
ashiya,オストメイト,令和　７年　　９月　定例会（第４回）,09月09日－03号,5,https://ssp.kaigiroku.net/tenant/ashiya/MinuteView.html?council_id=949&schedule_id=4&is_search=true
ashiya,オストメイト,令和　７年　　９月　定例会（第４回）,08月29日－目次,1,
ashiya,蓄便袋,令和　７年　　９月　定例会（第４回）,09月09日－03号,5,https://ssp.kaigiroku.net/tenant/ashiya/MinuteView.html?council_id=949&schedule_id=4&is_search=true
ashiya,蓄尿袋,令和　７年　　９月　定例会（第４回）,09月09日－03号,5,https://ssp.kaigiroku.net/tenant/ashiya/MinuteView.html?council_id=949&schedule_id=4&is_search=true
miki,ストーマ,令和　７年　５月１９日　民生産業常任委員会（健康福祉部）,05月19日－01号,1,https://ssp.kaigiroku.net/tenant/miki/MinuteView.html?council_id=1143&schedule_id=1&is_search=true
miki,ストーマ,令和　７年　３月１３日　民生産業常任委員会（健康福祉部）,03月13日－01号,1,https://ssp.kaigiroku.net/tenant/miki/MinuteView.html?council_id=1189&schedule_id=1&is_search=true
miki,オストメイト,令和　７年第３８７回　６月定例会,06月10日－03号,1,https://ssp.kaigiroku.net/tenant/miki/MinuteView.html?council_id=1138&schedule_id=4&is_search=true
miki,蓄便袋,平成２８年　３月１６日　民生生活常任委員会（健康福祉部）,03月16日－01号,1,https://ssp.kaigiroku.net/tenant/miki/MinuteView.html?council_id=398&schedule_id=1&is_search=true
kawanishi,ストーマ,平成２２年　１２月　厚生経済常任委員会（１２月９日）,12月09日－01号,1,https://ssp.kaigiroku.net/tenant/kawanishi/MinuteView.html?council_id=1018&schedule_id=1&is_search=true
kawanishi,オストメイト,令和　５年　　３月　一般会計予算審査特別委員会（３月８日）,03月08日－01号,3,https://ssp.kaigiroku.net/tenant/kawanishi/MinuteView.html?council_id=2787&schedule_id=1&is_search=true
sanda,ストーマ,平成２８年第３３６回（　６月）定例会,06月17日－03号,2,https://ssp.kaigiroku.net/tenant/sanda/MinuteView.html?council_id=169&schedule_id=4&is_search=true
sanda,オストメイト,平成２３年　９月　決算特別委員会,09月28日－03号,1,https://ssp.kaigiroku.net/tenant/sanda/MinuteView.html?council_id=139&schedule_id=4&is_search=true
kasai,オストメイト,令和　８年　　６月　総務常任委員会,06月15日－01号,2,https://ssp.kaigiroku.net/tenant/kasai/MinuteView.html?council_id=615&schedule_id=1&is_search=true
kasai,オストメイト,令和　８年　　６月　定例会（第３１９回）,06月09日－02号,1,https://ssp.kaigiroku.net/tenant/kasai/MinuteView.html?council_id=620&schedule_id=3&is_search=true
kasai,オストメイト,令和　８年　　３月　定例会（第３１７回）,03月09日－02号,1,https://ssp.kaigiroku.net/tenant/kasai/MinuteView.html?council_id=596&schedule_id=3&is_search=true
kato,ストーマ,令和　６年　６月　第１２０回定例会,06月17日－02号,1,https://ssp.kaigiroku.net/tenant/kato/MinuteView.html?council_id=558&schedule_id=3&is_search=true
kato,ストーマ,令和　６年　３月　第１１８回定例会,03月19日－03号,2,https://ssp.kaigiroku.net/tenant/kato/MinuteView.html?council_id=548&schedule_id=4&is_search=true
kato,オストメイト,令和　７年　３月　第１２４回定例会,03月03日－01号,1,https://ssp.kaigiroku.net/tenant/kato/MinuteView.html?council_id=584&schedule_id=2&is_search=true
kato,蓄尿袋,令和　６年　３月　第１１８回定例会,03月19日－03号,1,https://ssp.kaigiroku.net/tenant/kato/MinuteView.html?council_id=548&schedule_id=4&is_search=true
taka,ストーマ,令和　６年第１２６回定例会,06月13日－02号,2,https://ssp.kaigiroku.net/tenant/taka/MinuteView.html?council_id=126&schedule_id=2&is_search=true
taka,ストーマ,令和　６年第１２５回定例会,03月18日－03号,6,https://ssp.kaigiroku.net/tenant/taka/MinuteView.html?council_id=125&schedule_id=3&is_search=true
taka,オストメイト,令和　６年第１２５回定例会,03月18日－03号,6,https://ssp.kaigiroku.net/tenant/taka/MinuteView.html?council_id=125&schedule_id=3&is_search=true
prefnara,ストーマ,令和　６年　　２月　定例会（第３５８回）,03月25日－06号,2,https://ssp.kaigiroku.net/tenant/prefnara/MinuteView.html?council_id=255&schedule_id=7&is_search=true
prefnara,ストーマ,令和　６年　　２月　定例会（第３５８回）,02月26日－目次,1,
prefnara,オストメイト,令和　６年　　２月　定例会（第３５８回）,03月25日－06号,1,https://ssp.kaigiroku.net/tenant/prefnara/MinuteView.html?council_id=255&schedule_id=7&is_search=true
narashi,ストーマ,令和　６年　１２月　定例会,12月16日－05号,2,https://ssp.kaigiroku.net/tenant/narashi/MinuteView.html?council_id=1295&schedule_id=6&is_search=true
narashi,オストメイト,令和　８年　　６月　定例会,06月15日－03号,2,https://ssp.kaigiroku.net/tenant/narashi/MinuteView.html?council_id=1412&schedule_id=4&is_search=true
yamatokoriyama,ストーマ,令和　６年　１２月　定例会（第４回）,12月12日－04号,2,https://ssp.kaigiroku.net/tenant/yamatokoriyama/MinuteView.html?council_id=348&schedule_id=5&is_search=true
yamatokoriyama,ストーマ,令和　６年　　議会運営委員会,06月26日－09号,1,https://ssp.kaigiroku.net/tenant/yamatokoriyama/MinuteView.html?council_id=343&schedule_id=9&is_search=true
yamatokoriyama,ストーマ,令和　６年　　６月　定例会（第２回）,06月26日－05号,4,https://ssp.kaigiroku.net/tenant/yamatokoriyama/MinuteView.html?council_id=345&schedule_id=6&is_search=true
yamatokoriyama,ストーマ,令和　６年　　６月　定例会（第２回）,06月13日－目次,1,
yamatokoriyama,ストーマ,令和　６年　　議会運営委員会,06月11日－07号,1,https://ssp.kaigiroku.net/tenant/yamatokoriyama/MinuteView.html?council_id=343&schedule_id=7&is_search=true
yamatokoriyama,オストメイト,令和　７年　　３月　定例会（第１回）,03月17日－03号,1,https://ssp.kaigiroku.net/tenant/yamatokoriyama/MinuteView.html?council_id=349&schedule_id=4&is_search=true
yamatokoriyama,蓄便袋,平成２０年　　教育福祉常任委員会,03月10日－01号,1,https://ssp.kaigiroku.net/tenant/yamatokoriyama/MinuteView.html?council_id=104&schedule_id=1&is_search=true
kashiba,オストメイト,令和　２年第６回１２月定例会,12月16日－03号,1,https://ssp.kaigiroku.net/tenant/kashiba/MinuteView.html?council_id=1025&schedule_id=4&is_search=true
oji,ストーマ,令和　６年　　６月　定例会,06月14日－03号,4,https://ssp.kaigiroku.net/tenant/oji/MinuteView.html?council_id=555&schedule_id=3&is_search=true
oji,ストーマ,令和　６年　　６月　議会運営委員会,06月14日－01号,3,https://ssp.kaigiroku.net/tenant/oji/MinuteView.html?council_id=557&schedule_id=1&is_search=true
oji,オストメイト,令和　６年　　６月　定例会,06月14日－03号,1,https://ssp.kaigiroku.net/tenant/oji/MinuteView.html?council_id=555&schedule_id=3&is_search=true
oji,オストメイト,令和　６年　　６月　議会運営委員会,06月14日－01号,1,https://ssp.kaigiroku.net/tenant/oji/MinuteView.html?council_id=557&schedule_id=1&is_search=true
oji,蓄便袋,令和　２年　　３月　当初予算審査特別委員会,03月09日－01号,1,https://ssp.kaigiroku.net/tenant/oji/MinuteView.html?council_id=367&schedule_id=1&is_search=true
oji,蓄尿袋,令和　２年　　３月　当初予算審査特別委員会,03月09日－01号,1,https://ssp.kaigiroku.net/tenant/oji/MinuteView.html?council_id=367&schedule_id=1&is_search=true
wakayama,ストーマ,令和　８年　　３月　厚生委員会,03月06日－02号,1,https://ssp.kaigiroku.net/tenant/wakayama/MinuteView.html?council_id=918&schedule_id=2&is_search=true
wakayama,オストメイト,令和　５年　１２月　建設企業委員会,12月15日－02号,2,https://ssp.kaigiroku.net/tenant/wakayama/MinuteView.html?council_id=805&schedule_id=4&is_search=true
wakayama,オストメイト,令和　５年　　２月　経済文教委員会,02月21日－01号,1,https://ssp.kaigiroku.net/tenant/wakayama/MinuteView.html?council_id=753&schedule_id=1&is_search=true
kainan,ストーマ,令和　元年　　９月　定例会,09月11日－03号,4,https://ssp.kaigiroku.net/tenant/kainan/MinuteView.html?council_id=71&schedule_id=4&is_search=true
kainan,オストメイト,令和　３年　　６月　定例会,06月15日－03号,1,https://ssp.kaigiroku.net/tenant/kainan/MinuteView.html?council_id=81&schedule_id=4&is_search=true
kainan,蓄便袋,令和　元年　　９月　定例会,09月11日－03号,1,https://ssp.kaigiroku.net/tenant/kainan/MinuteView.html?council_id=71&schedule_id=4&is_search=true
kainan,蓄尿袋,令和　元年　　９月　定例会,09月11日－03号,1,https://ssp.kaigiroku.net/tenant/kainan/MinuteView.html?council_id=71&schedule_id=4&is_search=true
gobo,ストーマ,平成１６年　１２月　定例会,12月15日－05号,1,https://ssp.kaigiroku.net/tenant/gobo/MinuteView.html?council_id=73&schedule_id=6&is_search=true
gobo,オストメイト,令和　６年　１２月　定例会,12月12日－03号,1,https://ssp.kaigiroku.net/tenant/gobo/MinuteView.html?council_id=178&schedule_id=4&is_search=true
shingu,オストメイト,令和　６年　　３月　定例会,03月06日－05号,1,https://ssp.kaigiroku.net/tenant/shingu/MinuteView.html?council_id=100&schedule_id=6&is_search=true
shingu,オストメイト,令和　６年　　３月　定例会,03月05日－04号,2,https://ssp.kaigiroku.net/tenant/shingu/MinuteView.html?council_id=100&schedule_id=5&is_search=true
inami,ストーマ,平成２５年　　３月　定例会,03月11日－02号,1,https://ssp.kaigiroku.net/tenant/inami/MinuteView.html?council_id=5&schedule_id=2&is_search=true
inami,オストメイト,令和　元年　１２月　定例会,12月18日－03号,1,https://ssp.kaigiroku.net/tenant/inami/MinuteView.html?council_id=46&schedule_id=3&is_search=true
iwami,ストーマ,令和　７年１２月定例会,12月23日－01号,1,https://ssp.kaigiroku.net/tenant/iwami/MinuteView.html?council_id=215&schedule_id=2&is_search=true
iwami,オストメイト,令和　７年１２月定例会,12月25日－03号,1,https://ssp.kaigiroku.net/tenant/iwami/MinuteView.html?council_id=215&schedule_id=4&is_search=true
matsue,ストーマ,令和　７年第５回　９月定例会,09月18日－04号,2,https://ssp.kaigiroku.net/tenant/matsue/MinuteView.html?council_id=843&schedule_id=5&is_search=true
matsue,オストメイト,令和　５年第３回　６月定例会,06月28日－04号,2,https://ssp.kaigiroku.net/tenant/matsue/MinuteView.html?council_id=547&schedule_id=5&is_search=true
matsue,オストメイト,令和　５年第３回　６月定例会,06月26日－02号,1,https://ssp.kaigiroku.net/tenant/matsue/MinuteView.html?council_id=547&schedule_id=3&is_search=true
hamada,ストーマ,令和　３年　６月定例会議,06月22日－03号,1,https://ssp.kaigiroku.net/tenant/hamada/MinuteView.html?council_id=244&schedule_id=4&is_search=true
hamada,オストメイト,令和　７年１２月定例会議,12月02日－02号,1,https://ssp.kaigiroku.net/tenant/hamada/MinuteView.html?council_id=353&schedule_id=3&is_search=true
masuda,ストーマ,平成２４年第４９５回　６月定例会,06月18日－04号,2,https://ssp.kaigiroku.net/tenant/masuda/MinuteView.html?council_id=260&schedule_id=5&is_search=true
masuda,オストメイト,令和　６年第５６６回　９月定例会,09月09日－02号,1,https://ssp.kaigiroku.net/tenant/masuda/MinuteView.html?council_id=805&schedule_id=3&is_search=true
masuda,オストメイト,令和　６年第５６５回　６月定例会,06月14日－02号,1,https://ssp.kaigiroku.net/tenant/masuda/MinuteView.html?council_id=804&schedule_id=3&is_search=true
yasugi,ストーマ,平成１７年第　　８回　９月定例会,09月06日－03号,1,https://ssp.kaigiroku.net/tenant/yasugi/MinuteView.html?council_id=104&schedule_id=4&is_search=true
yasugi,オストメイト,平成１７年第　　８回　９月定例会,09月06日－03号,3,https://ssp.kaigiroku.net/tenant/yasugi/MinuteView.html?council_id=104&schedule_id=4&is_search=true
prefokayama,ストーマ,平成２７年　９月定例会,09月17日－05号,2,
prefokayama,オストメイト,平成２３年　２月定例会,03月08日－07号,2,https://ssp.kaigiroku.net/tenant/prefokayama/MinuteView.html?council_id=106&schedule_id=7&is_search=true
soja,ストーマ,令和　６年１１月定例会,12月05日－02号,1,https://ssp.kaigiroku.net/tenant/soja/MinuteView.html?council_id=275&schedule_id=3&is_search=true
soja,オストメイト,令和　６年１１月定例会,12月05日－02号,6,https://ssp.kaigiroku.net/tenant/soja/MinuteView.html?council_id=275&schedule_id=3&is_search=true
soja,オストメイト,令和　６年１１月定例会,11月29日－目次,1,
takahashi,ストーマ,令和　３年第４回　９月定例会,09月13日－04号,1,
setouchi,オストメイト,平成１９年　９月第４回定例会,09月05日－02号,1,https://ssp.kaigiroku.net/tenant/setouchi/MinuteView.html?council_id=16&schedule_id=3&is_search=true
setouchi,オストメイト,平成１９年　９月第４回定例会,09月04日－01号,1,https://ssp.kaigiroku.net/tenant/setouchi/MinuteView.html?council_id=16&schedule_id=2&is_search=true
maniwa,ストーマ,令和　５年１２月第６回定例会,12月08日－02号,1,https://ssp.kaigiroku.net/tenant/maniwa/MinuteView.html?council_id=175&schedule_id=2&is_search=true
maniwa,オストメイト,令和　５年１２月第６回定例会,12月08日－02号,1,https://ssp.kaigiroku.net/tenant/maniwa/MinuteView.html?council_id=175&schedule_id=2&is_search=true
asakuchi,オストメイト,令和　６年第６回　９月定例会,09月09日－02号,1,https://ssp.kaigiroku.net/tenant/asakuchi/MinuteView.html?council_id=101&schedule_id=2&is_search=true
hayashima,ストーマ,令和　５年　６月定例会,06月14日－02号,1,https://ssp.kaigiroku.net/tenant/hayashima/MinuteView.html?council_id=248&schedule_id=3&is_search=true
hayashima,オストメイト,平成２７年　９月定例会,10月01日－02号,2,https://ssp.kaigiroku.net/tenant/hayashima/MinuteView.html?council_id=93&schedule_id=3&is_search=true
kure,ストーマ,令和　７年　３月定例会　予算特別委員会（当初予算）,03月24日－05号,1,https://ssp.kaigiroku.net/tenant/kure/MinuteView.html?council_id=1248&schedule_id=6&is_search=true
kure,オストメイト,令和　７年第８回　文教企業委員会,12月16日－01号,2,https://ssp.kaigiroku.net/tenant/kure/MinuteView.html?council_id=1315&schedule_id=1&is_search=true
kure,オストメイト,令和　７年第７回　文教企業委員会,11月26日－01号,1,https://ssp.kaigiroku.net/tenant/kure/MinuteView.html?council_id=1292&schedule_id=2&is_search=true
kure,オストメイト,令和　７年第２回　文教企業委員会,06月17日－01号,1,https://ssp.kaigiroku.net/tenant/kure/MinuteView.html?council_id=1269&schedule_id=1&is_search=true
kure,オストメイト,令和　７年　３月定例会　予算特別委員会（当初予算）,03月24日－05号,1,https://ssp.kaigiroku.net/tenant/kure/MinuteView.html?council_id=1248&schedule_id=6&is_search=true
kure,オストメイト,令和　７年第１回　文教企業委員会,02月10日－01号,1,https://ssp.kaigiroku.net/tenant/kure/MinuteView.html?council_id=1250&schedule_id=1&is_search=true
mihara,ストーマ,令和　７年第　７回定例会,12月11日－02号,4,https://ssp.kaigiroku.net/tenant/mihara/MinuteView.html?council_id=552&schedule_id=3&is_search=true
mihara,ストーマ,令和　７年第　７回定例会,12月09日－目次,1,
mihara,ストーマ,令和　７年　２月２１日　補正予算特別委員会,02月21日－01号,2,https://ssp.kaigiroku.net/tenant/mihara/MinuteView.html?council_id=525&schedule_id=2&is_search=true
mihara,オストメイト,令和　７年第　２回定例会,02月27日－03号,1,https://ssp.kaigiroku.net/tenant/mihara/MinuteView.html?council_id=528&schedule_id=4&is_search=true
mihara,オストメイト,令和　７年　２月２１日　補正予算特別委員会,02月21日－01号,3,https://ssp.kaigiroku.net/tenant/mihara/MinuteView.html?council_id=525&schedule_id=2&is_search=true
mihara,蓄便袋,令和　７年第　７回定例会,12月11日－02号,1,https://ssp.kaigiroku.net/tenant/mihara/MinuteView.html?council_id=552&schedule_id=3&is_search=true
mihara,蓄尿袋,令和　７年第　７回定例会,12月11日－02号,3,https://ssp.kaigiroku.net/tenant/mihara/MinuteView.html?council_id=552&schedule_id=3&is_search=true
onomichi,ストーマ,令和　７年１２月１０日　福祉環境委員会,12月10日－01号,3,
onomichi,ストーマ,令和　７年第３回　９月定例会,09月04日－03号,1,https://ssp.kaigiroku.net/tenant/onomichi/MinuteView.html?council_id=1190&schedule_id=4&is_search=true
onomichi,オストメイト,令和　７年第５回１２月定例会,12月16日－06号,1,https://ssp.kaigiroku.net/tenant/onomichi/MinuteView.html?council_id=1192&schedule_id=7&is_search=true
onomichi,オストメイト,令和　７年１２月１０日　福祉環境委員会,12月10日－01号,1,https://ssp.kaigiroku.net/tenant/onomichi/MinuteView.html?council_id=1199&schedule_id=1&is_search=true
onomichi,オストメイト,令和　７年第５回１２月定例会,12月04日－03号,2,https://ssp.kaigiroku.net/tenant/onomichi/MinuteView.html?council_id=1192&schedule_id=4&is_search=true
onomichi,オストメイト,令和　７年第３回　９月定例会,09月04日－03号,2,https://ssp.kaigiroku.net/tenant/onomichi/MinuteView.html?council_id=1190&schedule_id=4&is_search=true
onomichi,蓄便袋,令和　６年第２回　６月定例会,06月20日－03号,1,
fukuyama,ストーマ,平成１７年　３月　予算特別委員会,03月16日－04号,1,https://ssp.kaigiroku.net/tenant/fukuyama/MinuteView.html?council_id=355&schedule_id=5&is_search=true
fukuyama,オストメイト,令和　７年第４回（　９月）定例会,09月19日－05号,2,
fukuyama,オストメイト,令和　７年第３回（　６月）定例会,06月19日－05号,1,
fukuyama,オストメイト,令和　７年第３回（　６月）定例会,06月18日－04号,1,https://ssp.kaigiroku.net/tenant/fukuyama/MinuteView.html?council_id=2078&schedule_id=5&is_search=true
fukuyama,オストメイト,令和　７年　３月　予算特別委員会,03月11日－03号,1,https://ssp.kaigiroku.net/tenant/fukuyama/MinuteView.html?council_id=2065&schedule_id=4&is_search=true
fukuyama,オストメイト,令和　７年第１回（　３月）定例会,03月05日－04号,1,https://ssp.kaigiroku.net/tenant/fukuyama/MinuteView.html?council_id=2054&schedule_id=5&is_search=true
fukuyama,オストメイト,令和　７年第１回（　３月）定例会,03月03日－02号,1,https://ssp.kaigiroku.net/tenant/fukuyama/MinuteView.html?council_id=2054&schedule_id=3&is_search=true
shobara,オストメイト,令和　５年　　６月　定例会（第３回）,06月28日－04号,2,https://ssp.kaigiroku.net/tenant/shobara/MinuteView.html?council_id=118&schedule_id=4&is_search=true
jinsekikougen,オストメイト,令和　４年第　４回　９月定例会,09月12日－02号,1,https://ssp.kaigiroku.net/tenant/jinsekikougen/MinuteView.html?council_id=130&schedule_id=2&is_search=true
prefyamaguchi,ストーマ,令和　２年１１月定例会,12月01日－03号,2,https://ssp.kaigiroku.net/tenant/prefyamaguchi/MinuteView.html?council_id=186&schedule_id=4&is_search=true
prefyamaguchi,ストーマ,令和　２年１１月定例会,11月25日－目次,1,
shimonoseki,ストーマ,令和　５年第　４回定例会（１２月）,12月14日－03号,4,https://ssp.kaigiroku.net/tenant/shimonoseki/MinuteView.html?council_id=1918&schedule_id=3&is_search=true
shimonoseki,オストメイト,令和　８年　３月１７日　経済委員会,03月17日－01号,1,https://ssp.kaigiroku.net/tenant/shimonoseki/MinuteView.html?council_id=2152&schedule_id=1&is_search=true
shimonoseki,蓄便袋,令和　７年　２月１８日　文教厚生委員会,02月18日－01号,1,https://ssp.kaigiroku.net/tenant/shimonoseki/MinuteView.html?council_id=2047&schedule_id=1&is_search=true
shimonoseki,蓄尿袋,令和　７年　２月１８日　文教厚生委員会,02月18日－01号,1,https://ssp.kaigiroku.net/tenant/shimonoseki/MinuteView.html?council_id=2047&schedule_id=1&is_search=true
ube,オストメイト,令和　５年１２月定例会（第４回）,12月11日－03号,3,https://ssp.kaigiroku.net/tenant/ube/MinuteView.html?council_id=142&schedule_id=4&is_search=true
ube,オストメイト,令和　５年　９月定例会（第３回）,09月06日－03号,2,https://ssp.kaigiroku.net/tenant/ube/MinuteView.html?council_id=141&schedule_id=4&is_search=true
ube,蓄便袋,令和　５年１２月定例会（第４回）,12月11日－03号,1,https://ssp.kaigiroku.net/tenant/ube/MinuteView.html?council_id=142&schedule_id=4&is_search=true
hagi,ストーマ,令和　６年　１月臨時会,01月22日－01号,8,https://ssp.kaigiroku.net/tenant/hagi/MinuteView.html?council_id=111&schedule_id=2&is_search=true
hagi,オストメイト,令和　７年　９月定例会,09月04日－02号,1,https://ssp.kaigiroku.net/tenant/hagi/MinuteView.html?council_id=121&schedule_id=3&is_search=true
hagi,オストメイト,令和　７年　６月定例会,06月09日－05号,2,
hofu,ストーマ,令和　６年　第３回定例会（　９月）,09月10日－03号,2,https://ssp.kaigiroku.net/tenant/hofu/MinuteView.html?council_id=110&schedule_id=4&is_search=true
hofu,オストメイト,令和　６年　第３回定例会（　９月）,09月10日－03号,3,https://ssp.kaigiroku.net/tenant/hofu/MinuteView.html?council_id=110&schedule_id=4&is_search=true
hofu,蓄便袋,令和　３年　第４回定例会（　９月）,09月10日－04号,1,https://ssp.kaigiroku.net/tenant/hofu/MinuteView.html?council_id=97&schedule_id=5&is_search=true
hofu,蓄尿袋,令和　３年　第４回定例会（　９月）,09月10日－04号,1,https://ssp.kaigiroku.net/tenant/hofu/MinuteView.html?council_id=97&schedule_id=5&is_search=true
kudamatsu,ストーマ,令和　６年　９月　定例会（６回）,09月10日－02号,14,https://ssp.kaigiroku.net/tenant/kudamatsu/MinuteView.html?council_id=207&schedule_id=3&is_search=true
kudamatsu,ストーマ,令和　６年　９月　定例会（６回）,09月04日－目次,1,
kudamatsu,オストメイト,令和　６年　９月　定例会（６回）,09月10日－02号,10,https://ssp.kaigiroku.net/tenant/kudamatsu/MinuteView.html?council_id=207&schedule_id=3&is_search=true
kudamatsu,オストメイト,令和　６年　９月　定例会（６回）,09月04日－目次,1,
iwakuni,ストーマ,令和　６年　第３回定例会（９月）,09月05日－02号,1,
iwakuni,オストメイト,令和　８年　第２回定例会（３月）,03月09日－04号,1,https://ssp.kaigiroku.net/tenant/iwakuni/MinuteView.html?council_id=182&schedule_id=6&is_search=true
nagato,ストーマ,令和　５年　６月定例会（第２回）,06月16日－03号,1,https://ssp.kaigiroku.net/tenant/nagato/MinuteView.html?council_id=127&schedule_id=4&is_search=true
nagato,オストメイト,令和　５年　６月定例会（第２回）,06月16日－03号,4,https://ssp.kaigiroku.net/tenant/nagato/MinuteView.html?council_id=127&schedule_id=4&is_search=true
nagato,オストメイト,令和　５年　３月定例会（第１回）,02月17日－01号,1,
yanai,ストーマ,令和　５年　第３回定例会（　９月）,09月05日－02号,1,https://ssp.kaigiroku.net/tenant/yanai/MinuteView.html?council_id=105&schedule_id=3&is_search=true
yanai,オストメイト,令和　５年　第３回定例会（　９月）,09月05日－02号,1,
shunan,ストーマ,令和　６年１２月　第５回定例会,12月05日－02号,6,https://ssp.kaigiroku.net/tenant/shunan/MinuteView.html?council_id=1740&schedule_id=3&is_search=true
shunan,ストーマ,令和　６年１２月　第５回定例会,12月03日－目次,1,
shunan,オストメイト,令和　６年１２月　第５回定例会,12月05日－02号,9,https://ssp.kaigiroku.net/tenant/shunan/MinuteView.html?council_id=1740&schedule_id=3&is_search=true
shunan,オストメイト,令和　６年１２月　第５回定例会,12月03日－目次,1,
zentsuji,ストーマ,令和　６年１２月定例会,12月09日－01号,1,https://ssp.kaigiroku.net/tenant/zentsuji/MinuteView.html?council_id=1485&schedule_id=1&is_search=true
zentsuji,ストーマ,令和　６年　６月定例会,06月25日－02号,3,https://ssp.kaigiroku.net/tenant/zentsuji/MinuteView.html?council_id=1471&schedule_id=2&is_search=true
zentsuji,オストメイト,令和　６年　６月定例会,06月25日－02号,1,https://ssp.kaigiroku.net/tenant/zentsuji/MinuteView.html?council_id=1471&schedule_id=2&is_search=true
kanonji,オストメイト,令和　７年第５回１２月定例会,12月10日－03号,1,https://ssp.kaigiroku.net/tenant/kanonji/MinuteView.html?council_id=1104&schedule_id=3&is_search=true
matsuyama,ストーマ,令和　８年　３月定例会,02月26日－02号,4,
matsuyama,ストーマ,令和　８年　３月定例会,02月17日－目次,1,
matsuyama,オストメイト,令和　８年　６月定例会,07月01日－04号,1,https://ssp.kaigiroku.net/tenant/matsuyama/MinuteView.html?council_id=1782&schedule_id=5&is_search=true
matsuyama,オストメイト,令和　８年　３月定例会,02月26日－02号,4,https://ssp.kaigiroku.net/tenant/matsuyama/MinuteView.html?council_id=1754&schedule_id=3&is_search=true
uwajima,ストーマ,令和　３年　１２月　定例会,12月10日－04号,3,https://ssp.kaigiroku.net/tenant/uwajima/MinuteView.html?council_id=82&schedule_id=5&is_search=true
uwajima,ストーマ,令和　３年　１２月　定例会,12月08日－02号,2,https://ssp.kaigiroku.net/tenant/uwajima/MinuteView.html?council_id=82&schedule_id=3&is_search=true
uwajima,オストメイト,令和　７年　　３月　定例会,03月12日－03号,1,
saijo,ストーマ,平成２９年　９月定例会,09月05日－03号,1,https://ssp.kaigiroku.net/tenant/saijo/MinuteView.html?council_id=84&schedule_id=4&is_search=true
saijo,オストメイト,令和　４年　５月１２日　総務委員会,05月12日－01号,1,
iyo,ストーマ,平成３０年第３回（　６月）定例会,06月13日－04号,3,https://ssp.kaigiroku.net/tenant/iyo/MinuteView.html?council_id=93&schedule_id=5&is_search=true
iyo,ストーマ,平成３０年第３回（　６月）定例会,06月12日－03号,1,https://ssp.kaigiroku.net/tenant/iyo/MinuteView.html?council_id=93&schedule_id=4&is_search=true
iyo,オストメイト,平成３１年第２回（　３月）定例会,03月05日－03号,3,https://ssp.kaigiroku.net/tenant/iyo/MinuteView.html?council_id=98&schedule_id=4&is_search=true
shikokuchuo,ストーマ,令和　５年　９月定例会,09月13日－03号,1,https://ssp.kaigiroku.net/tenant/shikokuchuo/MinuteView.html?council_id=114&schedule_id=4&is_search=true
shikokuchuo,オストメイト,令和　８年　３月定例会,03月11日－03号,1,https://ssp.kaigiroku.net/tenant/shikokuchuo/MinuteView.html?council_id=127&schedule_id=4&is_search=true
shikokuchuo,蓄便袋,平成１８年　９月定例会,09月13日－03号,1,https://ssp.kaigiroku.net/tenant/shikokuchuo/MinuteView.html?council_id=16&schedule_id=4&is_search=true
shikokuchuo,蓄尿袋,平成１８年　９月定例会,09月13日－03号,1,
toon,ストーマ,令和　７年　　９月　定例会（第４回）,09月25日－資料,1,
toon,ストーマ,令和　７年　　９月　定例会（第４回）,09月09日－02号,2,https://ssp.kaigiroku.net/tenant/toon/MinuteView.html?council_id=122&schedule_id=3&is_search=true
toon,オストメイト,令和　７年　　９月　定例会（第４回）,09月25日－資料,1,
toon,オストメイト,令和　７年　　９月　定例会（第４回）,09月09日－02号,4,https://ssp.kaigiroku.net/tenant/toon/MinuteView.html?council_id=122&schedule_id=3&is_search=true
prefkochi,ストーマ,平成１９年　１０月　決算特別委員会,10月15日－01号,3,https://ssp.kaigiroku.net/tenant/prefkochi/MinuteView.html?council_id=564&schedule_id=2&is_search=true
prefkochi,オストメイト,平成３１年　　３月　総務委員会,03月11日－01号,1,https://ssp.kaigiroku.net/tenant/prefkochi/MinuteView.html?council_id=1199&schedule_id=2&is_search=true
kochi,ストーマ,令和　７年第５１０回１２月定例会,12月09日－02号,1,https://ssp.kaigiroku.net/tenant/kochi/MinuteView.html?council_id=2194&schedule_id=3&is_search=true
kochi,ストーマ,令和　７年　３月１４日　予算決算常任委員会厚生分科会,03月14日－01号,1,https://ssp.kaigiroku.net/tenant/kochi/MinuteView.html?council_id=2134&schedule_id=1&is_search=true
kochi,オストメイト,令和　８年　３月２４日　予算決算常任委員会,03月24日－01号,1,https://ssp.kaigiroku.net/tenant/kochi/MinuteView.html?council_id=2241&schedule_id=1&is_search=true
tosa,オストメイト,令和　８年　　第２回定例会（６　月）,06月15日－02号,1,
ino,ストーマ,いの町議会　令和　３年第３回（　９月）定例会,09月16日－04号,1,https://ssp.kaigiroku.net/tenant/ino/MinuteView.html?council_id=133&schedule_id=4&is_search=true
ino,オストメイト,いの町議会　平成２２年第２回（　６月）定例会,06月23日－資料,1,
ino,オストメイト,いの町議会　平成２２年第２回（　６月）定例会,06月21日－03号,2,https://ssp.kaigiroku.net/tenant/ino/MinuteView.html?council_id=61&schedule_id=3&is_search=true
kitakyushu,ストーマ,令和８年　６月　定例会（第２回）,06月09日－04号,5,https://ssp.kaigiroku.net/tenant/kitakyushu/MinuteView.html?council_id=1544&schedule_id=5&is_search=true
kitakyushu,ストーマ,令和８年　６月　定例会（第２回）,06月04日－01号,3,https://ssp.kaigiroku.net/tenant/kitakyushu/MinuteView.html?council_id=1544&schedule_id=2&is_search=true
kitakyushu,オストメイト,令和８年　６月　定例会（第２回）,06月09日－04号,3,https://ssp.kaigiroku.net/tenant/kitakyushu/MinuteView.html?council_id=1544&schedule_id=5&is_search=true
kitakyushu,オストメイト,令和８年　６月　定例会（第２回）,06月04日－目次,1,
kitakyushu,オストメイト,令和８年　６月　定例会（第２回）,06月04日－01号,4,https://ssp.kaigiroku.net/tenant/kitakyushu/MinuteView.html?council_id=1544&schedule_id=2&is_search=true
kitakyushu,蓄便袋,令和８年　６月　定例会（第２回）,06月09日－04号,1,https://ssp.kaigiroku.net/tenant/kitakyushu/MinuteView.html?council_id=1544&schedule_id=5&is_search=true
kitakyushu,蓄便袋,令和８年　６月　定例会（第２回）,06月04日－01号,1,https://ssp.kaigiroku.net/tenant/kitakyushu/MinuteView.html?council_id=1544&schedule_id=2&is_search=true
kitakyushu,蓄尿袋,令和８年　６月　定例会（第２回）,06月09日－04号,1,https://ssp.kaigiroku.net/tenant/kitakyushu/MinuteView.html?council_id=1544&schedule_id=5&is_search=true
kitakyushu,蓄尿袋,令和８年　６月　定例会（第２回）,06月04日－01号,1,https://ssp.kaigiroku.net/tenant/kitakyushu/MinuteView.html?council_id=1544&schedule_id=2&is_search=true
omuta,ストーマ,平成２６年　　２月　定例会（第４７９号）,03月10日－06号,2,https://ssp.kaigiroku.net/tenant/omuta/MinuteView.html?council_id=90&schedule_id=7&is_search=true
omuta,オストメイト,平成２６年　　２月　定例会（第４７９号）,03月10日－06号,2,https://ssp.kaigiroku.net/tenant/omuta/MinuteView.html?council_id=90&schedule_id=7&is_search=true
omuta,オストメイト,平成２６年　　２月　定例会（第４７９号）,02月18日－目次,1,
chikugo,ストーマ,令和７年　６月　定例会（第12回）,06月12日－03号,6,https://ssp.kaigiroku.net/tenant/chikugo/MinuteView.html?council_id=143&schedule_id=4&is_search=true
chikugo,オストメイト,令和７年　６月　定例会（第12回）,06月12日－03号,12,https://ssp.kaigiroku.net/tenant/chikugo/MinuteView.html?council_id=143&schedule_id=4&is_search=true
chikugo,オストメイト,令和７年　６月　定例会（第12回）,06月06日－目次,1,
chikugo,蓄便袋,令和７年　６月　定例会（第12回）,06月12日－03号,1,https://ssp.kaigiroku.net/tenant/chikugo/MinuteView.html?council_id=143&schedule_id=4&is_search=true
chikugo,蓄尿袋,令和７年　６月　定例会（第12回）,06月12日－03号,1,https://ssp.kaigiroku.net/tenant/chikugo/MinuteView.html?council_id=143&schedule_id=4&is_search=true
miyakomachi,ストーマ,令和　２年第２回定例会（　６月）,06月09日－03号,1,https://ssp.kaigiroku.net/tenant/miyakomachi/MinuteView.html?council_id=51&schedule_id=4&is_search=true
miyakomachi,オストメイト,令和　元年第５回定例会（１２月）,12月16日－03号,6,https://ssp.kaigiroku.net/tenant/miyakomachi/MinuteView.html?council_id=49&schedule_id=4&is_search=true
karatsu,ストーマ,令和　７年　９月　定例会（第４回）,10月02日－10号,1,
karatsu,オストメイト,令和　４年　３月　定例会（第１回）,03月07日－03号,1,https://ssp.kaigiroku.net/tenant/karatsu/MinuteView.html?council_id=242&schedule_id=4&is_search=true
karatsu,オストメイト,令和　４年　３月　定例会（第１回）,03月04日－02号,1,https://ssp.kaigiroku.net/tenant/karatsu/MinuteView.html?council_id=242&schedule_id=3&is_search=true
tosu,ストーマ,令和４年　３月　定例会,03月09日－03号,1,https://ssp.kaigiroku.net/tenant/tosu/MinuteView.html?council_id=178&schedule_id=4&is_search=true
tosu,オストメイト,令和５年　６月　定例会,06月12日－02号,1,
taku,ストーマ,平成２０年　３月　定例会,03月13日－04号,1,https://ssp.kaigiroku.net/tenant/taku/MinuteView.html?council_id=37&schedule_id=5&is_search=true
taku,オストメイト,平成１４年　３月　定例会,03月08日－03号,5,https://ssp.kaigiroku.net/tenant/taku/MinuteView.html?council_id=1&schedule_id=4&is_search=true
taku,オストメイト,平成１４年　３月　定例会,03月04日－目次,1,
imari,ストーマ,平成２９年１２月　定例会（第４回）,12月06日－03号,1,https://ssp.kaigiroku.net/tenant/imari/MinuteView.html?council_id=90&schedule_id=4&is_search=true
imari,ストーマ,平成２９年　６月　定例会（第２回）,06月19日－04号,1,https://ssp.kaigiroku.net/tenant/imari/MinuteView.html?council_id=88&schedule_id=5&is_search=true
imari,オストメイト,令和７年　６月　定例会（第２回）,06月12日－03号,1,https://ssp.kaigiroku.net/tenant/imari/MinuteView.html?council_id=133&schedule_id=4&is_search=true
prefnagasaki,ストーマ,平成２８年　　９月　定例会,09月16日－03号,1,https://ssp.kaigiroku.net/tenant/prefnagasaki/MinuteView.html?council_id=663&schedule_id=4&is_search=true
prefnagasaki,オストメイト,令和　３年　　９月定例会　文教厚生委員会,09月29日－04号,1,https://ssp.kaigiroku.net/tenant/prefnagasaki/MinuteView.html?council_id=914&schedule_id=5&is_search=true
